player,gp,minutes,pts36,reb36,ast36,stl36,blk36,tov36,pf36,ts,three_pa36,three_p,usg,net_rating
Troy Brown Jr.,69,1782.0,14.5,7.7,3.6,1.7,0.1,1.6,2.7,0.524,3.6,0.341,0.174,-5.5
Josh Okogie,62,1547.3,12.4,6.2,2.3,1.6,0.6,2.0,3.2,0.553,3.6,0.266,0.148,-4.7
Chandler Hutchison,28,526.8,14.9,7.4,1.8,1.8,0.5,1.8,3.2,0.521,2.6,0.316,0.183,-11.9
Jacob Evans,29,418.1,11.0,3.5,2.7,0.9,1.0,2.2,3.5,0.436,3.4,0.333,0.167,-11.0
Rodions Kurucs,47,683.5,11.3,7.2,2.7,1.3,0.3,2.4,4.7,0.555,4.7,0.367,0.142,-1.4
Bruce Brown,58,1634.0,11.4,6.0,5.1,1.4,0.6,2.2,3.6,0.518,2.1,0.344,0.159,-4.3
Hamidou Diallo,46,895.6,12.8,6.7,1.4,1.5,0.4,2.1,4.1,0.491,2.3,0.281,0.173,0.9
Svi Mykhailiuk,56,1265.0,14.3,3.0,3.0,1.2,0.1,1.7,2.5,0.578,8.1,0.404,0.165,-0.6
Keita Bates-Diop,44,744.3,13.9,6.1,1.5,0.9,1.2,0.8,2.1,0.539,5.0,0.330,0.156,-10.6
