player_id,archive_player,nba_player,season,observed_through,bpm,obpm,dbpm,archive_gp,archive_minutes,nba_gp_including_zero_clock,nba_seconds,nba_last_date,zero_clock_appearances
achiupr01,Precious Achiuwa,Precious Achiuwa,2021,2021-03-25,-3.6,-2.9,-0.6,43,555,43,33316,2021-03-25,0
adamsja01,Jaylen Adams,Jaylen Adams,2021,2021-03-25,-19.8,-14.9,-5.0,7,18,7,1087,2021-02-18,0
adamsst01,Steven Adams,Steven Adams,2021,2021-03-25,-0.7,0.1,-0.8,40,1108,40,66503,2021-03-23,0
adebaba01,Bam Adebayo,Bam Adebayo,2021,2021-03-25,5.1,3.1,2.0,39,1311,39,78681,2021-03-25,0
aldrila01,LaMarcus Aldridge,LaMarcus Aldridge,2021,2021-03-25,-1.2,-0.2,-1.0,21,544,21,32649,2021-03-01,0
alexani01,Nickeil Alexander-Walker,Nickeil Alexander-Walker,2021,2021-03-25,-1.5,-1.7,0.2,35,657,35,39452,2021-03-23,0
alexaty01,Ty-Shon Alexander,Ty-Shon Alexander,2021,2021-03-25,-24.3,-18.0,-6.3,4,10,4,583,2021-03-23,0
allengr01,Grayson Allen,Grayson Allen,2021,2021-03-25,0.0,-0.3,0.4,29,715,29,42914,2021-03-24,0
allenja01,Jarrett Allen,Jarrett Allen,2021,2021-03-25,2.2,2.1,0.1,43,1226,43,73503,2021-03-24,0
aminual01,Al-Farouq Aminu,Al-Farouq Aminu,2021,2021-03-25,-3.3,-4.4,1.2,17,367,17,22003,2021-03-24,0
anderky01,Kyle Anderson,Kyle Anderson,2021,2021-03-25,2.4,1.1,1.3,39,1061,39,63650,2021-03-24,0
antetgi01,Giannis Antetokounmpo,Giannis Antetokounmpo,2021,2021-03-25,8.7,6.0,2.7,41,1400,41,83969,2021-03-24,0
antetko01,Kostas Antetokounmpo,Kostas Antetokounmpo,2021,2021-03-25,-7.3,-10.9,3.6,5,24,5,1452,2021-03-23,0
antetth01,Thanasis Antetokounmpo,Thanasis Antetokounmpo,2021,2021-03-25,-2.9,-2.7,-0.2,31,261,31,15676,2021-03-24,0
anthoca01,Carmelo Anthony,Carmelo Anthony,2021,2021-03-25,-1.7,-0.2,-1.4,43,1113,43,66776,2021-03-25,0
anthoco01,Cole Anthony,Cole Anthony,2021,2021-03-25,-4.1,-3.0,-1.1,25,667,25,40021,2021-02-09,0
anunoog01,OG Anunoby,O.G. Anunoby,2021,2021-03-25,0.8,0.1,0.8,26,863,26,51774,2021-03-24,0
arcidry01,Ryan Arcidiacono,Ryan Arcidiacono,2021,2021-03-25,-3.3,-3.3,0.0,26,296,26,17766,2021-03-24,0
arizatr01,Trevor Ariza,Trevor Ariza,2021,2021-03-25,-7.3,-6.7,-0.6,4,82,4,4926,2021-03-25,0
augusdj01,D.J. Augustin,D.J. Augustin,2021,2021-03-25,-2.4,-1.3,-1.1,40,775,40,46465,2021-03-24,0
avdijde01,Deni Avdija,Deni Avdija,2021,2021-03-25,-4.2,-3.6,-0.6,39,846,39,50787,2021-03-25,0
aytonde01,Deandre Ayton,Deandre Ayton,2021,2021-03-25,0.2,0.3,0.0,43,1312,43,78716,2021-03-24,0
azubuud01,Udoka Azubuike,Udoka Azubuike,2021,2021-03-25,-4.3,-5.5,1.2,12,49,12,2940,2021-01-29,0
bacondw01,Dwayne Bacon,Dwayne Bacon,2021,2021-03-25,-5.2,-3.8,-1.4,44,1095,44,65712,2021-03-24,0
baglema01,Marvin Bagley III,Marvin Bagley III,2021,2021-03-25,-3.5,-0.6,-2.9,37,951,37,57064,2021-03-15,0
ballla01,LaMelo Ball,LaMelo Ball,2021,2021-03-25,2.7,1.9,0.8,41,1174,41,70443,2021-03-20,0
balllo01,Lonzo Ball,Lonzo Ball,2021,2021-03-25,1.2,1.4,-0.2,38,1205,38,72308,2021-03-18,0
bambamo01,Mo Bamba,Mo Bamba,2021,2021-03-25,-1.0,-1.2,0.2,22,224,22,13464,2021-03-19,0
banede01,Desmond Bane,Desmond Bane,2021,2021-03-25,-1.4,-1.1,-0.3,37,832,37,49916,2021-03-24,0
barneha02,Harrison Barnes,Harrison Barnes,2021,2021-03-25,-0.3,1.3,-1.5,42,1512,42,90732,2021-03-25,0
barrerj01,RJ Barrett,RJ Barrett,2021,2021-03-25,-1.5,-1.1,-0.4,45,1530,45,91807,2021-03-25,0
bartowi01,Will Barton,Will Barton,2021,2021-03-25,-2.2,-0.8,-1.4,41,1261,41,75628,2021-03-24,0
bateske01,Keita Bates-Diop,Keita Bates-Diop,2021,2021-03-25,-2.0,-2.6,0.5,16,118,16,7082,2021-03-14,0
batumni01,Nicolas Batum,Nicolas Batum,2021,2021-03-25,1.3,0.7,0.6,43,1229,43,73751,2021-03-25,0
baynear01,Aron Baynes,Aron Baynes,2021,2021-03-25,-5.2,-3.7,-1.4,41,766,41,45948,2021-03-24,0
bazemke01,Kent Bazemore,Kent Bazemore,2021,2021-03-25,-1.3,-2.7,1.4,43,707,43,42399,2021-03-25,0
bazleda01,Darius Bazley,Darius Bazley,2021,2021-03-25,-4.1,-3.2,-0.9,36,1104,36,66258,2021-03-04,0
bealbr01,Bradley Beal,Bradley Beal,2021,2021-03-25,3.8,5.2,-1.5,40,1433,40,85999,2021-03-25,0
beaslma01,Malik Beasley,Malik Beasley,2021,2021-03-25,0.3,2.4,-2.1,33,1093,33,65557,2021-02-24,0
belljo01,Jordan Bell,Jordan Bell,2021,2021-03-25,-6.3,-5.1,-1.2,3,50,3,2986,2021-01-27,0
bembrde01,DeAndre' Bembry,DeAndre' Bembry,2021,2021-03-25,-2.1,-2.8,0.7,32,548,32,32901,2021-03-24,0
bertada01,Dāvis Bertāns,Davis Bertans,2021,2021-03-25,-1.6,0.0,-1.7,35,864,35,51834,2021-03-18,0
beverpa01,Patrick Beverley,Patrick Beverley,2021,2021-03-25,0.7,-0.1,0.9,29,689,29,41347,2021-03-11,0
beysa01,Saddiq Bey,Saddiq Bey,2021,2021-03-25,-0.7,0.3,-1.0,41,999,41,59941,2021-03-24,0
beyty01,Tyler Bey,Tyler Bey,2021,2021-03-25,-7.8,-5.3,-2.5,7,23,7,1371,2021-03-24,0
birchkh01,Khem Birch,Khem Birch,2021,2021-03-25,-2.0,-1.3,-0.7,43,849,43,50934,2021-03-24,0
bitadgo01,Goga Bitadze,Goga Bitadze,2021,2021-03-25,-2.5,-3.1,0.6,24,230,24,13790,2021-03-24,0
biyombi01,Bismack Biyombo,Bismack Biyombo,2021,2021-03-25,-3.1,-2.8,-0.3,41,890,41,53373,2021-03-24,0
bjeline01,Nemanja Bjelica,Nemanja Bjelica,2021,2021-03-25,-3.0,-1.3,-1.7,26,439,26,26340,2021-03-22,0
bledser01,Eric Bledsoe,Eric Bledsoe,2021,2021-03-25,-3.1,-1.4,-1.7,42,1225,42,73522,2021-03-23,0
blevike01,Keljin Blevins,Keljin Blevins,2021,2021-03-25,-14.1,-10.9,-3.2,9,47,9,2814,2021-02-22,0
bogdabo01,Bogdan Bogdanović,Bogdan Bogdanovic,2021,2021-03-25,-1.1,-0.4,-0.7,19,445,19,26696,2021-03-24,0
bogdabo02,Bojan Bogdanović,Bojan Bogdanovic,2021,2021-03-25,-1.5,-0.4,-1.1,43,1299,43,77952,2021-03-24,0
bolbo01,Bol Bol,Bol Bol,2021,2021-03-25,-2.6,-2.5,-0.1,19,102,19,6097,2021-03-24,0
boldema01,Marques Bolden,Marques Bolden,2021,2021-03-25,-2.8,-3.4,0.6,6,29,6,1718,2021-01-12,0
bonejo01,Jordan Bone,Jordan Bone,2021,2021-03-25,-4.2,-2.6,-1.6,14,196,14,11751,2021-02-02,0
bongais01,Isaac Bonga,Isaac Bonga,2021,2021-03-25,-6.1,-4.9,-1.2,28,341,28,20462,2021-03-25,0
bookede01,Devin Booker,Devin Booker,2021,2021-03-25,0.3,1.3,-1.0,39,1316,39,78972,2021-03-24,0
bouchch01,Chris Boucher,Chris Boucher,2021,2021-03-25,3.3,3.1,0.3,44,1041,44,62462,2021-03-24,0
bowenbr02,Brian Bowen,Brian Bowen II,2021,2021-03-25,-4.0,-1.2,-2.8,2,7,2,395,2021-03-15,0
bradlav01,Avery Bradley,Avery Bradley,2021,2021-03-25,-3.2,-2.7,-0.6,10,211,10,12646,2021-02-03,0
bradlto01,Tony Bradley,Tony Bradley,2021,2021-03-25,3.1,2.1,1.0,20,287,20,17249,2021-03-23,0
brantja01,Jarrell Brantley,Jarrell Brantley,2021,2021-03-25,4.4,1.6,2.8,13,35,13,2071,2021-03-24,0
brazdig01,Ignas Brazdeikis,Ignas Brazdeikis,2021,2021-03-25,-4.8,-2.9,-1.9,4,7,4,426,2021-01-17,0
bridgmi01,Mikal Bridges,Mikal Bridges,2021,2021-03-25,2.9,2.2,0.8,43,1395,43,83684,2021-03-24,0
bridgmi02,Miles Bridges,Miles Bridges,2021,2021-03-25,-1.3,-1.1,-0.1,43,1130,43,67795,2021-03-24,0
brogdma01,Malcolm Brogdon,Malcolm Brogdon,2021,2021-03-25,1.4,2.7,-1.3,41,1457,41,87388,2021-03-24,0
brookdi01,Dillon Brooks,Dillon Brooks,2021,2021-03-25,-4.5,-3.2,-1.3,38,1110,38,66615,2021-03-24,0
brownbr01,Bruce Brown,Bruce Brown,2021,2021-03-25,-1.2,-0.8,-0.4,41,861,41,51640,2021-03-24,0
brownja02,Jaylen Brown,Jaylen Brown,2021,2021-03-25,3.0,3.9,-0.8,41,1402,41,84134,2021-03-24,0
brownmo01,Moses Brown,Moses Brown,2021,2021-03-25,-1.0,-0.6,-0.5,15,248,15,14854,2021-03-24,0
brownst02,Sterling Brown,Sterling Brown,2021,2021-03-25,-2.2,-2.3,0.1,41,984,41,59029,2021-03-24,0
browntr01,Troy Brown Jr.,Troy Brown Jr.,2021,2021-03-25,-5.7,-3.7,-2.0,21,287,21,17207,2021-03-23,0
brunsja01,Jalen Brunson,Jalen Brunson,2021,2021-03-25,0.2,1.2,-1.1,38,932,38,55898,2021-03-24,0
bryanth01,Thomas Bryant,Thomas Bryant,2021,2021-03-25,0.4,2.1,-1.7,10,271,10,16251,2021-01-09,0
bullore01,Reggie Bullock,Reggie Bullock,2021,2021-03-25,-1.3,-1.8,0.5,39,1083,39,64995,2021-03-23,0
burketr01,Trey Burke,Trey Burke,2021,2021-03-25,-0.9,-0.6,-0.4,41,617,41,37032,2021-03-24,0
burksal01,Alec Burks,Alec Burks,2021,2021-03-25,0.7,0.5,0.2,33,857,33,51434,2021-03-25,0
butleji01,Jimmy Butler,Jimmy Butler,2021,2021-03-25,7.4,4.7,2.7,30,1002,30,60120,2021-03-23,0
cabocbr01,Bruno Caboclo,Bruno Caboclo,2021,2021-03-25,-10.6,-8.5,-2.1,6,36,6,2186,2021-01-12,0
cacokde01,Devontae Cacok,Devontae Cacok,2021,2021-03-25,3.4,0.4,2.9,8,44,8,2610,2021-03-23,0
caldwke01,Kentavious Caldwell-Pope,Kentavious Caldwell-Pope,2021,2021-03-25,-2.0,-2.0,0.0,41,1071,41,64237,2021-03-25,0
campafa01,Facundo Campazzo,Facundo Campazzo,2021,2021-03-25,-1.9,-2.5,0.6,38,674,38,40473,2021-03-24,0
cancavl01,Vlatko Čančar,Vlatko Cancar,2021,2021-03-25,-2.9,-3.9,1.0,24,143,24,8581,2021-03-24,0
capelca01,Clint Capela,Clint Capela,2021,2021-03-25,2.7,2.6,0.0,38,1112,38,66736,2021-03-24,0
careyve01,Vernon Carey Jr.,Vernon Carey Jr.,2021,2021-03-25,-2.0,-0.8,-1.2,7,25,7,1487,2021-03-24,0
carteje01,Jevon Carter,Jevon Carter,2021,2021-03-25,0.5,-2.0,2.5,34,322,34,19327,2021-03-23,0
cartemi01,Michael Carter-Williams,Michael Carter-Williams,2021,2021-03-25,-4.9,-4.5,-0.4,23,612,23,36693,2021-03-24,0
cartewe01,Wendell Carter Jr.,Wendell Carter Jr.,2021,2021-03-25,-1.4,-1.3,-0.1,32,792,32,47509,2021-03-24,0
carusal01,Alex Caruso,Alex Caruso,2021,2021-03-25,-0.6,-2.7,2.1,35,692,35,41500,2021-03-25,0
caulewi01,Willie Cauley-Stein,Willie Cauley-Stein,2021,2021-03-25,-1.1,-1.8,0.7,35,599,35,35937,2021-03-17,0
chiozch01,Chris Chiozza,Chris Chiozza,2021,2021-03-25,-0.3,0.1,-0.4,16,165,16,9878,2021-03-24,0
chrisma01,Marquese Chriss,Marquese Chriss,2021,2021-03-25,-3.2,-2.2,-1.0,2,27,2,1603,2020-12-25,0
clarkbr01,Brandon Clarke,Brandon Clarke,2021,2021-03-25,1.1,0.3,0.8,36,940,36,56381,2021-03-24,0
clarkga01,Gary Clark,Gary Clark,2021,2021-03-25,-4.8,-3.8,-0.9,35,637,35,38215,2021-03-23,0
clarkjo01,Jordan Clarkson,Jordan Clarkson,2021,2021-03-25,1.0,2.1,-1.1,43,1104,43,66231,2021-03-24,0
claxtni01,Nicolas Claxton,Nic Claxton,2021,2021-03-25,2.8,0.8,2.0,13,244,13,14612,2021-03-24,0
coffeam01,Amir Coffey,Amir Coffey,2021,2021-03-25,-1.5,-0.6,-0.9,28,224,28,13447,2021-03-25,0
collijo01,John Collins,John Collins,2021,2021-03-25,1.7,2.2,-0.5,44,1347,44,80829,2021-03-24,0
conlemi01,Mike Conley,Mike Conley,2021,2021-03-25,3.7,3.3,0.4,35,1034,35,62063,2021-03-24,0
connapa01,Pat Connaughton,Pat Connaughton,2021,2021-03-25,1.0,0.4,0.5,40,895,40,53735,2021-03-24,0
cookqu01,Quinn Cook,Quinn Cook,2021,2021-03-25,-1.2,-1.1,0.0,22,143,22,8568,2021-03-24,0
cookty01,Tyler Cook,Tyler Cook,2021,2021-03-25,-6.2,-5.7,-0.5,7,43,7,2583,2021-03-24,0
couside01,DeMarcus Cousins,DeMarcus Cousins,2021,2021-03-25,0.4,-1.5,1.9,25,506,25,30367,2021-02-17,0
covinro01,Robert Covington,Robert Covington,2021,2021-03-25,-0.8,-1.9,1.1,42,1358,42,81512,2021-03-25,0
craigto01,Torrey Craig,Torrey Craig,2021,2021-03-25,0.1,-1.0,1.2,21,248,21,14874,2021-03-24,0
crowdja01,Jae Crowder,Jae Crowder,2021,2021-03-25,0.9,0.2,0.6,40,1107,40,66418,2021-03-24,0
culveja01,Jarrett Culver,Jarrett Culver,2021,2021-03-25,-7.2,-5.1,-2.0,22,402,22,24120,2021-03-24,0
curryse01,Seth Curry,Seth Curry,2021,2021-03-25,-1.2,-0.1,-1.0,34,1003,34,60162,2021-03-25,0
curryst01,Stephen Curry,Stephen Curry,2021,2021-03-25,7.3,7.2,0.2,39,1316,39,78951,2021-03-17,0
darlina01,Nate Darling,Nate Darling,2021,2021-03-25,-7.6,-1.9,-5.7,2,7,2,427,2021-03-24,0
davisan02,Anthony Davis,Anthony Davis,2021,2021-03-25,6.4,4.3,2.1,23,755,23,45302,2021-02-14,0
davised01,Ed Davis,Ed Davis,2021,2021-03-25,-3.4,-3.8,0.4,19,264,19,15860,2021-02-08,0
daviste02,Terence Davis,Terence Davis,2021,2021-03-25,-3.1,-1.8,-1.3,34,493,34,29602,2021-03-24,0
derozde01,DeMar DeRozan,DeMar DeRozan,2021,2021-03-25,4.0,3.8,0.2,35,1187,35,71241,2021-03-25,0
diakima01,Mamadi Diakite,Mamadi Diakite,2021,2021-03-25,6.8,-2.7,9.4,2,9,2,549,2021-03-22,0
diallha01,Hamidou Diallo,Hamidou Diallo,2021,2021-03-25,-1.7,-2.1,0.4,32,761,32,45649,2021-02-24,0
dienggo01,Gorgui Dieng,Gorgui Dieng,2021,2021-03-25,2.6,1.7,1.0,22,371,22,22279,2021-02-28,0
dinwisp01,Spencer Dinwiddie,Spencer Dinwiddie,2021,2021-03-25,-1.4,-3.4,2.0,3,64,3,3860,2020-12-27,0
divindo01,Donte DiVincenzo,Donte DiVincenzo,2021,2021-03-25,0.1,0.0,0.2,43,1171,43,70258,2021-03-24,0
doncilu01,Luka Dončić,Luka Doncic,2021,2021-03-25,7.5,6.6,0.8,39,1373,39,82407,2021-03-24,0
dortlu01,Luguentz Dort,Luguentz Dort,2021,2021-03-25,-4.3,-3.3,-1.0,40,1187,40,71205,2021-03-24,0
dotsoda01,Damyean Dotson,Damyean Dotson,2021,2021-03-25,-4.1,-2.9,-1.3,32,602,32,36129,2021-03-24,0
dotsode01,Devon Dotson,Devon Dotson,2021,2021-03-25,-8.5,-6.2,-2.3,1,10,1,572,2021-01-01,0
doumbse01,Sekou Doumbouya,Sekou Doumbouya,2021,2021-03-25,-8.4,-6.2,-2.1,38,493,38,29574,2021-03-24,0
doziepj01,PJ Dozier,PJ Dozier,2021,2021-03-25,-1.9,-1.2,-0.7,29,588,29,35314,2021-03-24,0
dragigo01,Goran Dragić,Goran Dragic,2021,2021-03-25,-3.1,-1.3,-1.7,28,757,28,45440,2021-03-19,0
drumman01,Andre Drummond,Andre Drummond,2021,2021-03-25,-0.3,-0.5,0.2,25,722,25,43308,2021-02-12,0
dudleja01,Jared Dudley,Jared Dudley,2021,2021-03-25,-3.6,-3.8,0.2,11,76,11,4570,2021-03-03,0
duranke01,Kevin Durant,Kevin Durant,2021,2021-03-25,5.4,5.4,0.0,19,679,19,40771,2021-02-13,0
edwaran01,Anthony Edwards,Anthony Edwards,2021,2021-03-25,-4.7,-2.3,-2.4,44,1334,44,80026,2021-03-24,0
edwarca01,Carsen Edwards,Carsen Edwards,2021,2021-03-25,-3.2,-2.0,-1.2,16,163,16,9756,2021-03-17,0
ellebcj01,CJ Elleby,CJ Elleby,2021,2021-03-25,-5.6,-4.1,-1.5,14,117,14,7000,2021-03-21,0
ellenhe01,Henry Ellenson,Henry Ellenson,2021,2021-03-25,-2.1,-3.1,1.0,2,38,2,2302,2021-03-14,0
ellinwa01,Wayne Ellington,Wayne Ellington,2021,2021-03-25,0.0,1.7,-1.7,31,720,31,43204,2021-03-24,0
embiijo01,Joel Embiid,Joel Embiid,2021,2021-03-25,8.6,7.0,1.7,31,1010,31,60596,2021-03-12,0
ennisja01,James Ennis,James Ennis III,2021,2021-03-25,-1.3,-1.9,0.6,27,582,27,34922,2021-03-24,0
eubandr01,Drew Eubanks,Drew Eubanks,2021,2021-03-25,-1.9,-3.5,1.6,25,320,25,19181,2021-03-25,0
exumda01,Dante Exum,Dante Exum,2021,2021-03-25,-3.1,-4.8,1.7,6,116,6,6969,2021-01-04,0
fallta01,Tacko Fall,Tacko Fall,2021,2021-03-25,1.4,-0.6,2.0,10,68,10,4072,2021-03-21,1
favorde01,Derrick Favors,Derrick Favors,2021,2021-03-25,2.5,0.5,2.0,41,653,41,39190,2021-03-24,0
feliccr01,Cristiano Felício,Cristiano Felicio,2021,2021-03-25,3.0,1.4,1.6,7,40,7,2384,2021-03-22,0
fergute01,Terrance Ferguson,Terrance Ferguson,2021,2021-03-25,-14.8,-12.1,-2.7,13,49,13,2959,2021-03-20,0
fernabr01,Bruno Fernando,Bruno Fernando,2021,2021-03-25,-6.1,-5.5,-0.5,21,163,21,9757,2021-03-18,0
ferreyo01,Yogi Ferrell,Yogi Ferrell,2021,2021-03-25,-1.5,-1.9,0.4,2,40,2,2430,2021-01-12,0
finnedo01,Dorian Finney-Smith,Dorian Finney-Smith,2021,2021-03-25,-1.3,-1.0,-0.3,31,965,31,57879,2021-03-24,0
flynnma01,Malachi Flynn,Malachi Flynn,2021,2021-03-25,-8.7,-7.2,-1.6,19,175,19,10507,2021-03-24,0
forbebr01,Bryn Forbes,Bryn Forbes,2021,2021-03-25,-2.0,0.4,-2.4,42,789,42,47326,2021-03-22,0
forretr01,Trent Forrest,Trent Forrest,2021,2021-03-25,-4.5,-6.8,2.3,10,34,10,2015,2021-03-24,0
fournev01,Evan Fournier,Evan Fournier,2021,2021-03-25,1.3,2.1,-0.8,26,787,26,47196,2021-03-24,0
foxde01,De'Aaron Fox,De'Aaron Fox,2021,2021-03-25,1.2,2.8,-1.6,44,1528,44,91701,2021-03-25,0
fraziti01,Tim Frazier,Tim Frazier,2021,2021-03-25,-13.6,-10.9,-2.6,3,33,3,1950,2021-01-13,0
fultzma01,Markelle Fultz,Markelle Fultz,2021,2021-03-25,-4.6,-2.9,-1.7,8,215,8,12912,2021-01-06,0
gabriwe01,Wenyen Gabriel,Wenyen Gabriel,2021,2021-03-25,-15.3,-11.0,-4.3,6,20,6,1171,2021-03-23,0
gaffoda01,Daniel Gafford,Daniel Gafford,2021,2021-03-25,0.5,-0.9,1.4,31,383,31,22989,2021-03-24,0
gallida01,Danilo Gallinari,Danilo Gallinari,2021,2021-03-25,0.4,1.3,-0.9,32,751,32,45043,2021-03-24,0
gallola01,Langston Galloway,Langston Galloway,2021,2021-03-25,0.4,1.0,-0.7,31,347,31,20829,2021-03-24,0
garlada01,Darius Garland,Darius Garland,2021,2021-03-25,-2.4,-0.5,-1.9,35,1160,35,69578,2021-03-24,0
gasolma01,Marc Gasol,Marc Gasol,2021,2021-03-25,1.2,-1.7,2.9,36,718,36,43092,2021-03-25,0
gayru01,Rudy Gay,Rudy Gay,2021,2021-03-25,-0.8,-0.5,-0.3,35,757,35,45446,2021-03-25,0
georgpa01,Paul George,Paul George,2021,2021-03-25,4.0,4.6,-0.6,35,1167,35,70023,2021-03-25,0
gibsota01,Taj Gibson,Taj Gibson,2021,2021-03-25,-1.2,-2.1,0.9,18,332,18,19917,2021-03-25,0
gilesha01,Harry Giles,Harry Giles III,2021,2021-03-25,-5.1,-4.5,-0.7,23,272,23,16340,2021-03-21,0
gilgesh01,Shai Gilgeous-Alexander,Shai Gilgeous-Alexander,2021,2021-03-25,3.8,3.8,0.0,35,1180,35,70778,2021-03-22,0
gillan01,Anthony Gill,Anthony Gill,2021,2021-03-25,-4.1,-3.8,-0.3,13,72,13,4327,2021-03-23,0
goberru01,Rudy Gobert,Rudy Gobert,2021,2021-03-25,3.9,1.6,2.3,43,1328,43,79664,2021-03-24,0
goodwbr01,Brandon Goodwin,Brandon Goodwin,2021,2021-03-25,-3.9,-3.4,-0.5,27,298,27,17863,2021-03-18,0
gordoaa01,Aaron Gordon,Aaron Gordon,2021,2021-03-25,0.6,0.6,0.0,25,736,25,44138,2021-03-24,0
gordoer01,Eric Gordon,Eric Gordon,2021,2021-03-25,-0.6,0.9,-1.5,27,789,27,47323,2021-03-11,0
grahade01,Devonte' Graham,Devonte' Graham,2021,2021-03-25,-0.7,0.5,-1.2,33,990,33,59395,2021-03-24,0
grantje01,Jerami Grant,Jerami Grant,2021,2021-03-25,1.3,2.3,-1.0,40,1422,40,85326,2021-03-24,0
greenda02,Danny Green,Danny Green,2021,2021-03-25,0.8,-0.3,1.1,45,1292,45,77540,2021-03-25,0
greendr01,Draymond Green,Draymond Green,2021,2021-03-25,0.2,-2.5,2.7,38,1140,38,68418,2021-03-23,0
greenja01,JaMychal Green,JaMychal Green,2021,2021-03-25,-2.4,-0.3,-2.1,32,620,32,37226,2021-03-24,0
greenja02,Javonte Green,Javonte Green,2021,2021-03-25,-0.9,-1.7,0.8,25,345,25,20720,2021-03-22,0
greenje02,Jeff Green,Jeff Green,2021,2021-03-25,-1.8,-0.7,-1.1,41,1100,41,65978,2021-03-24,0
greenjo02,Josh Green,Josh Green,2021,2021-03-25,-6.0,-5.2,-0.9,21,228,21,13701,2021-03-24,0
griffbl01,Blake Griffin,Blake Griffin,2021,2021-03-25,-2.4,-1.6,-0.8,22,660,22,39643,2021-03-23,0
guyky01,Kyle Guy,Kyle Guy,2021,2021-03-25,-3.6,-2.3,-1.4,18,142,18,8552,2021-03-25,0
hachiru01,Rui Hachimura,Rui Hachimura,2021,2021-03-25,-2.8,-1.4,-1.4,36,1127,36,67628,2021-03-25,0
haganas01,Ashton Hagans,Ashton Hagans,2021,2021-03-25,-21.7,-13.8,-7.9,2,4,2,244,2021-01-27,0
halibty01,Tyrese Haliburton,Tyrese Haliburton,2021,2021-03-25,1.9,2.5,-0.6,39,1172,39,70341,2021-03-25,0
halljo01,Josh Hall,Josh Hall,2021,2021-03-25,-14.4,-10.6,-3.7,7,51,7,3074,2021-02-01,0
hamptrj01,R.J. Hampton,R.J. Hampton,2021,2021-03-25,-5.6,-4.5,-1.0,25,233,25,13996,2021-03-24,0
hardati02,Tim Hardaway Jr.,Tim Hardaway Jr.,2021,2021-03-25,-0.3,1.5,-1.8,41,1208,41,72510,2021-03-24,0
hardeja01,James Harden,James Harden,2021,2021-03-25,6.4,6.0,0.4,38,1444,38,86665,2021-03-23,0
harklma01,Maurice Harkless,Maurice Harkless,2021,2021-03-25,-3.0,-3.5,0.5,11,124,11,7413,2021-03-11,0
harpeja01,Jared Harper,Jared Harper,2021,2021-03-25,-19.2,-12.4,-6.8,3,7,3,429,2021-03-23,0
harremo01,Montrezl Harrell,Montrezl Harrell,2021,2021-03-25,2.9,2.6,0.4,45,1132,45,67947,2021-03-25,0
harriga01,Gary Harris,Gary Harris,2021,2021-03-25,-3.6,-2.1,-1.5,19,581,19,34886,2021-02-17,0
harrija01,Jalen Harris,Jalen Harris,2021,2021-03-25,-4.0,-5.4,1.3,4,14,4,848,2021-03-14,0
harrijo01,Joe Harris,Joe Harris,2021,2021-03-25,0.6,2.0,-1.4,45,1384,45,83029,2021-03-24,0
harrish01,Shaquille Harrison,Shaquille Harrison,2021,2021-03-25,-7.9,-6.5,-1.3,17,56,17,3345,2021-02-22,0
harrito02,Tobias Harris,Tobias Harris,2021,2021-03-25,3.7,3.1,0.6,40,1367,40,82037,2021-03-25,0
harteis01,Isaiah Hartenstein,Isaiah Hartenstein,2021,2021-03-25,-4.3,-4.2,-0.1,30,272,30,16327,2021-03-21,0
hartjo01,Josh Hart,Josh Hart,2021,2021-03-25,-0.9,-0.9,0.0,43,1216,43,72987,2021-03-23,0
hayesja02,Jaxson Hayes,Jaxson Hayes,2021,2021-03-25,0.0,-0.5,0.5,32,430,32,25774,2021-03-23,0
hayeski01,Killian Hayes,Killian Hayes,2021,2021-03-25,-13.6,-9.3,-4.2,7,148,7,8870,2021-01-04,0
haywago01,Gordon Hayward,Gordon Hayward,2021,2021-03-25,1.7,2.1,-0.4,39,1329,39,79764,2021-03-24,0
hernaju01,Juan Hernangómez,Juancho Hernangomez,2021,2021-03-25,-3.8,-1.7,-2.1,25,433,25,25953,2021-03-24,0
hernawi01,Willy Hernangómez,Willy Hernangomez,2021,2021-03-25,-0.8,1.3,-2.1,24,378,24,22693,2021-03-16,0
herroty01,Tyler Herro,Tyler Herro,2021,2021-03-25,-2.7,-1.4,-1.3,34,1083,34,64973,2021-03-25,0
hieldbu01,Buddy Hield,Buddy Hield,2021,2021-03-25,-1.6,0.3,-2.0,45,1574,45,94464,2021-03-25,0
hillge01,George Hill,George Hill,2021,2021-03-25,0.4,0.9,-0.5,14,369,14,22115,2021-01-24,0
hillso01,Solomon Hill,Solomon Hill,2021,2021-03-25,-3.3,-3.3,0.0,43,813,43,48800,2021-03-22,0
hintona01,Nate Hinton,Nate Hinton,2021,2021-03-25,-9.5,-8.1,-1.4,8,30,8,1791,2021-03-24,0
holidaa01,Aaron Holiday,Aaron Holiday,2021,2021-03-25,-5.2,-3.9,-1.2,41,738,41,44301,2021-03-22,0
holidjr01,Jrue Holiday,Jrue Holiday,2021,2021-03-25,2.8,1.9,0.9,33,1035,33,62122,2021-03-24,0
holidju01,Justin Holiday,Justin Holiday,2021,2021-03-25,0.0,0.1,-0.1,43,1387,43,83195,2021-03-24,0
holmeri01,Richaun Holmes,Richaun Holmes,2021,2021-03-25,0.7,0.8,-0.1,41,1239,41,74352,2021-03-25,0
hoodro01,Rodney Hood,Rodney Hood,2021,2021-03-25,-7.6,-5.7,-2.0,38,726,38,43585,2021-03-23,0
horfoal01,Al Horford,Al Horford,2021,2021-03-25,3.3,1.9,1.4,28,782,28,46906,2021-03-24,0
hortota01,Talen Horton-Tucker,Talen Horton-Tucker,2021,2021-03-25,-1.4,-2.8,1.4,41,753,41,45200,2021-03-25,0
houseda01,Danuel House,Danuel House Jr.,2021,2021-03-25,-2.2,-2.0,-0.2,27,755,27,45291,2021-03-24,0
howardw01,Dwight Howard,Dwight Howard,2021,2021-03-25,-3.3,-3.4,0.2,45,767,45,46040,2021-03-25,0
howarma02,Markus Howard,Markus Howard,2021,2021-03-25,-16.9,-12.1,-4.8,21,71,21,4282,2021-03-24,0
huertke01,Kevin Huerter,Kevin Huerter,2021,2021-03-25,-0.6,-0.8,0.2,44,1386,44,83134,2021-03-24,0
hugheel01,Elijah Hughes,Elijah Hughes,2021,2021-03-25,-1.3,-0.9,-0.3,8,32,8,1946,2021-03-24,0
huntede01,De'Andre Hunter,De'Andre Hunter,2021,2021-03-25,1.7,1.5,0.2,20,625,20,37494,2021-03-24,0
hutchch01,Chandler Hutchison,Chandler Hutchison,2021,2021-03-25,-10.9,-9.4,-1.5,7,64,7,3815,2021-02-05,0
ibakase01,Serge Ibaka,Serge Ibaka,2021,2021-03-25,0.4,1.0,-0.5,39,919,39,55119,2021-03-14,0
iguodan01,Andre Iguodala,Andre Iguodala,2021,2021-03-25,-0.1,-2.2,2.1,41,869,41,52180,2021-03-25,0
ilyaser01,Ersan İlyasova,Ersan Ilyasova,2021,2021-03-25,-11.6,-8.1,-3.5,2,6,2,381,2021-03-24,0
inglejo01,Joe Ingles,Joe Ingles,2021,2021-03-25,4.8,3.8,1.0,39,1044,39,62656,2021-03-24,0
ingrabr01,Brandon Ingram,Brandon Ingram,2021,2021-03-25,2.8,4.2,-1.3,43,1475,43,88518,2021-03-23,0
irvinky01,Kyrie Irving,Kyrie Irving,2021,2021-03-25,4.9,5.8,-0.9,31,1104,31,66252,2021-03-21,0
iwundwe01,Wesley Iwundu,Wes Iwundu,2021,2021-03-25,-5.1,-5.6,0.4,23,288,23,17256,2021-03-21,0
jacksfr01,Frank Jackson,Frank Jackson,2021,2021-03-25,-4.8,-3.2,-1.6,14,173,14,10401,2021-03-24,0
jacksjo02,Josh Jackson,Josh Jackson,2021,2021-03-25,-2.7,-2.2,-0.6,39,969,39,58161,2021-03-24,0
jacksju01,Justin Jackson,Justin Jackson,2021,2021-03-25,-2.9,-2.1,-0.9,30,491,30,29478,2021-03-22,0
jacksre01,Reggie Jackson,Reggie Jackson,2021,2021-03-25,-0.9,-0.2,-0.7,43,898,43,53883,2021-03-25,0
jamesju01,Justin James,Justin James,2021,2021-03-25,-6.1,-3.5,-2.6,22,143,22,8604,2021-03-25,0
jamesle01,LeBron James,LeBron James,2021,2021-03-25,7.8,6.1,1.7,41,1388,41,83305,2021-03-20,0
jeffrda01,DaQuan Jeffries,DaQuan Jeffries,2021,2021-03-25,-5.7,-3.9,-1.8,16,227,16,13642,2021-03-25,0
jeromty01,Ty Jerome,Ty Jerome,2021,2021-03-25,0.4,-0.2,0.6,12,314,12,18823,2021-03-24,0
joeis01,Isaiah Joe,Isaiah Joe,2021,2021-03-25,-3.0,-2.0,-1.0,22,253,22,15162,2021-03-20,0
johnsal02,Alize Johnson,Alize Johnson,2021,2021-03-25,14.8,8.8,6.0,1,33,1,1978,2021-03-24,0
johnsca02,Cameron Johnson,Cameron Johnson,2021,2021-03-25,0.6,0.9,-0.3,37,876,37,52547,2021-03-24,0
johnsja01,James Johnson,James Johnson,2021,2021-03-25,0.1,-2.1,2.2,29,504,29,30240,2021-03-11,0
johnske04,Keldon Johnson,Keldon Johnson,2021,2021-03-25,-1.3,-0.4,-0.8,39,1135,39,68096,2021-03-25,0
johnsst04,Stanley Johnson,Stanley Johnson,2021,2021-03-25,-2.6,-3.7,1.1,39,544,39,32657,2021-03-24,0
johnsty01,Tyler Johnson,Tyler Johnson,2021,2021-03-25,-3.4,-2.1,-1.4,26,411,26,24654,2021-03-24,0
jokicni01,Nikola Jokić,Nikola Jokic,2021,2021-03-25,12.0,9.4,2.6,44,1571,44,94263,2021-03-24,0
jonesda03,Damian Jones,Damian Jones,2021,2021-03-25,-2.7,-4.2,1.5,22,206,22,12311,2021-03-20,0
jonesde02,Derrick Jones Jr.,Derrick Jones Jr.,2021,2021-03-25,-1.6,-1.4,-0.2,40,1059,40,63567,2021-03-25,0
jonesma05,Mason Jones,Mason Jones,2021,2021-03-25,-3.0,-1.7,-1.3,26,307,26,18436,2021-03-17,0
jonestr01,Tre Jones,Tre Jones,2021,2021-03-25,-6.0,-3.1,-2.9,19,86,19,5188,2021-03-24,0
jonesty01,Tyus Jones,Tyus Jones,2021,2021-03-25,0.5,-0.3,0.8,41,823,41,49398,2021-03-24,0
jordade01,DeAndre Jordan,DeAndre Jordan,2021,2021-03-25,0.7,-0.2,0.9,43,978,43,58683,2021-03-24,0
josepco01,Cory Joseph,Cory Joseph,2021,2021-03-25,-3.7,-3.0,-0.6,44,944,44,56650,2021-03-24,0
kabenmf01,Mfiondu Kabengele,Mfiondu Kabengele,2021,2021-03-25,-10.9,-9.2,-1.7,23,94,23,5628,2021-03-20,0
kaminfr01,Frank Kaminsky,Frank Kaminsky,2021,2021-03-25,2.1,0.8,1.3,32,483,32,28957,2021-03-19,0
kanteen01,Enes Kanter,Enes Freedom,2021,2021-03-25,-0.4,1.7,-2.1,44,1179,44,70710,2021-03-25,0
kennalu01,Luke Kennard,Luke Kennard,2021,2021-03-25,-0.1,0.7,-0.8,40,778,40,46656,2021-03-25,0
klebima01,Maxi Kleber,Maxi Kleber,2021,2021-03-25,0.3,0.3,0.0,30,831,30,49891,2021-03-24,0
knighna01,Nathan Knight,Nathan Knight,2021,2021-03-25,0.1,0.4,-0.3,16,125,16,7517,2021-03-24,0
knoxke01,Kevin Knox,Kevin Knox II,2021,2021-03-25,-2.3,-1.7,-0.6,31,416,31,24959,2021-03-25,0
konchjo01,John Konchar,John Konchar,2021,2021-03-25,-0.4,-1.7,1.3,21,320,21,19176,2021-03-19,0
korkmfu01,Furkan Korkmaz,Furkan Korkmaz,2021,2021-03-25,-1.6,-1.1,-0.5,34,662,34,39738,2021-03-25,0
kornelu01,Luke Kornet,Luke Kornet,2021,2021-03-25,0.5,-0.3,0.8,13,94,13,5629,2021-03-22,0
kurucro01,Rodions Kurucs,Rodions Kurucs,2021,2021-03-25,-7.0,-8.8,1.8,16,91,16,5451,2021-02-28,0
kuzmaky01,Kyle Kuzma,Kyle Kuzma,2021,2021-03-25,-1.0,-0.2,-0.8,44,1196,44,71783,2021-03-25,0
lamban01,Anthony Lamb,Anthony Lamb,2021,2021-03-25,-10.5,-8.0,-2.5,7,108,7,6463,2021-03-24,0
lambje01,Jeremy Lamb,Jeremy Lamb,2021,2021-03-25,1.9,1.6,0.3,26,573,26,34356,2021-03-24,0
lavinza01,Zach LaVine,Zach LaVine,2021,2021-03-25,4.2,5.0,-0.8,43,1518,43,91050,2021-03-24,0
laymaja01,Jake Layman,Jake Layman,2021,2021-03-25,-2.3,-2.4,0.1,32,525,32,31527,2021-03-24,0
lecquja01,Jalen Lecque,Jalen Lecque,2021,2021-03-25,-13.1,-6.3,-6.8,4,12,4,728,2021-03-22,0
leeda03,Damion Lee,Damion Lee,2021,2021-03-25,-0.2,-0.5,0.3,44,839,44,50345,2021-03-25,0
leesa01,Saben Lee,Saben Lee,2021,2021-03-25,-1.2,-2.0,0.8,22,316,22,18982,2021-03-24,0
lenal01,Alex Len,Alex Len,2021,2021-03-25,0.2,-1.3,1.6,35,517,35,30983,2021-03-25,0
leonaka01,Kawhi Leonard,Kawhi Leonard,2021,2021-03-25,6.7,5.6,1.1,37,1274,37,76406,2021-03-24,0
leoname01,Meyers Leonard,Meyers Leonard,2021,2021-03-25,-4.4,-3.5,-0.9,3,29,3,1763,2021-01-09,0
leverca01,Caris LeVert,Caris LeVert,2021,2021-03-25,-0.2,0.4,-0.5,19,556,19,33368,2021-03-24,0
lewiski01,Kira Lewis Jr.,Kira Lewis Jr.,2021,2021-03-25,-3.3,-2.7,-0.6,28,401,28,24068,2021-03-23,0
lillada01,Damian Lillard,Damian Lillard,2021,2021-03-25,5.8,7.6,-1.8,43,1553,43,93183,2021-03-25,0
littlna01,Nassir Little,Nassir Little,2021,2021-03-25,-2.2,0.0,-2.2,28,386,28,23190,2021-03-25,0
looneke01,Kevon Looney,Kevon Looney,2021,2021-03-25,-0.1,-1.0,0.9,34,516,34,30966,2021-03-25,0
lopezbr01,Brook Lopez,Brook Lopez,2021,2021-03-25,-0.5,-0.2,-0.2,43,1174,43,70439,2021-03-24,0
lopezro01,Robin Lopez,Robin Lopez,2021,2021-03-25,-2.5,-0.7,-1.9,43,864,43,51851,2021-03-25,0
loveke01,Kevin Love,Kevin Love,2021,2021-03-25,-3.8,-2.3,-1.5,4,58,4,3485,2021-03-14,0
lowryky01,Kyle Lowry,Kyle Lowry,2021,2021-03-25,1.1,1.8,-0.7,37,1289,37,77348,2021-03-24,0
luwawti01,Timothé Luwawu-Cabarrot,Timothe Luwawu-Cabarrot,2021,2021-03-25,-3.8,-2.5,-1.2,38,738,38,44302,2021-03-24,0
lylestr01,Trey Lyles,Trey Lyles,2021,2021-03-25,-1.9,-1.2,-0.7,23,358,23,21470,2021-03-24,0
magnawi01,Will Magnay,Will Magnay,2021,2021-03-25,-39.6,-30.7,-8.9,1,3,1,196,2021-03-23,0
makerth01,Thon Maker,Thon Maker,2021,2021-03-25,1.5,0.3,1.2,8,76,8,4588,2021-01-12,0
maledth01,Théo Maledon,Theo Maledon,2021,2021-03-25,-5.1,-4.6,-0.4,38,1014,38,60812,2021-03-24,0
maneka01,Karim Mané,Karim Mane,2021,2021-03-25,-11.3,-9.4,-2.0,7,60,7,3585,2021-03-21,0
mannini01,Nico Mannion,Nico Mannion,2021,2021-03-25,-2.8,-2.8,0.0,15,212,15,12701,2021-03-25,0
mannte01,Terance Mann,Terance Mann,2021,2021-03-25,-1.6,-1.8,0.2,43,728,43,43685,2021-03-25,0
marjabo01,Boban Marjanović,Boban Marjanovic,2021,2021-03-25,-3.8,0.5,-4.3,20,151,20,9073,2021-03-21,0
markkla01,Lauri Markkanen,Lauri Markkanen,2021,2021-03-25,0.6,1.9,-1.4,23,691,23,41429,2021-03-24,0
marshna01,Naji Marshall,Naji Marshall,2021,2021-03-25,-11.0,-8.6,-2.4,6,20,6,1215,2021-03-23,0
martica02,Caleb Martin,Caleb Martin,2021,2021-03-25,-2.4,-2.2,-0.2,30,427,30,25636,2021-03-24,0
martico01,Cody Martin,Cody Martin,2021,2021-03-25,-1.8,-1.4,-0.4,31,412,31,24709,2021-03-24,0
martike03,Kelan Martin,Kelan Martin,2021,2021-03-25,-7.9,-7.2,-0.7,14,54,14,3247,2021-03-22,0
martike04,Kenyon Martin Jr.,Kenyon Martin Jr.,2021,2021-03-25,-2.1,-2.4,0.3,16,305,16,18272,2021-03-24,0
masonfr01,Frank Mason III,Frank Mason III,2021,2021-03-25,-9.2,-6.1,-3.1,4,79,4,4757,2021-02-11,0
mathega01,Garrison Mathews,Garrison Mathews,2021,2021-03-25,-0.6,-0.4,-0.2,37,665,37,39900,2021-03-25,0
mathida01,Dakota Mathias,Dakota Mathias,2021,2021-03-25,-3.6,-1.9,-1.7,8,123,8,7408,2021-01-14,0
matthwe02,Wesley Matthews,Wesley Matthews,2021,2021-03-25,-3.0,-3.3,0.3,38,771,38,46286,2021-03-25,0
maxeyty01,Tyrese Maxey,Tyrese Maxey,2021,2021-03-25,-3.2,-2.2,-1.0,39,579,39,34761,2021-03-25,0
mayssk01,Skylar Mays,Skylar Mays,2021,2021-03-25,0.8,1.4,-0.6,19,141,19,8444,2021-03-18,0
mccawpa01,Patrick McCaw,Patrick McCaw,2021,2021-03-25,1.0,-2.5,3.5,5,33,5,2002,2021-03-22,0
mccolcj01,CJ McCollum,CJ McCollum,2021,2021-03-25,4.6,6.4,-1.8,19,614,19,36855,2021-03-25,0
mccontj01,T.J. McConnell,T.J. McConnell,2021,2021-03-25,1.8,-0.3,2.1,40,1012,40,60745,2021-03-24,0
mcdanja01,Jalen McDaniels,Jalen McDaniels,2021,2021-03-25,-7.0,-4.8,-2.1,21,234,21,14049,2021-03-24,0
mcdanja02,Jaden McDaniels,Jaden McDaniels,2021,2021-03-25,-4.2,-4.2,0.0,37,742,37,44535,2021-03-24,0
mcderdo01,Doug McDermott,Doug McDermott,2021,2021-03-25,-0.6,1.4,-2.0,42,1061,42,63667,2021-03-24,0
mcderse01,Sean McDermott,Sean McDermott,2021,2021-03-25,-4.3,-2.6,-1.7,9,131,9,7888,2021-03-15,0
mcgeeja01,JaVale McGee,JaVale McGee,2021,2021-03-25,-0.8,-2.1,1.3,33,503,33,30181,2021-03-22,0
mcgruro01,Rodney McGruder,Rodney McGruder,2021,2021-03-25,-0.1,0.3,-0.5,15,178,15,10674,2021-03-15,0
mckinal01,Alfonzo McKinnie,Alfonzo McKinnie,2021,2021-03-25,-1.3,0.1,-1.4,24,126,24,7579,2021-03-25,0
mclaujo01,Jordan McLaughlin,Jordan McLaughlin,2021,2021-03-25,-2.3,-1.8,-0.5,24,467,24,27999,2021-03-03,0
mclembe01,Ben McLemore,Ben McLemore,2021,2021-03-25,-4.9,-3.6,-1.3,29,471,29,28238,2021-03-24,0
mellini01,Nicolò Melli,Nicolo Melli,2021,2021-03-25,-4.4,-4.9,0.5,22,241,22,14477,2021-03-23,0
meltode01,De'Anthony Melton,De'Anthony Melton,2021,2021-03-25,4.1,1.7,2.4,29,575,29,34482,2021-03-24,0
merrisa01,Sam Merrill,Sam Merrill,2021,2021-03-25,-1.8,-0.6,-1.2,17,97,17,5834,2021-03-24,0
metuch01,Chimezie Metu,Chimezie Metu,2021,2021-03-25,-1.1,-1.0,-0.1,13,96,13,5784,2021-03-25,0
middlkh01,Khris Middleton,Khris Middleton,2021,2021-03-25,1.8,2.4,-0.6,43,1440,43,86416,2021-03-24,0
milleda01,Darius Miller,Darius Miller,2021,2021-03-25,3.0,0.4,2.6,14,145,14,8683,2021-03-16,0
millspa01,Paul Millsap,Paul Millsap,2021,2021-03-25,0.7,0.9,-0.2,34,798,34,47873,2021-03-24,0
millspa02,Patty Mills,Patty Mills,2021,2021-03-25,0.0,1.5,-1.5,41,1052,41,63137,2021-03-25,0
miltosh01,Shake Milton,Shake Milton,2021,2021-03-25,-2.7,-1.4,-1.3,37,915,37,54900,2021-03-25,0
mitchdo01,Donovan Mitchell,Donovan Mitchell,2021,2021-03-25,2.4,3.2,-0.8,41,1389,41,83367,2021-03-24,0
mokokad01,Adam Mokoka,Adam Mokoka,2021,2021-03-25,-5.6,-5.0,-0.6,9,47,9,2801,2021-03-22,0
monkma01,Malik Monk,Malik Monk,2021,2021-03-25,-1.9,0.3,-2.2,30,647,30,38821,2021-03-24,0
mooreet01,E'Twaun Moore,E'Twaun Moore,2021,2021-03-25,-3.7,-4.4,0.7,24,348,24,20891,2021-03-13,0
moranja01,Ja Morant,Ja Morant,2021,2021-03-25,-0.7,1.4,-2.1,33,1040,33,62395,2021-03-24,0
morgaju01,Juwan Morgan,Juwan Morgan,2021,2021-03-25,-2.2,-3.9,1.7,18,78,18,4697,2021-03-24,0
morrima02,Markieff Morris,Markieff Morris,2021,2021-03-25,-2.4,-2.3,-0.1,39,707,39,42419,2021-03-25,0
morrima03,Marcus Morris,Marcus Morris Sr.,2021,2021-03-25,-0.8,0.6,-1.4,35,868,35,52077,2021-03-24,0
morrimo01,Monte Morris,Monte Morris,2021,2021-03-25,-1.2,0.0,-1.2,36,980,36,58820,2021-03-12,0
muldemy01,Mychal Mulder,Mychal Mulder,2021,2021-03-25,-2.6,-1.7,-0.9,37,381,37,22882,2021-03-25,0
murrade01,Dejounte Murray,Dejounte Murray,2021,2021-03-25,0.3,-0.5,0.8,41,1288,41,77283,2021-03-25,0
murraja01,Jamal Murray,Jamal Murray,2021,2021-03-25,1.4,2.6,-1.1,42,1487,42,89194,2021-03-24,0
muscami01,Mike Muscala,Mike Muscala,2021,2021-03-25,-0.3,0.8,-1.2,35,645,35,38727,2021-03-14,0
mykhasv01,Sviatoslav Mykhailiuk,Svi Mykhailiuk,2021,2021-03-25,-2.1,-1.5,-0.6,40,704,40,42248,2021-03-24,0
naderab01,Abdel Nader,Abdel Nader,2021,2021-03-25,-0.4,-1.2,0.8,24,355,24,21314,2021-03-21,0
nancela02,Larry Nance Jr.,Larry Nance Jr.,2021,2021-03-25,1.0,-0.9,1.9,27,889,27,53327,2021-03-24,0
nesmiaa01,Aaron Nesmith,Aaron Nesmith,2021,2021-03-25,-4.6,-3.8,-0.9,22,337,22,20192,2021-03-22,0
netora01,Raul Neto,Raul Neto,2021,2021-03-25,-1.4,-1.9,0.5,38,780,38,46819,2021-03-25,0
niangge01,Georges Niang,Georges Niang,2021,2021-03-25,-2.0,-2.0,0.0,43,584,43,35056,2021-03-24,0
nnajize01,Zeke Nnaji,Zeke Nnaji,2021,2021-03-25,-2.7,-0.7,-2.0,29,315,29,18903,2021-03-24,0
noelne01,Nerlens Noel,Nerlens Noel,2021,2021-03-25,0.6,-2.6,3.2,39,872,39,52300,2021-03-23,0
nowelja01,Jaylen Nowell,Jaylen Nowell,2021,2021-03-25,-1.5,-0.2,-1.3,30,571,30,34278,2021-03-24,0
ntilila01,Frank Ntilikina,Frank Ntilikina,2021,2021-03-25,-4.2,-5.6,1.5,17,250,17,15004,2021-03-25,0
nunnke01,Kendrick Nunn,Kendrick Nunn,2021,2021-03-25,-1.1,-1.1,0.0,37,1071,37,64274,2021-03-25,0
nurkiju01,Jusuf Nurkić,Jusuf Nurkic,2021,2021-03-25,-2.6,-2.6,0.0,12,280,12,16818,2021-01-14,0
nwabada01,David Nwaba,David Nwaba,2021,2021-03-25,-0.3,-1.3,1.0,30,679,30,40716,2021-03-14,0
nworajo01,Jordan Nwora,Jordan Nwora,2021,2021-03-25,-5.6,-4.0,-1.7,12,87,12,5242,2021-03-22,0
ojelese01,Semi Ojeleye,Semi Ojeleye,2021,2021-03-25,-2.5,-1.1,-1.4,40,765,40,45915,2021-03-24,0
okafoja01,Jahlil Okafor,Jahlil Okafor,2021,2021-03-25,-3.1,-0.6,-2.5,12,120,12,7177,2021-01-30,0
okekech01,Chuma Okeke,Chuma Okeke,2021,2021-03-25,-2.1,-2.6,0.5,28,607,28,36429,2021-03-24,0
okogijo01,Josh Okogie,Josh Okogie,2021,2021-03-25,-4.7,-4.8,0.1,36,713,36,42771,2021-03-22,0
okongon01,Onyeka Okongwu,Onyeka Okongwu,2021,2021-03-25,-2.9,-3.7,0.9,22,194,22,11653,2021-03-24,0
okorois01,Isaac Okoro,Isaac Okoro,2021,2021-03-25,-4.8,-4.5,-0.3,39,1258,39,75511,2021-03-24,0
okpalkz01,KZ Okpala,KZ Okpala,2021,2021-03-25,-6.6,-6.0,-0.6,25,322,25,19331,2021-03-19,0
oladivi01,Victor Oladipo,Victor Oladipo,2021,2021-03-25,-0.5,0.2,-0.7,29,969,29,58130,2021-03-21,0
olynyke01,Kelly Olynyk,Kelly Olynyk,2021,2021-03-25,-0.9,-1.6,0.7,43,1157,43,69408,2021-03-23,0
onealro01,Royce O'Neale,Royce O'Neale,2021,2021-03-25,0.6,-1.0,1.6,43,1386,43,83129,2021-03-24,0
onimi01,Miye Oni,Miye Oni,2021,2021-03-25,-1.6,-2.2,0.6,30,233,30,14002,2021-03-24,0
osmande01,Cedi Osman,Cedi Osman,2021,2021-03-25,-2.4,-1.6,-0.8,43,1077,43,64651,2021-03-24,0
oturuda01,Daniel Oturu,Daniel Oturu,2021,2021-03-25,-4.8,-3.6,-1.1,14,68,14,4062,2021-03-24,0
oubreke01,Kelly Oubre Jr.,Kelly Oubre Jr.,2021,2021-03-25,-2.1,-1.7,-0.4,43,1314,43,78841,2021-03-25,0
parkeja01,Jabari Parker,Jabari Parker,2021,2021-03-25,-8.8,-7.5,-1.3,3,27,3,1635,2021-03-15,0
pascher01,Eric Paschall,Eric Paschall,2021,2021-03-25,-3.3,-1.8,-1.5,37,645,37,38712,2021-03-15,0
pasecan01,Anžejs Pasečņiks,Anzejs Pasecniks,2021,2021-03-25,-47.1,-40.1,-7.1,1,6,1,379,2021-01-01,0
pattepa01,Patrick Patterson,Patrick Patterson,2021,2021-03-25,-1.5,-1.4,-0.1,17,224,17,13428,2021-03-25,0
pattoju01,Justin Patton,Justin Patton,2021,2021-03-25,-1.7,-3.6,1.9,12,242,12,14500,2021-03-24,0
paulch01,Chris Paul,Chris Paul,2021,2021-03-25,3.9,2.6,1.3,42,1331,42,79875,2021-03-24,0
payneca01,Cameron Payne,Cameron Payne,2021,2021-03-25,1.6,0.6,1.0,32,547,32,32834,2021-03-24,0
paytoel01,Elfrid Payton,Elfrid Payton,2021,2021-03-25,-3.0,-2.0,-1.0,36,998,36,59858,2021-03-25,0
pelleno01,Norvel Pelle,Norvel Pelle,2021,2021-03-25,-8.3,-7.8,-0.5,4,32,4,1891,2021-02-25,0
perryre01,Reggie Perry,Reggie Perry,2021,2021-03-25,-5.2,-4.1,-1.2,15,175,15,10509,2021-03-24,0
pinsoth01,Theo Pinson,Theo Pinson,2021,2021-03-25,-16.4,-12.9,-3.5,13,28,13,1688,2021-03-13,0
plumlma01,Mason Plumlee,Mason Plumlee,2021,2021-03-25,1.6,-0.1,1.7,41,1135,41,68070,2021-03-24,0
poeltja01,Jakob Poeltl,Jakob Poeltl,2021,2021-03-25,-0.1,-1.1,1.0,42,1024,42,61446,2021-03-25,0
poirivi01,Vincent Poirier,Vincent Poirier,2021,2021-03-25,-14.6,-11.4,-3.2,10,39,10,2348,2021-03-20,0
pokusal01,Aleksej Pokusevski,Aleksej Pokusevski,2021,2021-03-25,-6.2,-6.0,-0.2,25,546,25,32748,2021-03-24,0
poolejo01,Jordan Poole,Jordan Poole,2021,2021-03-25,2.5,3.2,-0.8,24,397,24,23798,2021-03-25,0
portejo01,Jontay Porter,Jontay Porter,2021,2021-03-25,-26.3,-16.6,-9.8,1,3,1,195,2021-03-15,0
porteke02,Kevin Porter Jr.,Kevin Porter Jr.,2021,2021-03-25,-2.0,-1.2,-0.8,7,204,7,12237,2021-03-21,0
portemi01,Michael Porter Jr.,Michael Porter Jr.,2021,2021-03-25,1.5,2.7,-1.1,34,1000,34,60025,2021-03-24,0
porteot01,Otto Porter,Otto Porter Jr.,2021,2021-03-25,-0.3,0.6,-0.9,25,540,25,32419,2021-03-24,0
portibo01,Bobby Portis,Bobby Portis,2021,2021-03-25,1.6,2.1,-0.4,43,903,43,54150,2021-03-24,0
porzikr01,Kristaps Porziņģis,Kristaps Porzingis,2021,2021-03-25,1.6,2.3,-0.7,27,818,27,49078,2021-03-24,0
poweldw01,Dwight Powell,Dwight Powell,2021,2021-03-25,-1.9,-2.5,0.6,29,425,29,25494,2021-03-24,0
powelno01,Norman Powell,Norman Powell,2021,2021-03-25,1.2,1.8,-0.6,42,1277,42,76643,2021-03-24,0
princta02,Taurean Prince,Taurean Prince,2021,2021-03-25,-2.2,-1.6,-0.6,29,620,29,37175,2021-03-03,0
pritcpa01,Payton Pritchard,Payton Pritchard,2021,2021-03-25,-2.0,-1.1,-0.9,38,750,38,45004,2021-03-24,0
quickim01,Immanuel Quickley,Immanuel Quickley,2021,2021-03-25,1.5,2.3,-0.8,40,799,40,47920,2021-03-25,0
ramseja01,Jahmi'us Ramsey,Jahmi'us Ramsey,2021,2021-03-25,-1.2,0.2,-1.4,5,17,5,1009,2021-03-13,0
randlch01,Chasson Randle,Chasson Randle,2021,2021-03-25,-4.9,-4.4,-0.6,15,307,15,18413,2021-03-24,0
randlju01,Julius Randle,Julius Randle,2021,2021-03-25,4.1,3.2,0.8,45,1668,45,100056,2021-03-25,0
reddica01,Cam Reddish,Cam Reddish,2021,2021-03-25,-3.6,-3.2,-0.4,26,750,26,45021,2021-02-21,0
redicjj01,J.J. Redick,JJ Redick,2021,2021-03-25,-3.0,-1.0,-2.0,31,576,31,34594,2021-03-03,0
reedpa01,Paul Reed,Paul Reed,2021,2021-03-25,-5.7,-4.6,-1.1,8,73,8,4368,2021-03-25,0
reidna01,Naz Reid,Naz Reid,2021,2021-03-25,-0.3,-0.3,0.1,42,826,42,49526,2021-03-24,0
richajo01,Josh Richardson,Josh Richardson,2021,2021-03-25,-1.5,-1.0,-0.5,33,1056,33,63370,2021-03-24,0
richani01,Nick Richards,Nick Richards,2021,2021-03-25,-6.6,-4.2,-2.5,11,38,11,2251,2021-03-24,0
riverau01,Austin Rivers,Austin Rivers,2021,2021-03-25,-3.0,-2.3,-0.7,21,442,21,26528,2021-02-13,0
roberan03,Andre Roberson,Andre Roberson,2021,2021-03-25,-6.2,-5.1,-1.2,5,63,5,3776,2021-03-03,0
robindu01,Duncan Robinson,Duncan Robinson,2021,2021-03-25,-2.0,-1.1,-1.0,45,1477,45,88658,2021-03-25,0
robingl02,Glenn Robinson III,Glenn Robinson III,2021,2021-03-25,-4.6,-1.9,-2.8,23,369,23,22160,2021-02-18,0
robinje01,Jerome Robinson,Jerome Robinson,2021,2021-03-25,-7.1,-5.3,-1.7,13,221,13,13243,2021-02-14,0
robinmi01,Mitchell Robinson,Mitchell Robinson,2021,2021-03-25,0.9,-0.2,1.1,30,846,30,50779,2021-03-25,0
robyis01,Isaiah Roby,Isaiah Roby,2021,2021-03-25,-1.7,-2.5,0.8,38,869,38,52127,2021-03-24,0
rondora01,Rajon Rondo,Rajon Rondo,2021,2021-03-25,-2.7,-2.8,0.1,27,402,27,24099,2021-03-22,0
rosede01,Derrick Rose,Derrick Rose,2021,2021-03-25,0.5,0.8,-0.2,25,588,25,35274,2021-02-28,0
rosste01,Terrence Ross,Terrence Ross,2021,2021-03-25,-1.9,-1.0,-0.9,36,1066,36,63933,2021-03-14,0
roziete01,Terry Rozier,Terry Rozier,2021,2021-03-25,2.2,2.9,-0.7,41,1352,41,81146,2021-03-24,0
rubiori01,Ricky Rubio,Ricky Rubio,2021,2021-03-25,-2.6,-2.1,-0.5,42,1107,42,66420,2021-03-24,0
russeda01,D'Angelo Russell,D'Angelo Russell,2021,2021-03-25,0.4,2.3,-1.8,20,583,20,34986,2021-02-08,0
sabondo01,Domantas Sabonis,Domantas Sabonis,2021,2021-03-25,3.2,2.1,1.1,43,1554,43,93264,2021-03-24,0
samanlu01,Luka Šamanić,Luka Samanic,2021,2021-03-25,-3.9,-2.7,-1.2,15,146,15,8737,2021-03-25,0
sampsja02,JaKarr Sampson,JaKarr Sampson,2021,2021-03-25,-5.0,-3.6,-1.4,15,97,15,5822,2021-03-01,0
saricda01,Dario Šarić,Dario Saric,2021,2021-03-25,-2.7,-1.9,-0.8,25,464,25,27866,2021-03-24,0
satorto01,Tomáš Satoranský,Tomas Satoransky,2021,2021-03-25,0.1,0.0,0.1,32,721,32,43283,2021-03-24,0
schrode01,Dennis Schröder,Dennis Schroder,2021,2021-03-25,-2.0,-1.8,-0.2,41,1297,41,77802,2021-03-25,0
scottmi01,Mike Scott,Mike Scott,2021,2021-03-25,-3.5,-3.6,0.1,26,444,26,26615,2021-03-25,0
sextoco01,Collin Sexton,Collin Sexton,2021,2021-03-25,-0.4,1.5,-1.8,38,1363,38,81809,2021-03-22,0
shamela01,Landry Shamet,Landry Shamet,2021,2021-03-25,-3.3,-1.7,-1.5,39,785,39,47089,2021-03-21,0
shumpim01,Iman Shumpert,Iman Shumpert,2021,2021-03-25,-13.0,-10.2,-2.7,2,11,2,659,2021-02-27,0
siakapa01,Pascal Siakam,Pascal Siakam,2021,2021-03-25,0.4,0.7,-0.3,35,1234,35,74041,2021-03-24,0
silvach01,Chris Silva,Chris Silva,2021,2021-03-25,-3.8,-5.0,1.2,11,83,11,4975,2021-03-19,0
simmobe01,Ben Simmons,Ben Simmons,2021,2021-03-25,2.9,1.2,1.8,37,1267,37,76005,2021-03-25,0
simonan01,Anfernee Simons,Anfernee Simons,2021,2021-03-25,-2.3,0.1,-2.4,37,617,37,37038,2021-03-25,0
sirvyde01,Deividas Sirvydis,Deividas Sirvydis,2021,2021-03-25,-16.7,-15.2,-1.5,7,12,7,714,2021-03-19,0
smailal01,Alen Smailagić,Alen Smailagic,2021,2021-03-25,-18.0,-12.7,-5.3,4,15,4,924,2021-03-25,0
smartma01,Marcus Smart,Marcus Smart,2021,2021-03-25,-0.4,-0.3,-0.2,25,786,25,47165,2021-03-24,0
smithde03,Dennis Smith Jr.,Dennis Smith Jr.,2021,2021-03-25,0.8,-1.1,1.8,19,349,19,20948,2021-03-24,0
smithis01,Ish Smith,Ish Smith,2021,2021-03-25,-2.5,-2.2,-0.3,19,391,19,23451,2021-02-12,0
smithja04,Jalen Smith,Jalen Smith,2021,2021-03-25,-5.7,-4.3,-1.4,15,66,15,3966,2021-03-23,0
snellto01,Tony Snell,Tony Snell,2021,2021-03-25,-0.2,0.1,-0.3,31,613,31,36796,2021-03-24,0
spaldra01,Ray Spalding,Ray Spalding,2021,2021-03-25,-10.4,-8.9,-1.4,2,19,2,1124,2021-02-15,0
stanlca01,Cassius Stanley,Cassius Stanley,2021,2021-03-25,-12.2,-8.2,-4.1,11,31,11,1890,2021-03-22,0
stevela01,Lamar Stevens,Lamar Stevens,2021,2021-03-25,-3.9,-4.0,0.1,29,389,29,23354,2021-03-24,0
stewais01,Isaiah Stewart,Isaiah Stewart,2021,2021-03-25,-1.4,-1.8,0.4,41,783,41,46976,2021-03-24,0
strusma01,Max Strus,Max Strus,2021,2021-03-25,-0.8,0.8,-1.6,23,321,23,19235,2021-03-25,0
sumneed01,Edmond Sumner,Edmond Sumner,2021,2021-03-25,-3.1,-2.7,-0.4,30,358,30,21485,2021-03-24,0
tateja01,Jae'Sean Tate,Jae'Sean Tate,2021,2021-03-25,-1.3,-1.8,0.5,43,1212,43,72734,2021-03-24,0
tatumja01,Jayson Tatum,Jayson Tatum,2021,2021-03-25,3.0,3.5,-0.5,38,1351,38,81046,2021-03-24,0
teaguje01,Jeff Teague,Jeff Teague,2021,2021-03-25,-2.5,-2.4,-0.2,34,616,34,36976,2021-03-24,0
templga01,Garrett Temple,Garrett Temple,2021,2021-03-25,-3.1,-2.9,-0.1,35,977,35,58647,2021-03-12,0
terryty01,Tyrell Terry,Tyrell Terry,2021,2021-03-25,-5.5,-7.7,2.2,11,56,11,3378,2021-01-29,0
theisda01,Daniel Theis,Daniel Theis,2021,2021-03-25,0.2,-0.5,0.7,42,1027,42,61612,2021-03-24,0
thomabr01,Brodric Thomas,Brodric Thomas,2021,2021-03-25,1.2,0.3,1.0,9,63,9,3765,2021-03-24,0
thomama02,Matt Thomas,Matt Thomas,2021,2021-03-25,-4.7,-2.2,-2.5,26,192,26,11536,2021-03-24,0
thomptr01,Tristan Thompson,Tristan Thompson,2021,2021-03-25,-2.3,-0.6,-1.6,36,811,36,48650,2021-03-14,0
thornsi01,Sindarius Thornwell,Sindarius Thornwell,2021,2021-03-25,-5.9,-6.1,0.1,14,73,14,4399,2021-03-14,0
thybuma01,Matisse Thybulle,Matisse Thybulle,2021,2021-03-25,1.7,-2.7,4.5,42,790,42,47418,2021-03-25,0
tilliki02,Killian Tillie,Killian Tillie,2021,2021-03-25,-6.2,-5.6,-0.5,4,30,4,1803,2021-03-19,0
tillmxa01,Xavier Tillman Sr.,Xavier Tillman,2021,2021-03-25,-0.9,-1.9,1.0,32,612,32,36722,2021-03-19,0
toppiob01,Obi Toppin,Obi Toppin,2021,2021-03-25,-2.7,-2.7,0.0,35,416,35,24962,2021-03-25,0
toscaju01,Juan Toscano-Anderson,Juan Toscano-Anderson,2021,2021-03-25,-0.1,-1.8,1.7,30,581,30,34849,2021-03-25,0
toupaax01,Axel Toupane,Axel Toupane,2021,2021-03-25,13.6,-1.1,14.7,1,3,1,201,2021-03-22,0
townska01,Karl-Anthony Towns,Karl-Anthony Towns,2021,2021-03-25,3.9,3.3,0.6,24,806,24,48330,2021-03-24,0
trentga02,Gary Trent Jr.,Gary Trent Jr.,2021,2021-03-25,-2.4,0.0,-2.4,41,1262,41,75719,2021-03-23,0
tuckepj01,P.J. Tucker,P.J. Tucker,2021,2021-03-25,-4.7,-5.0,0.3,35,1003,35,60147,2021-03-24,0
tuckera01,Rayjon Tucker,Rayjon Tucker,2021,2021-03-25,13.1,7.0,6.1,1,3,1,208,2021-03-20,0
turnemy01,Myles Turner,Myles Turner,2021,2021-03-25,0.9,-0.9,1.8,40,1234,40,74071,2021-03-24,0
valanjo01,Jonas Valančiūnas,Jonas Valanciunas,2021,2021-03-25,0.9,1.7,-0.8,36,995,36,59691,2021-03-24,0
valende01,Denzel Valentine,Denzel Valentine,2021,2021-03-25,-2.4,-1.8,-0.7,39,719,39,43168,2021-03-24,0
vandeja01,Jarred Vanderbilt,Jarred Vanderbilt,2021,2021-03-25,-0.7,-2.0,1.2,42,766,42,45973,2021-03-24,0
vanvlfr01,Fred VanVleet,Fred VanVleet,2021,2021-03-25,2.5,2.5,0.0,39,1434,39,86046,2021-03-24,0
vassede01,Devin Vassell,Devin Vassell,2021,2021-03-25,-0.2,-1.8,1.6,35,611,35,36668,2021-03-25,0
vincega01,Gabe Vincent,Gabe Vincent,2021,2021-03-25,-5.0,-4.1,-0.9,30,445,30,26678,2021-03-25,0
vonleno01,Noah Vonleh,Noah Vonleh,2021,2021-03-25,-29.9,-20.9,-8.9,4,11,4,646,2021-02-18,0
vucevni01,Nikola Vučević,Nikola Vucevic,2021,2021-03-25,5.6,5.5,0.1,44,1500,44,90025,2021-03-24,0
wadede01,Dean Wade,Dean Wade,2021,2021-03-25,-0.5,-0.4,-0.1,36,468,36,28076,2021-03-24,0
wagnemo01,Moritz Wagner,Moritz Wagner,2021,2021-03-25,-0.2,-1.1,0.9,25,375,25,22523,2021-03-23,0
walkeke02,Kemba Walker,Kemba Walker,2021,2021-03-25,0.9,1.7,-0.8,26,798,26,47875,2021-03-24,0
walkelo01,Lonnie Walker,Lonnie Walker IV,2021,2021-03-25,-3.7,-2.2,-1.4,37,968,37,58055,2021-03-22,0
walljo01,John Wall,John Wall,2021,2021-03-25,0.0,1.7,-1.7,29,922,29,55311,2021-03-24,0
wanambr01,Brad Wanamaker,Brad Wanamaker,2021,2021-03-25,-4.4,-4.7,0.3,39,625,39,37509,2021-03-20,0
warretj01,T.J. Warren,T.J. Warren,2021,2021-03-25,-5.5,-3.0,-2.5,4,117,4,7043,2020-12-29,0
washipj01,P.J. Washington,P.J. Washington,2021,2021-03-25,-0.8,-1.3,0.5,39,1156,39,69367,2021-03-24,0
watanyu01,Yuta Watanabe,Yuta Watanabe,2021,2021-03-25,-2.8,-2.8,0.0,27,307,27,18391,2021-03-24,0
watertr01,Tremont Waters,Tremont Waters,2021,2021-03-25,-1.4,-0.6,-0.8,11,98,11,5897,2021-03-22,0
watsopa01,Paul Watson,Paul Watson,2021,2021-03-25,-3.0,-2.3,-0.8,24,234,24,14048,2021-03-24,0
weathqu01,Quinndary Weatherspoon,Quinndary Weatherspoon,2021,2021-03-25,-12.5,-12.6,0.1,9,44,9,2662,2021-03-24,0
westbru01,Russell Westbrook,Russell Westbrook,2021,2021-03-25,1.0,1.3,-0.3,36,1254,36,75239,2021-03-25,0
whiteco01,Coby White,Coby White,2021,2021-03-25,-3.5,-1.6,-1.9,43,1362,43,81724,2021-03-24,0
whitede01,Derrick White,Derrick White,2021,2021-03-25,-0.8,-0.8,0.0,18,491,18,29462,2021-03-25,0
whiteha01,Hassan Whiteside,Hassan Whiteside,2021,2021-03-25,-1.8,-1.6,-0.2,28,416,28,24960,2021-03-24,0
whittgr01,Greg Whittington,Greg Whittington,2021,2021-03-25,-17.5,-11.4,-6.1,4,12,4,721,2021-03-15,0
wiggian01,Andrew Wiggins,Andrew Wiggins,2021,2021-03-25,-1.3,-0.5,-0.8,45,1451,45,87063,2021-03-25,0
willigr01,Grant Williams,Grant Williams,2021,2021-03-25,-3.5,-3.2,-0.2,36,657,36,39428,2021-03-24,0
willike04,Kenrich Williams,Kenrich Williams,2021,2021-03-25,0.3,-0.8,1.0,44,861,44,51684,2021-03-24,0
willilo02,Lou Williams,Lou Williams,2021,2021-03-25,-1.9,-0.5,-1.4,42,918,42,55069,2021-03-24,0
willipa01,Patrick Williams,Patrick Williams,2021,2021-03-25,-3.5,-3.0,-0.4,42,1193,42,71570,2021-03-24,0
williro04,Robert Williams,Robert Williams III,2021,2021-03-25,6.2,3.1,3.1,37,636,37,38167,2021-03-24,0
willizi01,Zion Williamson,Zion Williamson,2021,2021-03-25,4.7,5.2,-0.5,41,1339,41,80329,2021-03-23,0
wilsodj01,D.J. Wilson,D.J. Wilson,2021,2021-03-25,-5.6,-4.0,-1.6,16,156,16,9323,2021-03-24,0
windldy01,Dylan Windler,Dylan Windler,2021,2021-03-25,-1.6,-1.6,0.1,30,507,30,30396,2021-03-24,0
winslju01,Justise Winslow,Justise Winslow,2021,2021-03-25,-6.5,-6.4,-0.1,14,299,14,17955,2021-03-24,0
winstca01,Cassius Winston,Cassius Winston,2021,2021-03-25,-0.5,0.6,-1.2,9,56,9,3379,2021-03-23,0
wisemja01,James Wiseman,James Wiseman,2021,2021-03-25,-5.3,-4.0,-1.3,31,659,31,39547,2021-03-25,0
woodaro01,Robert Woodard,Robert Woodard II,2021,2021-03-25,-7.7,-0.4,-7.3,8,22,8,1294,2021-03-25,0
woodch01,Christian Wood,Christian Wood,2021,2021-03-25,3.0,2.9,0.1,22,678,22,40671,2021-03-24,0
wrighde01,Delon Wright,Delon Wright,2021,2021-03-25,2.8,1.1,1.8,36,1052,36,63128,2021-03-24,0
youngth01,Thaddeus Young,Thaddeus Young,2021,2021-03-25,3.8,1.9,1.9,39,974,39,58447,2021-03-24,0
youngtr01,Trae Young,Trae Young,2021,2021-03-25,4.1,5.7,-1.6,42,1445,42,86722,2021-03-24,0
zelleco01,Cody Zeller,Cody Zeller,2021,2021-03-25,-0.4,-0.3,-0.1,24,534,24,32045,2021-03-24,0
zubaciv01,Ivica Zubac,Ivica Zubac,2021,2021-03-25,1.0,1.0,0.0,46,964,46,57824,2021-03-25,0
