event_id,game_id,date,team,player,seconds,start,pts,plus_minus,comment
CHI_2020_21_G001,0022000015,2020-12-23,ATL,Bogdan Bogdanovic,1496,0,15,0,
CHI_2020_21_G001,0022000015,2020-12-23,ATL,Brandon Goodwin,794,0,3,-16,
CHI_2020_21_G001,0022000015,2020-12-23,ATL,Bruno Fernando,1088,0,5,-1,
CHI_2020_21_G001,0022000015,2020-12-23,ATL,Cam Reddish,1426,1,15,27,
CHI_2020_21_G001,0022000015,2020-12-23,ATL,Danilo Gallinari,1466,1,13,31,
CHI_2020_21_G001,0022000015,2020-12-23,ATL,De'Andre Hunter,1554,1,11,40,
CHI_2020_21_G001,0022000015,2020-12-23,ATL,John Collins,1083,1,14,21,
CHI_2020_21_G001,0022000015,2020-12-23,ATL,Kevin Huerter,1623,0,11,0,
CHI_2020_21_G001,0022000015,2020-12-23,ATL,Nathan Knight,304,0,0,-12,
CHI_2020_21_G001,0022000015,2020-12-23,ATL,Skylar Mays,304,0,0,-12,
CHI_2020_21_G001,0022000015,2020-12-23,ATL,Solomon Hill,1704,0,0,-8,
CHI_2020_21_G001,0022000015,2020-12-23,ATL,Trae Young,1558,1,37,30,
CHI_2020_21_G001,0022000015,2020-12-23,CHI,Adam Mokoka,1007,0,4,6,
CHI_2020_21_G001,0022000015,2020-12-23,CHI,Chandler Hutchison,1115,0,2,4,
CHI_2020_21_G001,0022000015,2020-12-23,CHI,Coby White,1828,1,9,-13,
CHI_2020_21_G001,0022000015,2020-12-23,CHI,Cristiano Felicio,0,0,0,0,DNP - Coach's Decision
CHI_2020_21_G001,0022000015,2020-12-23,CHI,Daniel Gafford,1014,0,5,2,
CHI_2020_21_G001,0022000015,2020-12-23,CHI,Denzel Valentine,0,0,0,0,DNP - Coach's Decision
CHI_2020_21_G001,0022000015,2020-12-23,CHI,Garrett Temple,0,0,0,0,DNP - Coach's Decision
CHI_2020_21_G001,0022000015,2020-12-23,CHI,Lauri Markkanen,1812,1,21,-34,
CHI_2020_21_G001,0022000015,2020-12-23,CHI,Luke Kornet,0,0,0,0,DNP - Coach's Decision
CHI_2020_21_G001,0022000015,2020-12-23,CHI,Otto Porter Jr.,1402,0,14,-9,
CHI_2020_21_G001,0022000015,2020-12-23,CHI,Patrick Williams,1983,1,16,-23,
CHI_2020_21_G001,0022000015,2020-12-23,CHI,Ryan Arcidiacono,1175,0,5,6,
CHI_2020_21_G001,0022000015,2020-12-23,CHI,Tomas Satoransky,0,0,0,0,DNP - Coach's Decision
CHI_2020_21_G001,0022000015,2020-12-23,CHI,Wendell Carter Jr.,1546,1,6,-13,
CHI_2020_21_G001,0022000015,2020-12-23,CHI,Zach LaVine,1518,1,22,-26,
CHI_2020_21_G002,0022000026,2020-12-26,CHI,Adam Mokoka,299,0,0,-2,
CHI_2020_21_G002,0022000026,2020-12-26,CHI,Chandler Hutchison,451,0,2,2,
CHI_2020_21_G002,0022000026,2020-12-26,CHI,Coby White,1497,1,12,-16,
CHI_2020_21_G002,0022000026,2020-12-26,CHI,Cristiano Felicio,0,0,0,0,DNP - Coach's Decision
CHI_2020_21_G002,0022000026,2020-12-26,CHI,Daniel Gafford,717,0,3,-3,
CHI_2020_21_G002,0022000026,2020-12-26,CHI,Denzel Valentine,774,0,11,-10,
CHI_2020_21_G002,0022000026,2020-12-26,CHI,Garrett Temple,1191,0,6,7,
CHI_2020_21_G002,0022000026,2020-12-26,CHI,Lauri Markkanen,1629,1,16,-15,
CHI_2020_21_G002,0022000026,2020-12-26,CHI,Luke Kornet,0,0,0,0,DNP - Coach's Decision
CHI_2020_21_G002,0022000026,2020-12-26,CHI,Otto Porter Jr.,1147,0,10,-6,
CHI_2020_21_G002,0022000026,2020-12-26,CHI,Patrick Williams,1324,1,9,-14,
CHI_2020_21_G002,0022000026,2020-12-26,CHI,Ryan Arcidiacono,506,0,5,3,
CHI_2020_21_G002,0022000026,2020-12-26,CHI,Tomas Satoransky,1494,0,6,-1,
CHI_2020_21_G002,0022000026,2020-12-26,CHI,Wendell Carter Jr.,1641,1,9,-20,
CHI_2020_21_G002,0022000026,2020-12-26,CHI,Zach LaVine,1730,1,17,-20,
CHI_2020_21_G002,0022000026,2020-12-26,IND,Aaron Holiday,1136,0,6,7,
CHI_2020_21_G002,0022000026,2020-12-26,IND,Cassius Stanley,125,0,2,3,
CHI_2020_21_G002,0022000026,2020-12-26,IND,Domantas Sabonis,2036,1,22,16,
CHI_2020_21_G002,0022000026,2020-12-26,IND,Doug McDermott,1328,0,12,6,
CHI_2020_21_G002,0022000026,2020-12-26,IND,JaKarr Sampson,125,0,0,3,
CHI_2020_21_G002,0022000026,2020-12-26,IND,Jalen Lecque,125,0,0,3,
CHI_2020_21_G002,0022000026,2020-12-26,IND,Justin Holiday,1885,0,5,3,
CHI_2020_21_G002,0022000026,2020-12-26,IND,Kelan Martin,125,0,2,3,
CHI_2020_21_G002,0022000026,2020-12-26,IND,Malcolm Brogdon,1732,1,18,8,
CHI_2020_21_G002,0022000026,2020-12-26,IND,Myles Turner,1513,1,9,15,
CHI_2020_21_G002,0022000026,2020-12-26,IND,T.J. McConnell,1148,0,4,11,
CHI_2020_21_G002,0022000026,2020-12-26,IND,T.J. Warren,1619,1,23,9,
CHI_2020_21_G002,0022000026,2020-12-26,IND,Victor Oladipo,1503,1,22,8,
CHI_2020_21_G003,0022000038,2020-12-27,CHI,Adam Mokoka,0,0,0,0,DNP - Coach's Decision
CHI_2020_21_G003,0022000038,2020-12-27,CHI,Chandler Hutchison,1167,0,7,4,
CHI_2020_21_G003,0022000038,2020-12-27,CHI,Coby White,2138,1,20,-7,
CHI_2020_21_G003,0022000038,2020-12-27,CHI,Cristiano Felicio,0,0,0,0,DNP - Coach's Decision
CHI_2020_21_G003,0022000038,2020-12-27,CHI,Daniel Gafford,0,0,0,0,DNP - Coach's Decision
CHI_2020_21_G003,0022000038,2020-12-27,CHI,Denzel Valentine,0,0,0,0,DNP - Coach's Decision
CHI_2020_21_G003,0022000038,2020-12-27,CHI,Garrett Temple,1168,0,2,-7,
CHI_2020_21_G003,0022000038,2020-12-27,CHI,Lauri Markkanen,1755,1,23,13,
CHI_2020_21_G003,0022000038,2020-12-27,CHI,Luke Kornet,0,0,0,0,DNP - Coach's Decision
CHI_2020_21_G003,0022000038,2020-12-27,CHI,Otto Porter Jr.,1245,0,12,-2,
CHI_2020_21_G003,0022000038,2020-12-27,CHI,Patrick Williams,1581,1,6,6,
CHI_2020_21_G003,0022000038,2020-12-27,CHI,Ryan Arcidiacono,0,0,0,0,DNP - Coach's Decision
CHI_2020_21_G003,0022000038,2020-12-27,CHI,Tomas Satoransky,1370,0,3,-3,
CHI_2020_21_G003,0022000038,2020-12-27,CHI,Wendell Carter Jr.,1888,1,22,-4,
CHI_2020_21_G003,0022000038,2020-12-27,CHI,Zach LaVine,2088,1,33,-5,
CHI_2020_21_G003,0022000038,2020-12-27,GSW,Andrew Wiggins,2186,1,19,2,
CHI_2020_21_G003,0022000038,2020-12-27,GSW,Brad Wanamaker,864,0,2,-3,
CHI_2020_21_G003,0022000038,2020-12-27,GSW,Damion Lee,1237,0,12,11,
CHI_2020_21_G003,0022000038,2020-12-27,GSW,Eric Paschall,1147,0,15,-13,
CHI_2020_21_G003,0022000038,2020-12-27,GSW,James Wiseman,1357,1,7,-4,
CHI_2020_21_G003,0022000038,2020-12-27,GSW,Jordan Poole,805,0,10,-10,
CHI_2020_21_G003,0022000038,2020-12-27,GSW,Juan Toscano-Anderson,1153,1,5,-2,
CHI_2020_21_G003,0022000038,2020-12-27,GSW,Kelly Oubre Jr.,1818,1,8,9,
CHI_2020_21_G003,0022000038,2020-12-27,GSW,Kent Bazemore,0,0,0,0,DNP - Coach's Decision
CHI_2020_21_G003,0022000038,2020-12-27,GSW,Kevon Looney,1013,0,8,12,
CHI_2020_21_G003,0022000038,2020-12-27,GSW,Mychal Mulder,634,0,7,0,
CHI_2020_21_G003,0022000038,2020-12-27,GSW,Stephen Curry,2186,1,36,3,
CHI_2020_21_G004,0022000050,2020-12-29,CHI,Chandler Hutchison,385,0,2,-2,
CHI_2020_21_G004,0022000050,2020-12-29,CHI,Coby White,2217,1,18,10,
CHI_2020_21_G004,0022000050,2020-12-29,CHI,Cristiano Felicio,0,0,0,0,DNP - Coach's Decision
CHI_2020_21_G004,0022000050,2020-12-29,CHI,Daniel Gafford,391,0,3,-1,
CHI_2020_21_G004,0022000050,2020-12-29,CHI,Denzel Valentine,0,0,0,0,DNP - Coach's Decision
CHI_2020_21_G004,0022000050,2020-12-29,CHI,Garrett Temple,1716,0,12,14,
CHI_2020_21_G004,0022000050,2020-12-29,CHI,Lauri Markkanen,1155,1,9,-2,
CHI_2020_21_G004,0022000050,2020-12-29,CHI,Luke Kornet,0,0,0,0,DNP - Coach's Decision
CHI_2020_21_G004,0022000050,2020-12-29,CHI,Otto Porter Jr.,1761,0,16,-3,
CHI_2020_21_G004,0022000050,2020-12-29,CHI,Patrick Williams,1221,1,12,1,
CHI_2020_21_G004,0022000050,2020-12-29,CHI,Ryan Arcidiacono,0,0,0,0,DNP - Coach's Decision
CHI_2020_21_G004,0022000050,2020-12-29,CHI,Thaddeus Young,0,0,0,0,DNP - Coach's Decision
CHI_2020_21_G004,0022000050,2020-12-29,CHI,Tomas Satoransky,1206,0,10,-2,
CHI_2020_21_G004,0022000050,2020-12-29,CHI,Wendell Carter Jr.,2051,1,10,14,
CHI_2020_21_G004,0022000050,2020-12-29,CHI,Zach LaVine,2297,1,23,11,
CHI_2020_21_G004,0022000050,2020-12-29,WAS,Anthony Gill,206,0,3,-1,
CHI_2020_21_G004,0022000050,2020-12-29,WAS,Anzejs Pasecniks,0,0,0,0,DNP - Coach's Decision
CHI_2020_21_G004,0022000050,2020-12-29,WAS,Bradley Beal,2191,1,29,-12,
CHI_2020_21_G004,0022000050,2020-12-29,WAS,Davis Bertans,1576,0,20,6,
CHI_2020_21_G004,0022000050,2020-12-29,WAS,Deni Avdija,1579,1,9,-5,
CHI_2020_21_G004,0022000050,2020-12-29,WAS,Garrison Mathews,26,0,0,3,
CHI_2020_21_G004,0022000050,2020-12-29,WAS,Isaac Bonga,950,1,0,-4,
CHI_2020_21_G004,0022000050,2020-12-29,WAS,Ish Smith,1275,0,4,-10,
CHI_2020_21_G004,0022000050,2020-12-29,WAS,Jerome Robinson,0,0,0,0,DNP - Coach's Decision
CHI_2020_21_G004,0022000050,2020-12-29,WAS,Moritz Wagner,0,0,0,0,DNP - Coach's Decision
CHI_2020_21_G004,0022000050,2020-12-29,WAS,Raul Neto,884,0,2,-11,
CHI_2020_21_G004,0022000050,2020-12-29,WAS,Robin Lopez,813,0,6,0,
CHI_2020_21_G004,0022000050,2020-12-29,WAS,Russell Westbrook,2263,1,21,3,
CHI_2020_21_G004,0022000050,2020-12-29,WAS,Thomas Bryant,2012,1,13,-11,
CHI_2020_21_G004,0022000050,2020-12-29,WAS,Troy Brown Jr.,626,0,0,2,
CHI_2020_21_G005,0022000063,2020-12-31,CHI,Adam Mokoka,0,0,0,0,DNP - Coach's Decision
CHI_2020_21_G005,0022000063,2020-12-31,CHI,Coby White,2410,1,16,14,
CHI_2020_21_G005,0022000063,2020-12-31,CHI,Cristiano Felicio,0,0,0,0,DNP - Coach's Decision
CHI_2020_21_G005,0022000063,2020-12-31,CHI,Daniel Gafford,1336,0,15,23,
CHI_2020_21_G005,0022000063,2020-12-31,CHI,Denzel Valentine,899,0,3,4,
CHI_2020_21_G005,0022000063,2020-12-31,CHI,Devon Dotson,0,0,0,0,DNP - Coach's Decision
CHI_2020_21_G005,0022000063,2020-12-31,CHI,Garrett Temple,1704,0,8,-3,
CHI_2020_21_G005,0022000063,2020-12-31,CHI,Luke Kornet,0,0,0,0,DNP - Coach's Decision
CHI_2020_21_G005,0022000063,2020-12-31,CHI,Otto Porter Jr.,1855,1,28,0,
CHI_2020_21_G005,0022000063,2020-12-31,CHI,Patrick Williams,1104,1,10,-15,
CHI_2020_21_G005,0022000063,2020-12-31,CHI,Thaddeus Young,1622,0,15,19,
CHI_2020_21_G005,0022000063,2020-12-31,CHI,Wendell Carter Jr.,1378,1,16,-24,
CHI_2020_21_G005,0022000063,2020-12-31,CHI,Zach LaVine,2093,1,22,-3,
CHI_2020_21_G005,0022000063,2020-12-31,WAS,Anthony Gill,0,0,0,0,DNP - Coach's Decision
CHI_2020_21_G005,0022000063,2020-12-31,WAS,Bradley Beal,2093,1,28,3,
CHI_2020_21_G005,0022000063,2020-12-31,WAS,Davis Bertans,1289,0,3,-18,
CHI_2020_21_G005,0022000063,2020-12-31,WAS,Deni Avdija,1472,1,6,5,
CHI_2020_21_G005,0022000063,2020-12-31,WAS,Garrison Mathews,0,0,0,0,DNP - Coach's Decision
CHI_2020_21_G005,0022000063,2020-12-31,WAS,Isaac Bonga,0,0,0,0,DNP - Coach's Decision
CHI_2020_21_G005,0022000063,2020-12-31,WAS,Ish Smith,476,0,0,-6,
CHI_2020_21_G005,0022000063,2020-12-31,WAS,Jerome Robinson,0,0,0,0,DNP - Coach's Decision
CHI_2020_21_G005,0022000063,2020-12-31,WAS,Moritz Wagner,447,0,5,0,
CHI_2020_21_G005,0022000063,2020-12-31,WAS,Raul Neto,1307,0,15,3,
CHI_2020_21_G005,0022000063,2020-12-31,WAS,Robin Lopez,379,0,0,-6,
CHI_2020_21_G005,0022000063,2020-12-31,WAS,Rui Hachimura,1513,1,17,13,
CHI_2020_21_G005,0022000063,2020-12-31,WAS,Russell Westbrook,2359,1,22,-10,
CHI_2020_21_G005,0022000063,2020-12-31,WAS,Thomas Bryant,2054,1,28,3,
CHI_2020_21_G005,0022000063,2020-12-31,WAS,Troy Brown Jr.,1010,0,6,-2,
CHI_2020_21_G006,0022000073,2021-01-01,CHI,Adam Mokoka,597,0,4,-2,
CHI_2020_21_G006,0022000073,2021-01-01,CHI,Coby White,1731,1,12,-21,
CHI_2020_21_G006,0022000073,2021-01-01,CHI,Cristiano Felicio,378,0,0,-2,
CHI_2020_21_G006,0022000073,2021-01-01,CHI,Daniel Gafford,937,0,5,-14,
CHI_2020_21_G006,0022000073,2021-01-01,CHI,Denzel Valentine,1232,0,14,-3,
CHI_2020_21_G006,0022000073,2021-01-01,CHI,Devon Dotson,572,0,4,-2,
CHI_2020_21_G006,0022000073,2021-01-01,CHI,Garrett Temple,1172,0,4,-10,
CHI_2020_21_G006,0022000073,2021-01-01,CHI,Luke Kornet,435,0,2,0,
CHI_2020_21_G006,0022000073,2021-01-01,CHI,Otto Porter Jr.,1327,1,9,-25,
CHI_2020_21_G006,0022000073,2021-01-01,CHI,Patrick Williams,1526,1,8,-11,
CHI_2020_21_G006,0022000073,2021-01-01,CHI,Thaddeus Young,1354,0,6,-19,
CHI_2020_21_G006,0022000073,2021-01-01,CHI,Wendell Carter Jr.,1508,1,12,-16,
CHI_2020_21_G006,0022000073,2021-01-01,CHI,Zach LaVine,1631,1,16,-25,
CHI_2020_21_G006,0022000073,2021-01-01,MIL,Bobby Portis,1512,0,13,9,
CHI_2020_21_G006,0022000073,2021-01-01,MIL,Brook Lopez,956,1,9,13,
CHI_2020_21_G006,0022000073,2021-01-01,MIL,Bryn Forbes,1324,0,18,9,
CHI_2020_21_G006,0022000073,2021-01-01,MIL,D.J. Augustin,1129,0,0,14,
CHI_2020_21_G006,0022000073,2021-01-01,MIL,D.J. Wilson,567,0,3,2,
CHI_2020_21_G006,0022000073,2021-01-01,MIL,Donte DiVincenzo,1161,1,11,20,
CHI_2020_21_G006,0022000073,2021-01-01,MIL,Giannis Antetokounmpo,1666,1,29,31,
CHI_2020_21_G006,0022000073,2021-01-01,MIL,Jordan Nwora,597,0,7,2,
CHI_2020_21_G006,0022000073,2021-01-01,MIL,Jrue Holiday,1556,1,11,27,
CHI_2020_21_G006,0022000073,2021-01-01,MIL,Khris Middleton,1520,1,14,20,
CHI_2020_21_G006,0022000073,2021-01-01,MIL,Pat Connaughton,933,0,11,12,
CHI_2020_21_G006,0022000073,2021-01-01,MIL,Sam Merrill,572,0,0,2,
CHI_2020_21_G006,0022000073,2021-01-01,MIL,Thanasis Antetokounmpo,907,0,0,-11,
CHI_2020_21_G007,0022000090,2021-01-03,CHI,Adam Mokoka,0,0,0,0,DNP - Coach's Decision
CHI_2020_21_G007,0022000090,2021-01-03,CHI,Coby White,1970,1,23,7,
CHI_2020_21_G007,0022000090,2021-01-03,CHI,Cristiano Felicio,0,0,0,0,DNP - Coach's Decision
CHI_2020_21_G007,0022000090,2021-01-03,CHI,Daniel Gafford,1145,0,12,12,
CHI_2020_21_G007,0022000090,2021-01-03,CHI,Denzel Valentine,947,0,6,4,
CHI_2020_21_G007,0022000090,2021-01-03,CHI,Devon Dotson,0,0,0,0,DNP - Coach's Decision
CHI_2020_21_G007,0022000090,2021-01-03,CHI,Garrett Temple,1520,0,3,8,
CHI_2020_21_G007,0022000090,2021-01-03,CHI,Luke Kornet,0,0,0,0,DNP - Coach's Decision
CHI_2020_21_G007,0022000090,2021-01-03,CHI,Otto Porter Jr.,1718,1,15,-4,
CHI_2020_21_G007,0022000090,2021-01-03,CHI,Patrick Williams,1704,1,6,6,
CHI_2020_21_G007,0022000090,2021-01-03,CHI,Thaddeus Young,1706,0,7,13,
CHI_2020_21_G007,0022000090,2021-01-03,CHI,Wendell Carter Jr.,1370,1,7,-2,
CHI_2020_21_G007,0022000090,2021-01-03,CHI,Zach LaVine,2320,1,39,6,
CHI_2020_21_G007,0022000090,2021-01-03,DAL,Boban Marjanovic,429,0,6,-4,
CHI_2020_21_G007,0022000090,2021-01-03,DAL,Dorian Finney-Smith,2143,1,5,1,
CHI_2020_21_G007,0022000090,2021-01-03,DAL,Dwight Powell,1213,1,4,-1,
CHI_2020_21_G007,0022000090,2021-01-03,DAL,Jalen Brunson,2250,1,31,4,
CHI_2020_21_G007,0022000090,2021-01-03,DAL,James Johnson,722,0,2,-7,
CHI_2020_21_G007,0022000090,2021-01-03,DAL,Josh Green,18,0,0,-2,
CHI_2020_21_G007,0022000090,2021-01-03,DAL,Josh Richardson,2151,1,16,-7,
CHI_2020_21_G007,0022000090,2021-01-03,DAL,Luka Doncic,0,0,0,0,DND - Injury/Illness
CHI_2020_21_G007,0022000090,2021-01-03,DAL,Maxi Kleber,1715,0,16,-3,
CHI_2020_21_G007,0022000090,2021-01-03,DAL,Nate Hinton,18,0,0,-2,
CHI_2020_21_G007,0022000090,2021-01-03,DAL,Tim Hardaway Jr.,1984,1,13,-16,
CHI_2020_21_G007,0022000090,2021-01-03,DAL,Trey Burke,1037,0,7,-12,
CHI_2020_21_G007,0022000090,2021-01-03,DAL,Tyrell Terry,16,0,0,0,
CHI_2020_21_G007,0022000090,2021-01-03,DAL,Wes Iwundu,0,0,0,0,DNP - Coach's Decision
CHI_2020_21_G007,0022000090,2021-01-03,DAL,Willie Cauley-Stein,704,0,8,-1,
CHI_2020_21_G008,0022000106,2021-01-05,CHI,Adam Mokoka,0,0,0,0,DNP - Coach's Decision
CHI_2020_21_G008,0022000106,2021-01-05,CHI,Coby White,2319,1,21,-1,
CHI_2020_21_G008,0022000106,2021-01-05,CHI,Cristiano Felicio,0,0,0,0,DNP - Coach's Decision
CHI_2020_21_G008,0022000106,2021-01-05,CHI,Daniel Gafford,572,0,2,-3,
CHI_2020_21_G008,0022000106,2021-01-05,CHI,Denzel Valentine,1152,0,0,10,
CHI_2020_21_G008,0022000106,2021-01-05,CHI,Devon Dotson,0,0,0,0,DNP - Coach's Decision
CHI_2020_21_G008,0022000106,2021-01-05,CHI,Garrett Temple,1705,0,14,5,
CHI_2020_21_G008,0022000106,2021-01-05,CHI,Luke Kornet,0,0,0,0,DNP - Coach's Decision
CHI_2020_21_G008,0022000106,2021-01-05,CHI,Otto Porter Jr.,1694,1,19,4,
CHI_2020_21_G008,0022000106,2021-01-05,CHI,Patrick Williams,1493,1,14,-4,
CHI_2020_21_G008,0022000106,2021-01-05,CHI,Thaddeus Young,1392,0,10,2,
CHI_2020_21_G008,0022000106,2021-01-05,CHI,Wendell Carter Jr.,1514,1,13,1,
CHI_2020_21_G008,0022000106,2021-01-05,CHI,Zach LaVine,2559,1,18,1,
CHI_2020_21_G008,0022000106,2021-01-05,POR,Anfernee Simons,303,0,0,-6,
CHI_2020_21_G008,0022000106,2021-01-05,POR,CJ Elleby,0,0,0,0,DNP - Coach's Decision
CHI_2020_21_G008,0022000106,2021-01-05,POR,CJ McCollum,2157,1,26,0,
CHI_2020_21_G008,0022000106,2021-01-05,POR,Carmelo Anthony,1679,0,12,-9,
CHI_2020_21_G008,0022000106,2021-01-05,POR,Damian Lillard,2202,1,24,5,
CHI_2020_21_G008,0022000106,2021-01-05,POR,Derrick Jones Jr.,1882,1,5,-5,
CHI_2020_21_G008,0022000106,2021-01-05,POR,Enes Freedom,936,0,2,-5,
CHI_2020_21_G008,0022000106,2021-01-05,POR,Gary Trent Jr.,1116,0,13,-2,
CHI_2020_21_G008,0022000106,2021-01-05,POR,Harry Giles III,253,0,0,-2,
CHI_2020_21_G008,0022000106,2021-01-05,POR,Jusuf Nurkic,1680,1,12,3,
CHI_2020_21_G008,0022000106,2021-01-05,POR,Keljin Blevins,0,0,0,0,DNP - Coach's Decision
CHI_2020_21_G008,0022000106,2021-01-05,POR,Nassir Little,0,0,0,0,DNP - Coach's Decision
CHI_2020_21_G008,0022000106,2021-01-05,POR,Robert Covington,2192,1,14,6,
CHI_2020_21_G009,0022000117,2021-01-06,CHI,Adam Mokoka,0,0,0,0,DNP - Coach's Decision
CHI_2020_21_G009,0022000117,2021-01-06,CHI,Coby White,2378,1,36,-5,
CHI_2020_21_G009,0022000117,2021-01-06,CHI,Cristiano Felicio,0,0,0,0,DNP - Coach's Decision
CHI_2020_21_G009,0022000117,2021-01-06,CHI,Daniel Gafford,654,0,4,-1,
CHI_2020_21_G009,0022000117,2021-01-06,CHI,Denzel Valentine,1274,0,10,10,
CHI_2020_21_G009,0022000117,2021-01-06,CHI,Devon Dotson,0,0,0,0,DNP - Coach's Decision
CHI_2020_21_G009,0022000117,2021-01-06,CHI,Garrett Temple,1955,0,11,-8,
CHI_2020_21_G009,0022000117,2021-01-06,CHI,Luke Kornet,0,0,0,0,DNP - Coach's Decision
CHI_2020_21_G009,0022000117,2021-01-06,CHI,Otto Porter Jr.,1583,1,3,-14,
CHI_2020_21_G009,0022000117,2021-01-06,CHI,Patrick Williams,1331,1,9,2,
CHI_2020_21_G009,0022000117,2021-01-06,CHI,Thaddeus Young,1245,0,8,-2,
CHI_2020_21_G009,0022000117,2021-01-06,CHI,Wendell Carter Jr.,1797,1,11,2,
CHI_2020_21_G009,0022000117,2021-01-06,CHI,Zach LaVine,2183,1,32,-4,
CHI_2020_21_G009,0022000117,2021-01-06,SAC,Buddy Hield,2111,1,10,7,
CHI_2020_21_G009,0022000117,2021-01-06,SAC,Cory Joseph,1517,0,7,-1,
CHI_2020_21_G009,0022000117,2021-01-06,SAC,De'Aaron Fox,314,1,3,2,
CHI_2020_21_G009,0022000117,2021-01-06,SAC,Glenn Robinson III,1464,0,14,-2,
CHI_2020_21_G009,0022000117,2021-01-06,SAC,Harrison Barnes,2243,1,20,6,
CHI_2020_21_G009,0022000117,2021-01-06,SAC,Hassan Whiteside,0,0,0,0,DNP - Coach's Decision
CHI_2020_21_G009,0022000117,2021-01-06,SAC,Jahmi'us Ramsey,0,0,0,0,DNP - Coach's Decision
CHI_2020_21_G009,0022000117,2021-01-06,SAC,Justin James,0,0,0,0,DNP - Coach's Decision
CHI_2020_21_G009,0022000117,2021-01-06,SAC,Kyle Guy,0,0,0,0,DNP - Coach's Decision
CHI_2020_21_G009,0022000117,2021-01-06,SAC,Marvin Bagley III,1744,1,21,1,
CHI_2020_21_G009,0022000117,2021-01-06,SAC,Nemanja Bjelica,1156,0,12,-3,
CHI_2020_21_G009,0022000117,2021-01-06,SAC,Richaun Holmes,1781,1,24,10,
CHI_2020_21_G009,0022000117,2021-01-06,SAC,Robert Woodard II,0,0,0,0,DNP - Coach's Decision
CHI_2020_21_G009,0022000117,2021-01-06,SAC,Tyrese Haliburton,2070,0,17,0,
CHI_2020_21_G010,0022000131,2021-01-08,CHI,Adam Mokoka,411,0,3,-3,
CHI_2020_21_G010,0022000131,2021-01-08,CHI,Coby White,1907,1,14,-18,
CHI_2020_21_G010,0022000131,2021-01-08,CHI,Cristiano Felicio,0,0,0,0,DNP - Coach's Decision
CHI_2020_21_G010,0022000131,2021-01-08,CHI,Daniel Gafford,934,0,0,0,
CHI_2020_21_G010,0022000131,2021-01-08,CHI,Denzel Valentine,1470,0,5,9,
CHI_2020_21_G010,0022000131,2021-01-08,CHI,Devon Dotson,0,0,0,0,DNP - Coach's Decision
CHI_2020_21_G010,0022000131,2021-01-08,CHI,Garrett Temple,1629,0,9,-2,
CHI_2020_21_G010,0022000131,2021-01-08,CHI,Luke Kornet,0,0,0,0,DNP - Coach's Decision
CHI_2020_21_G010,0022000131,2021-01-08,CHI,Otto Porter Jr.,385,1,2,-2,
CHI_2020_21_G010,0022000131,2021-01-08,CHI,Patrick Williams,2055,1,6,0,
CHI_2020_21_G010,0022000131,2021-01-08,CHI,Thaddeus Young,1792,0,15,-2,
CHI_2020_21_G010,0022000131,2021-01-08,CHI,Wendell Carter Jr.,1515,1,23,0,
CHI_2020_21_G010,0022000131,2021-01-08,CHI,Zach LaVine,2302,1,38,8,
CHI_2020_21_G010,0022000131,2021-01-08,LAL,Alex Caruso,1004,0,9,1,
CHI_2020_21_G010,0022000131,2021-01-08,LAL,Alfonzo McKinnie,0,0,0,0,DNP - Coach's Decision
CHI_2020_21_G010,0022000131,2021-01-08,LAL,Dennis Schroder,2055,1,17,-5,
CHI_2020_21_G010,0022000131,2021-01-08,LAL,Devontae Cacok,0,0,0,0,DNP - Coach's Decision
CHI_2020_21_G010,0022000131,2021-01-08,LAL,Jared Dudley,428,0,0,5,
CHI_2020_21_G010,0022000131,2021-01-08,LAL,Kyle Kuzma,1011,0,6,-6,
CHI_2020_21_G010,0022000131,2021-01-08,LAL,LeBron James,2050,1,28,9,
CHI_2020_21_G010,0022000131,2021-01-08,LAL,Marc Gasol,1118,1,6,12,
CHI_2020_21_G010,0022000131,2021-01-08,LAL,Markieff Morris,1747,1,11,10,
CHI_2020_21_G010,0022000131,2021-01-08,LAL,Montrezl Harrell,1757,0,17,-11,
CHI_2020_21_G010,0022000131,2021-01-08,LAL,Quinn Cook,0,0,0,0,DNP - Coach's Decision
CHI_2020_21_G010,0022000131,2021-01-08,LAL,Talen Horton-Tucker,1195,0,9,1,
CHI_2020_21_G010,0022000131,2021-01-08,LAL,Wesley Matthews,2035,1,14,-6,
CHI_2020_21_G011,0022000142,2021-01-10,CHI,Adam Mokoka,25,0,0,-3,
CHI_2020_21_G011,0022000142,2021-01-10,CHI,Coby White,2575,1,9,-2,
CHI_2020_21_G011,0022000142,2021-01-10,CHI,Cristiano Felicio,0,0,0,0,DNP - Coach's Decision
CHI_2020_21_G011,0022000142,2021-01-10,CHI,Daniel Gafford,633,0,2,-3,
CHI_2020_21_G011,0022000142,2021-01-10,CHI,Denzel Valentine,1210,0,10,-8,
CHI_2020_21_G011,0022000142,2021-01-10,CHI,Devon Dotson,0,0,0,0,DNP - Coach's Decision
CHI_2020_21_G011,0022000142,2021-01-10,CHI,Garrett Temple,2167,1,18,3,
CHI_2020_21_G011,0022000142,2021-01-10,CHI,Luke Kornet,0,0,0,0,DNP - Coach's Decision
CHI_2020_21_G011,0022000142,2021-01-10,CHI,Patrick Williams,2146,1,17,9,
CHI_2020_21_G011,0022000142,2021-01-10,CHI,Thaddeus Young,1520,0,14,-5,
CHI_2020_21_G011,0022000142,2021-01-10,CHI,Wendell Carter Jr.,1608,1,12,-3,
CHI_2020_21_G011,0022000142,2021-01-10,CHI,Zach LaVine,2516,1,45,-3,
CHI_2020_21_G011,0022000142,2021-01-10,LAC,Amir Coffey,0,0,0,0,DNP - Coach's Decision
CHI_2020_21_G011,0022000142,2021-01-10,LAC,Daniel Oturu,0,0,0,0,DNP - Coach's Decision
CHI_2020_21_G011,0022000142,2021-01-10,LAC,Ivica Zubac,933,0,5,6,
CHI_2020_21_G011,0022000142,2021-01-10,LAC,Kawhi Leonard,2293,1,35,-3,
CHI_2020_21_G011,0022000142,2021-01-10,LAC,Lou Williams,1410,0,21,16,
CHI_2020_21_G011,0022000142,2021-01-10,LAC,Luke Kennard,1093,0,5,3,
CHI_2020_21_G011,0022000142,2021-01-10,LAC,Marcus Morris Sr.,1504,0,11,1,
CHI_2020_21_G011,0022000142,2021-01-10,LAC,Mfiondu Kabengele,0,0,0,0,DNP - Coach's Decision
CHI_2020_21_G011,0022000142,2021-01-10,LAC,Nicolas Batum,1652,1,8,-4,
CHI_2020_21_G011,0022000142,2021-01-10,LAC,Patrick Beverley,1519,1,7,-12,
CHI_2020_21_G011,0022000142,2021-01-10,LAC,Patrick Patterson,0,0,0,0,DNP - Coach's Decision
CHI_2020_21_G011,0022000142,2021-01-10,LAC,Paul George,2397,1,28,12,
CHI_2020_21_G011,0022000142,2021-01-10,LAC,Reggie Jackson,0,0,0,0,DNP - Coach's Decision
CHI_2020_21_G011,0022000142,2021-01-10,LAC,Serge Ibaka,1587,1,10,-2,
CHI_2020_21_G011,0022000142,2021-01-10,LAC,Terance Mann,13,0,0,-2,
CHI_2020_21_G012,0022000184,2021-01-15,CHI,Adam Mokoka,0,0,0,0,DNP - Coach's Decision
CHI_2020_21_G012,0022000184,2021-01-15,CHI,Coby White,2664,1,22,-6,
CHI_2020_21_G012,0022000184,2021-01-15,CHI,Cristiano Felicio,0,0,0,0,DNP - Coach's Decision
CHI_2020_21_G012,0022000184,2021-01-15,CHI,Daniel Gafford,0,0,0,0,DNP - Coach's Decision
CHI_2020_21_G012,0022000184,2021-01-15,CHI,Denzel Valentine,926,0,4,14,
CHI_2020_21_G012,0022000184,2021-01-15,CHI,Garrett Temple,1211,0,8,3,
CHI_2020_21_G012,0022000184,2021-01-15,CHI,Lauri Markkanen,2101,1,16,-8,
CHI_2020_21_G012,0022000184,2021-01-15,CHI,Otto Porter Jr.,1509,0,8,3,
CHI_2020_21_G012,0022000184,2021-01-15,CHI,Patrick Williams,2159,1,14,-7,
CHI_2020_21_G012,0022000184,2021-01-15,CHI,Ryan Arcidiacono,0,0,0,0,DNP - Coach's Decision
CHI_2020_21_G012,0022000184,2021-01-15,CHI,Thaddeus Young,805,0,2,9,
CHI_2020_21_G012,0022000184,2021-01-15,CHI,Wendell Carter Jr.,1974,1,16,-4,
CHI_2020_21_G012,0022000184,2021-01-15,CHI,Zach LaVine,2551,1,35,-14,
CHI_2020_21_G012,0022000184,2021-01-15,OKC,Aleksej Pokusevski,744,0,5,-17,
CHI_2020_21_G012,0022000184,2021-01-15,OKC,Darius Bazley,1653,1,9,-21,
CHI_2020_21_G012,0022000184,2021-01-15,OKC,Darius Miller,0,0,0,0,DNP - Coach's Decision
CHI_2020_21_G012,0022000184,2021-01-15,OKC,George Hill,1973,1,8,20,
CHI_2020_21_G012,0022000184,2021-01-15,OKC,Hamidou Diallo,839,0,2,-14,
CHI_2020_21_G012,0022000184,2021-01-15,OKC,Isaiah Roby,1540,1,14,3,
CHI_2020_21_G012,0022000184,2021-01-15,OKC,Josh Hall,0,0,0,0,DNP - Coach's Decision
CHI_2020_21_G012,0022000184,2021-01-15,OKC,Justin Jackson,0,0,0,0,DNP - Coach's Decision
CHI_2020_21_G012,0022000184,2021-01-15,OKC,Kenrich Williams,1638,0,14,21,
CHI_2020_21_G012,0022000184,2021-01-15,OKC,Luguentz Dort,2387,1,21,21,
CHI_2020_21_G012,0022000184,2021-01-15,OKC,Mike Muscala,1623,0,11,-1,
CHI_2020_21_G012,0022000184,2021-01-15,OKC,Moses Brown,0,0,0,0,DNP - Coach's Decision
CHI_2020_21_G012,0022000184,2021-01-15,OKC,Shai Gilgeous-Alexander,2611,1,33,18,
CHI_2020_21_G012,0022000184,2021-01-15,OKC,Theo Maledon,891,0,10,-20,
CHI_2020_21_G013,0022000198,2021-01-17,CHI,Adam Mokoka,0,0,0,0,DNP - Coach's Decision
CHI_2020_21_G013,0022000198,2021-01-17,CHI,Coby White,1518,1,0,-3,
CHI_2020_21_G013,0022000198,2021-01-17,CHI,Cristiano Felicio,0,0,0,0,DNP - Coach's Decision
CHI_2020_21_G013,0022000198,2021-01-17,CHI,Daniel Gafford,789,0,7,14,
CHI_2020_21_G013,0022000198,2021-01-17,CHI,Denzel Valentine,0,0,0,0,DNP - Coach's Decision
CHI_2020_21_G013,0022000198,2021-01-17,CHI,Garrett Temple,1726,0,21,14,
CHI_2020_21_G013,0022000198,2021-01-17,CHI,Lauri Markkanen,1976,1,29,5,
CHI_2020_21_G013,0022000198,2021-01-17,CHI,Otto Porter Jr.,1382,0,14,12,
CHI_2020_21_G013,0022000198,2021-01-17,CHI,Patrick Williams,1355,1,5,0,
CHI_2020_21_G013,0022000198,2021-01-17,CHI,Ryan Arcidiacono,1014,0,4,15,
CHI_2020_21_G013,0022000198,2021-01-17,CHI,Thaddeus Young,1168,0,15,13,
CHI_2020_21_G013,0022000198,2021-01-17,CHI,Wendell Carter Jr.,1593,1,12,-1,
CHI_2020_21_G013,0022000198,2021-01-17,CHI,Zach LaVine,1879,1,10,11,
CHI_2020_21_G013,0022000198,2021-01-17,DAL,Boban Marjanovic,388,0,2,-3,
CHI_2020_21_G013,0022000198,2021-01-17,DAL,James Johnson,1249,0,10,-19,
CHI_2020_21_G013,0022000198,2021-01-17,DAL,Josh Green,1931,1,4,0,
CHI_2020_21_G013,0022000198,2021-01-17,DAL,Kristaps Porzingis,2002,1,20,-3,
CHI_2020_21_G013,0022000198,2021-01-17,DAL,Luka Doncic,2250,1,36,-7,
CHI_2020_21_G013,0022000198,2021-01-17,DAL,Nate Hinton,368,0,0,-7,
CHI_2020_21_G013,0022000198,2021-01-17,DAL,Tim Hardaway Jr.,0,0,0,0,DNP - Injury/Illness
CHI_2020_21_G013,0022000198,2021-01-17,DAL,Trey Burke,1722,0,5,-23,
CHI_2020_21_G013,0022000198,2021-01-17,DAL,Tyler Bey,117,0,1,-1,
CHI_2020_21_G013,0022000198,2021-01-17,DAL,Tyrell Terry,921,0,4,-2,
CHI_2020_21_G013,0022000198,2021-01-17,DAL,Wes Iwundu,1826,1,9,-11,
CHI_2020_21_G013,0022000198,2021-01-17,DAL,Willie Cauley-Stein,1626,1,10,-4,
CHI_2020_21_G014,0022000211,2021-01-18,CHI,Adam Mokoka,128,0,0,-7,
CHI_2020_21_G014,0022000211,2021-01-18,CHI,Coby White,1902,1,10,2,
CHI_2020_21_G014,0022000211,2021-01-18,CHI,Cristiano Felicio,0,0,0,0,DNP - Coach's Decision
CHI_2020_21_G014,0022000211,2021-01-18,CHI,Daniel Gafford,977,0,7,5,
CHI_2020_21_G014,0022000211,2021-01-18,CHI,Denzel Valentine,1469,0,13,14,
CHI_2020_21_G014,0022000211,2021-01-18,CHI,Devon Dotson,0,0,0,0,DNP - Coach's Decision
CHI_2020_21_G014,0022000211,2021-01-18,CHI,Garrett Temple,1935,1,13,-1,
CHI_2020_21_G014,0022000211,2021-01-18,CHI,Lauri Markkanen,2020,1,18,-6,
CHI_2020_21_G014,0022000211,2021-01-18,CHI,Luke Kornet,0,0,0,0,DNP - Coach's Decision
CHI_2020_21_G014,0022000211,2021-01-18,CHI,Ryan Arcidiacono,1003,0,9,10,
CHI_2020_21_G014,0022000211,2021-01-18,CHI,Thaddeus Young,1516,0,12,15,
CHI_2020_21_G014,0022000211,2021-01-18,CHI,Wendell Carter Jr.,1247,1,10,-4,
CHI_2020_21_G014,0022000211,2021-01-18,CHI,Zach LaVine,2203,1,33,-3,
CHI_2020_21_G014,0022000211,2021-01-18,HOU,Ben McLemore,1681,0,5,-16,
CHI_2020_21_G014,0022000211,2021-01-18,HOU,Christian Wood,1841,1,30,15,
CHI_2020_21_G014,0022000211,2021-01-18,HOU,David Nwaba,1264,1,7,1,
CHI_2020_21_G014,0022000211,2021-01-18,HOU,DeMarcus Cousins,949,0,2,-17,
CHI_2020_21_G014,0022000211,2021-01-18,HOU,Eric Gordon,2036,1,21,6,
CHI_2020_21_G014,0022000211,2021-01-18,HOU,Jae'Sean Tate,1825,0,11,-12,
CHI_2020_21_G014,0022000211,2021-01-18,HOU,Kenyon Martin Jr.,0,0,0,0,DNP - Coach's Decision
CHI_2020_21_G014,0022000211,2021-01-18,HOU,Mason Jones,866,0,10,-12,
CHI_2020_21_G014,0022000211,2021-01-18,HOU,P.J. Tucker,2014,1,2,7,
CHI_2020_21_G014,0022000211,2021-01-18,HOU,Rodions Kurucs,0,0,0,0,DNP - Coach's Decision
CHI_2020_21_G014,0022000211,2021-01-18,HOU,Sterling Brown,0,0,0,0,DND - Injury/Illness
CHI_2020_21_G014,0022000211,2021-01-18,HOU,Victor Oladipo,1924,1,32,3,
CHI_2020_21_G015,0022000229,2021-01-22,CHA,Bismack Biyombo,1669,1,6,6,
CHI_2020_21_G015,0022000229,2021-01-22,CHA,Caleb Martin,1155,0,6,-5,
CHI_2020_21_G015,0022000229,2021-01-22,CHA,Cody Martin,0,0,0,0,DNP - Coach's Decision
CHI_2020_21_G015,0022000229,2021-01-22,CHA,Cody Zeller,657,0,5,-6,
CHI_2020_21_G015,0022000229,2021-01-22,CHA,Devonte' Graham,2263,1,24,-10,
CHI_2020_21_G015,0022000229,2021-01-22,CHA,Gordon Hayward,2225,1,34,-4,
CHI_2020_21_G015,0022000229,2021-01-22,CHA,Jalen McDaniels,0,0,0,0,DNP - Coach's Decision
CHI_2020_21_G015,0022000229,2021-01-22,CHA,LaMelo Ball,994,0,7,-15,
CHI_2020_21_G015,0022000229,2021-01-22,CHA,Malik Monk,0,0,0,0,DNP - Coach's Decision
CHI_2020_21_G015,0022000229,2021-01-22,CHA,Miles Bridges,1162,0,2,-12,
CHI_2020_21_G015,0022000229,2021-01-22,CHA,Nick Richards,0,0,0,0,DNP - Coach's Decision
CHI_2020_21_G015,0022000229,2021-01-22,CHA,P.J. Washington,1961,1,16,-7,
CHI_2020_21_G015,0022000229,2021-01-22,CHA,Terry Rozier,2314,1,10,-12,
CHI_2020_21_G015,0022000229,2021-01-22,CHA,Vernon Carey Jr.,0,0,0,0,DNP - Coach's Decision
CHI_2020_21_G015,0022000229,2021-01-22,CHI,Chandler Hutchison,0,0,0,0,DNP - Coach's Decision
CHI_2020_21_G015,0022000229,2021-01-22,CHI,Coby White,1965,1,18,9,
CHI_2020_21_G015,0022000229,2021-01-22,CHI,Cristiano Felicio,0,0,0,0,DNP - Coach's Decision
CHI_2020_21_G015,0022000229,2021-01-22,CHI,Daniel Gafford,1115,1,7,-5,
CHI_2020_21_G015,0022000229,2021-01-22,CHI,Denzel Valentine,1041,0,8,4,
CHI_2020_21_G015,0022000229,2021-01-22,CHI,Garrett Temple,1838,0,15,15,
CHI_2020_21_G015,0022000229,2021-01-22,CHI,Lauri Markkanen,1774,1,23,-5,
CHI_2020_21_G015,0022000229,2021-01-22,CHI,Luke Kornet,0,0,0,0,DNP - Coach's Decision
CHI_2020_21_G015,0022000229,2021-01-22,CHI,Otto Porter Jr.,1370,0,13,15,
CHI_2020_21_G015,0022000229,2021-01-22,CHI,Patrick Williams,964,1,4,1,
CHI_2020_21_G015,0022000229,2021-01-22,CHI,Ryan Arcidiacono,0,0,0,0,DNP - Coach's Decision
CHI_2020_21_G015,0022000229,2021-01-22,CHI,Thaddeus Young,1489,0,8,19,
CHI_2020_21_G015,0022000229,2021-01-22,CHI,Tomas Satoransky,672,0,2,4,
CHI_2020_21_G015,0022000229,2021-01-22,CHI,Zach LaVine,2172,1,25,8,
CHI_2020_21_G016,0022000245,2021-01-23,CHI,Chandler Hutchison,446,0,0,4,
CHI_2020_21_G016,0022000245,2021-01-23,CHI,Coby White,1926,1,14,-9,
CHI_2020_21_G016,0022000245,2021-01-23,CHI,Cristiano Felicio,423,0,7,6,
CHI_2020_21_G016,0022000245,2021-01-23,CHI,Daniel Gafford,1080,1,4,-5,
CHI_2020_21_G016,0022000245,2021-01-23,CHI,Denzel Valentine,806,0,3,1,
CHI_2020_21_G016,0022000245,2021-01-23,CHI,Devon Dotson,0,0,0,0,DNP - Coach's Decision
CHI_2020_21_G016,0022000245,2021-01-23,CHI,Garrett Temple,1314,0,2,-20,
CHI_2020_21_G016,0022000245,2021-01-23,CHI,Lauri Markkanen,2155,1,12,-14,
CHI_2020_21_G016,0022000245,2021-01-23,CHI,Luke Kornet,0,0,0,0,DNP - Coach's Decision
CHI_2020_21_G016,0022000245,2021-01-23,CHI,Patrick Williams,1850,1,13,-3,
CHI_2020_21_G016,0022000245,2021-01-23,CHI,Ryan Arcidiacono,174,0,3,8,
CHI_2020_21_G016,0022000245,2021-01-23,CHI,Thaddeus Young,1359,0,6,-17,
CHI_2020_21_G016,0022000245,2021-01-23,CHI,Tomas Satoransky,693,0,5,8,
CHI_2020_21_G016,0022000245,2021-01-23,CHI,Zach LaVine,2174,1,21,-14,
CHI_2020_21_G016,0022000245,2021-01-23,LAL,Alex Caruso,1106,0,3,1,
CHI_2020_21_G016,0022000245,2021-01-23,LAL,Alfonzo McKinnie,174,0,0,-8,
CHI_2020_21_G016,0022000245,2021-01-23,LAL,Anthony Davis,1701,1,37,5,
CHI_2020_21_G016,0022000245,2021-01-23,LAL,Dennis Schroder,1534,1,9,12,
CHI_2020_21_G016,0022000245,2021-01-23,LAL,Kentavious Caldwell-Pope,1374,1,5,13,
CHI_2020_21_G016,0022000245,2021-01-23,LAL,Kyle Kuzma,1354,0,4,9,
CHI_2020_21_G016,0022000245,2021-01-23,LAL,LeBron James,1710,1,17,9,
CHI_2020_21_G016,0022000245,2021-01-23,LAL,Marc Gasol,1139,1,0,11,
CHI_2020_21_G016,0022000245,2021-01-23,LAL,Markieff Morris,0,0,0,0,DNP - Coach's Decision
CHI_2020_21_G016,0022000245,2021-01-23,LAL,Montrezl Harrell,1741,0,10,0,
CHI_2020_21_G016,0022000245,2021-01-23,LAL,Quinn Cook,174,0,2,-8,
CHI_2020_21_G016,0022000245,2021-01-23,LAL,Talen Horton-Tucker,1272,0,10,3,
CHI_2020_21_G016,0022000245,2021-01-23,LAL,Wesley Matthews,1121,0,4,8,
CHI_2020_21_G017,0022000262,2021-01-25,BOS,Aaron Nesmith,1127,0,9,4,
CHI_2020_21_G017,0022000262,2021-01-25,BOS,Carsen Edwards,737,0,6,-4,
CHI_2020_21_G017,0022000262,2021-01-25,BOS,Daniel Theis,1695,1,19,21,
CHI_2020_21_G017,0022000262,2021-01-25,BOS,Grant Williams,605,0,8,3,
CHI_2020_21_G017,0022000262,2021-01-25,BOS,Javonte Green,1087,0,6,2,
CHI_2020_21_G017,0022000262,2021-01-25,BOS,Jaylen Brown,1789,1,26,17,
CHI_2020_21_G017,0022000262,2021-01-25,BOS,Jayson Tatum,1879,1,24,15,
CHI_2020_21_G017,0022000262,2021-01-25,BOS,Jeff Teague,1338,0,8,-1,
CHI_2020_21_G017,0022000262,2021-01-25,BOS,Marcus Smart,1541,1,13,21,
CHI_2020_21_G017,0022000262,2021-01-25,BOS,Robert Williams III,593,0,0,-10,
CHI_2020_21_G017,0022000262,2021-01-25,BOS,Semi Ojeleye,968,0,0,3,
CHI_2020_21_G017,0022000262,2021-01-25,BOS,Tacko Fall,0,0,0,0,DNP - Coach's Decision
CHI_2020_21_G017,0022000262,2021-01-25,BOS,Tremont Waters,0,0,0,0,DNP - Coach's Decision
CHI_2020_21_G017,0022000262,2021-01-25,BOS,Tristan Thompson,1042,1,0,9,
CHI_2020_21_G017,0022000262,2021-01-25,CHI,Chandler Hutchison,0,0,0,0,DNP - Coach's Decision
CHI_2020_21_G017,0022000262,2021-01-25,CHI,Coby White,1439,1,5,-22,
CHI_2020_21_G017,0022000262,2021-01-25,CHI,Cristiano Felicio,0,0,0,0,DNP - Coach's Decision
CHI_2020_21_G017,0022000262,2021-01-25,CHI,Daniel Gafford,642,1,0,-20,
CHI_2020_21_G017,0022000262,2021-01-25,CHI,Denzel Valentine,1540,0,8,0,
CHI_2020_21_G017,0022000262,2021-01-25,CHI,Devon Dotson,0,0,0,0,DNP - Coach's Decision
CHI_2020_21_G017,0022000262,2021-01-25,CHI,Garrett Temple,1563,0,8,9,
CHI_2020_21_G017,0022000262,2021-01-25,CHI,Lauri Markkanen,1866,1,18,-15,
CHI_2020_21_G017,0022000262,2021-01-25,CHI,Luke Kornet,0,0,0,0,DNP - Coach's Decision
CHI_2020_21_G017,0022000262,2021-01-25,CHI,Otto Porter Jr.,1375,0,13,-1,
CHI_2020_21_G017,0022000262,2021-01-25,CHI,Patrick Williams,602,1,2,-20,
CHI_2020_21_G017,0022000262,2021-01-25,CHI,Ryan Arcidiacono,0,0,0,0,DNP - Coach's Decision
CHI_2020_21_G017,0022000262,2021-01-25,CHI,Thaddeus Young,1877,0,16,4,
CHI_2020_21_G017,0022000262,2021-01-25,CHI,Tomas Satoransky,1441,0,3,6,
CHI_2020_21_G017,0022000262,2021-01-25,CHI,Zach LaVine,2055,1,30,-21,
CHI_2020_21_G018,0022000298,2021-01-30,CHI,Chandler Hutchison,0,0,0,0,DNP - Coach's Decision
CHI_2020_21_G018,0022000298,2021-01-30,CHI,Coby White,2035,1,20,-17,
CHI_2020_21_G018,0022000298,2021-01-30,CHI,Cristiano Felicio,288,0,0,-1,
CHI_2020_21_G018,0022000298,2021-01-30,CHI,Daniel Gafford,606,1,4,-15,
CHI_2020_21_G018,0022000298,2021-01-30,CHI,Denzel Valentine,296,0,0,4,
CHI_2020_21_G018,0022000298,2021-01-30,CHI,Garrett Temple,1491,0,9,18,
CHI_2020_21_G018,0022000298,2021-01-30,CHI,Lauri Markkanen,2145,1,31,8,
CHI_2020_21_G018,0022000298,2021-01-30,CHI,Luke Kornet,0,0,0,0,DNP - Coach's Decision
CHI_2020_21_G018,0022000298,2021-01-30,CHI,Otto Porter Jr.,1449,0,7,-12,
CHI_2020_21_G018,0022000298,2021-01-30,CHI,Patrick Williams,1458,1,11,-12,
CHI_2020_21_G018,0022000298,2021-01-30,CHI,Ryan Arcidiacono,0,0,0,0,DNP - Coach's Decision
CHI_2020_21_G018,0022000298,2021-01-30,CHI,Thaddeus Young,1737,0,8,13,
CHI_2020_21_G018,0022000298,2021-01-30,CHI,Tomas Satoransky,798,0,6,3,
CHI_2020_21_G018,0022000298,2021-01-30,CHI,Zach LaVine,2097,1,26,6,
CHI_2020_21_G018,0022000298,2021-01-30,POR,Anfernee Simons,1626,0,8,-1,
CHI_2020_21_G018,0022000298,2021-01-30,POR,CJ Elleby,0,0,0,0,DNP - Coach's Decision
CHI_2020_21_G018,0022000298,2021-01-30,POR,CJ McCollum,0,0,0,0,DNP - Injury/Illness
CHI_2020_21_G018,0022000298,2021-01-30,POR,Carmelo Anthony,1036,0,4,-23,
CHI_2020_21_G018,0022000298,2021-01-30,POR,Damian Lillard,2187,1,44,0,
CHI_2020_21_G018,0022000298,2021-01-30,POR,Enes Freedom,2023,1,22,17,
CHI_2020_21_G018,0022000298,2021-01-30,POR,Gary Trent Jr.,2202,1,18,9,
CHI_2020_21_G018,0022000298,2021-01-30,POR,Harry Giles III,804,0,7,-18,
CHI_2020_21_G018,0022000298,2021-01-30,POR,Jusuf Nurkic,0,0,0,0,DNP - Injury/Illness
CHI_2020_21_G018,0022000298,2021-01-30,POR,Keljin Blevins,0,0,0,0,DNP - Coach's Decision
CHI_2020_21_G018,0022000298,2021-01-30,POR,Nassir Little,817,1,5,6,
CHI_2020_21_G018,0022000298,2021-01-30,POR,Robert Covington,2063,1,9,19,
CHI_2020_21_G018,0022000298,2021-01-30,POR,Rodney Hood,1642,0,6,-4,
CHI_2020_21_G018,0022000298,2021-01-30,POR,Zach Collins,0,0,0,0,DNP - Injury/Illness
CHI_2020_21_G019,0022000315,2021-02-01,CHI,Chandler Hutchison,15,0,0,-2,
CHI_2020_21_G019,0022000315,2021-02-01,CHI,Coby White,2248,1,13,13,
CHI_2020_21_G019,0022000315,2021-02-01,CHI,Cristiano Felicio,0,0,0,0,DNP - Coach's Decision
CHI_2020_21_G019,0022000315,2021-02-01,CHI,Daniel Gafford,1309,1,12,1,
CHI_2020_21_G019,0022000315,2021-02-01,CHI,Denzel Valentine,189,0,2,-2,
CHI_2020_21_G019,0022000315,2021-02-01,CHI,Garrett Temple,1478,0,6,14,
CHI_2020_21_G019,0022000315,2021-02-01,CHI,Lauri Markkanen,2016,1,30,16,
CHI_2020_21_G019,0022000315,2021-02-01,CHI,Luke Kornet,0,0,0,0,DNP - Coach's Decision
CHI_2020_21_G019,0022000315,2021-02-01,CHI,Otto Porter Jr.,1089,0,3,2,
CHI_2020_21_G019,0022000315,2021-02-01,CHI,Patrick Williams,1681,1,10,-1,
CHI_2020_21_G019,0022000315,2021-02-01,CHI,Ryan Arcidiacono,0,0,0,0,DNP - Coach's Decision
CHI_2020_21_G019,0022000315,2021-02-01,CHI,Thaddeus Young,1838,0,13,6,
CHI_2020_21_G019,0022000315,2021-02-01,CHI,Tomas Satoransky,606,0,0,-6,
CHI_2020_21_G019,0022000315,2021-02-01,CHI,Zach LaVine,1931,1,21,-1,
CHI_2020_21_G019,0022000315,2021-02-01,NYK,Alec Burks,1710,0,18,-3,
CHI_2020_21_G019,0022000315,2021-02-01,NYK,Austin Rivers,922,0,1,-1,
CHI_2020_21_G019,0022000315,2021-02-01,NYK,Elfrid Payton,1061,1,5,-5,
CHI_2020_21_G019,0022000315,2021-02-01,NYK,Frank Ntilikina,0,0,0,0,DNP - Coach's Decision
CHI_2020_21_G019,0022000315,2021-02-01,NYK,Immanuel Quickley,1819,0,16,-3,
CHI_2020_21_G019,0022000315,2021-02-01,NYK,Julius Randle,2354,1,23,-9,
CHI_2020_21_G019,0022000315,2021-02-01,NYK,Kevin Knox II,0,0,0,0,DNP - Coach's Decision
CHI_2020_21_G019,0022000315,2021-02-01,NYK,Mitchell Robinson,1222,1,9,2,
CHI_2020_21_G019,0022000315,2021-02-01,NYK,Nerlens Noel,1658,0,8,-10,
CHI_2020_21_G019,0022000315,2021-02-01,NYK,Obi Toppin,526,0,4,1,
CHI_2020_21_G019,0022000315,2021-02-01,NYK,RJ Barrett,1819,1,14,-11,
CHI_2020_21_G019,0022000315,2021-02-01,NYK,Reggie Bullock,1309,1,4,-1,
CHI_2020_21_G019,0022000315,2021-02-01,NYK,Taj Gibson,0,0,0,0,DNP - Coach's Decision
CHI_2020_21_G019,0022000315,2021-02-01,NYK,Theo Pinson,0,0,0,0,DNP - Coach's Decision
CHI_2020_21_G020,0022000332,2021-02-03,CHI,Chandler Hutchison,0,0,0,0,DNP - Coach's Decision
CHI_2020_21_G020,0022000332,2021-02-03,CHI,Coby White,1935,1,13,-8,
CHI_2020_21_G020,0022000332,2021-02-03,CHI,Cristiano Felicio,0,0,0,0,DNP - Coach's Decision
CHI_2020_21_G020,0022000332,2021-02-03,CHI,Daniel Gafford,1170,1,4,1,
CHI_2020_21_G020,0022000332,2021-02-03,CHI,Denzel Valentine,1170,0,13,5,
CHI_2020_21_G020,0022000332,2021-02-03,CHI,Garrett Temple,1407,0,3,-2,
CHI_2020_21_G020,0022000332,2021-02-03,CHI,Lauri Markkanen,2137,1,9,-8,
CHI_2020_21_G020,0022000332,2021-02-03,CHI,Luke Kornet,0,0,0,0,DNP - Coach's Decision
CHI_2020_21_G020,0022000332,2021-02-03,CHI,Patrick Williams,1930,1,12,5,
CHI_2020_21_G020,0022000332,2021-02-03,CHI,Ryan Arcidiacono,0,0,0,0,DNP - Coach's Decision
CHI_2020_21_G020,0022000332,2021-02-03,CHI,Thaddeus Young,1552,0,19,-9,
CHI_2020_21_G020,0022000332,2021-02-03,CHI,Tomas Satoransky,822,0,6,4,
CHI_2020_21_G020,0022000332,2021-02-03,CHI,Zach LaVine,2277,1,24,-8,
CHI_2020_21_G020,0022000332,2021-02-03,NYK,Alec Burks,1134,0,3,0,
CHI_2020_21_G020,0022000332,2021-02-03,NYK,Austin Rivers,1069,0,5,1,
CHI_2020_21_G020,0022000332,2021-02-03,NYK,Elfrid Payton,2082,1,20,7,
CHI_2020_21_G020,0022000332,2021-02-03,NYK,Frank Ntilikina,0,0,0,0,DNP - Coach's Decision
CHI_2020_21_G020,0022000332,2021-02-03,NYK,Immanuel Quickley,798,0,9,-3,
CHI_2020_21_G020,0022000332,2021-02-03,NYK,Julius Randle,2300,1,27,14,
CHI_2020_21_G020,0022000332,2021-02-03,NYK,Kevin Knox II,0,0,0,0,DNP - Coach's Decision
CHI_2020_21_G020,0022000332,2021-02-03,NYK,Mitchell Robinson,1687,1,8,9,
CHI_2020_21_G020,0022000332,2021-02-03,NYK,Nerlens Noel,1183,0,4,-4,
CHI_2020_21_G020,0022000332,2021-02-03,NYK,Obi Toppin,580,0,5,-10,
CHI_2020_21_G020,0022000332,2021-02-03,NYK,RJ Barrett,1922,1,17,4,
CHI_2020_21_G020,0022000332,2021-02-03,NYK,Reggie Bullock,1645,1,9,2,
CHI_2020_21_G020,0022000332,2021-02-03,NYK,Taj Gibson,0,0,0,0,DNP - Coach's Decision
CHI_2020_21_G020,0022000332,2021-02-03,NYK,Theo Pinson,0,0,0,0,DNP - Coach's Decision
CHI_2020_21_G021,0022000344,2021-02-05,CHI,Chandler Hutchison,236,0,0,1,
CHI_2020_21_G021,0022000344,2021-02-05,CHI,Coby White,2020,1,16,-15,
CHI_2020_21_G021,0022000344,2021-02-05,CHI,Cristiano Felicio,0,0,0,0,DNP - Coach's Decision
CHI_2020_21_G021,0022000344,2021-02-05,CHI,Daniel Gafford,643,1,4,-18,
CHI_2020_21_G021,0022000344,2021-02-05,CHI,Denzel Valentine,1226,0,14,1,
CHI_2020_21_G021,0022000344,2021-02-05,CHI,Garrett Temple,1822,0,5,8,
CHI_2020_21_G021,0022000344,2021-02-05,CHI,Lauri Markkanen,1029,1,13,-16,
CHI_2020_21_G021,0022000344,2021-02-05,CHI,Luke Kornet,0,0,0,0,DNP - Coach's Decision
CHI_2020_21_G021,0022000344,2021-02-05,CHI,Patrick Williams,2032,1,20,-8,
CHI_2020_21_G021,0022000344,2021-02-05,CHI,Ryan Arcidiacono,0,0,0,0,DNP - Coach's Decision
CHI_2020_21_G021,0022000344,2021-02-05,CHI,Thaddeus Young,1940,0,15,10,
CHI_2020_21_G021,0022000344,2021-02-05,CHI,Tomas Satoransky,1271,0,6,19,
CHI_2020_21_G021,0022000344,2021-02-05,CHI,Zach LaVine,2181,1,26,-2,
CHI_2020_21_G021,0022000344,2021-02-05,ORL,Chuma Okeke,1062,0,4,-17,
CHI_2020_21_G021,0022000344,2021-02-05,ORL,Cole Anthony,1947,1,17,16,
CHI_2020_21_G021,0022000344,2021-02-05,ORL,Dwayne Bacon,1135,0,7,-5,
CHI_2020_21_G021,0022000344,2021-02-05,ORL,Evan Fournier,1758,1,20,7,
CHI_2020_21_G021,0022000344,2021-02-05,ORL,Frank Mason III,933,0,4,-12,
CHI_2020_21_G021,0022000344,2021-02-05,ORL,Gary Clark,998,1,0,9,
CHI_2020_21_G021,0022000344,2021-02-05,ORL,James Ennis III,1402,1,14,15,
CHI_2020_21_G021,0022000344,2021-02-05,ORL,Khem Birch,1112,0,7,-1,
CHI_2020_21_G021,0022000344,2021-02-05,ORL,Michael Carter-Williams,0,0,0,0,DND - Injury/Illness
CHI_2020_21_G021,0022000344,2021-02-05,ORL,Mo Bamba,0,0,0,0,DNP - Coach's Decision
CHI_2020_21_G021,0022000344,2021-02-05,ORL,Nikola Vucevic,2238,1,43,10,
CHI_2020_21_G021,0022000344,2021-02-05,ORL,Terrence Ross,1815,0,7,-2,
CHI_2020_21_G022,0022000353,2021-02-06,CHI,Chandler Hutchison,0,0,0,0,DND - Personal
CHI_2020_21_G022,0022000353,2021-02-06,CHI,Coby White,1642,1,13,19,
CHI_2020_21_G022,0022000353,2021-02-06,CHI,Cristiano Felicio,568,0,2,4,
CHI_2020_21_G022,0022000353,2021-02-06,CHI,Daniel Gafford,768,1,2,12,
CHI_2020_21_G022,0022000353,2021-02-06,CHI,Denzel Valentine,2196,1,20,24,
CHI_2020_21_G022,0022000353,2021-02-06,CHI,Garrett Temple,1211,0,6,-6,
CHI_2020_21_G022,0022000353,2021-02-06,CHI,Luke Kornet,89,0,0,0,
CHI_2020_21_G022,0022000353,2021-02-06,CHI,Patrick Williams,2007,1,16,22,
CHI_2020_21_G022,0022000353,2021-02-06,CHI,Ryan Arcidiacono,763,0,0,6,
CHI_2020_21_G022,0022000353,2021-02-06,CHI,Thaddeus Young,1544,0,11,10,
CHI_2020_21_G022,0022000353,2021-02-06,CHI,Tomas Satoransky,1621,0,9,13,
CHI_2020_21_G022,0022000353,2021-02-06,CHI,Zach LaVine,1991,1,39,26,
CHI_2020_21_G022,0022000353,2021-02-06,ORL,Chuma Okeke,1323,0,2,5,
CHI_2020_21_G022,0022000353,2021-02-06,ORL,Cole Anthony,1759,1,11,-34,
CHI_2020_21_G022,0022000353,2021-02-06,ORL,Dwayne Bacon,1833,1,16,-13,
CHI_2020_21_G022,0022000353,2021-02-06,ORL,Evan Fournier,0,0,0,0,DND - Injury/Illness
CHI_2020_21_G022,0022000353,2021-02-06,ORL,Frank Mason III,1573,0,10,-2,
CHI_2020_21_G022,0022000353,2021-02-06,ORL,Gary Clark,1808,1,3,-21,
CHI_2020_21_G022,0022000353,2021-02-06,ORL,James Ennis III,1759,1,6,-15,
CHI_2020_21_G022,0022000353,2021-02-06,ORL,Khem Birch,958,0,0,-2,
CHI_2020_21_G022,0022000353,2021-02-06,ORL,Michael Carter-Williams,0,0,0,0,DND - Injury/Illness
CHI_2020_21_G022,0022000353,2021-02-06,ORL,Mo Bamba,720,0,14,5,
CHI_2020_21_G022,0022000353,2021-02-06,ORL,Nikola Vucevic,1460,1,17,-41,
CHI_2020_21_G022,0022000353,2021-02-06,ORL,Terrence Ross,1207,0,13,-12,
CHI_2020_21_G023,0022000368,2021-02-08,CHI,Adam Mokoka,0,0,0,0,DNP - Coach's Decision
CHI_2020_21_G023,0022000368,2021-02-08,CHI,Chandler Hutchison,0,0,0,0,DND - Personal
CHI_2020_21_G023,0022000368,2021-02-08,CHI,Coby White,1809,1,8,1,
CHI_2020_21_G023,0022000368,2021-02-08,CHI,Cristiano Felicio,554,0,2,-4,
CHI_2020_21_G023,0022000368,2021-02-08,CHI,Daniel Gafford,892,1,10,-2,
CHI_2020_21_G023,0022000368,2021-02-08,CHI,Denzel Valentine,1666,1,11,-4,
CHI_2020_21_G023,0022000368,2021-02-08,CHI,Garrett Temple,1671,0,2,3,
CHI_2020_21_G023,0022000368,2021-02-08,CHI,Luke Kornet,0,0,0,0,DNP - Coach's Decision
CHI_2020_21_G023,0022000368,2021-02-08,CHI,Patrick Williams,2122,1,10,6,
CHI_2020_21_G023,0022000368,2021-02-08,CHI,Ryan Arcidiacono,364,0,0,-8,
CHI_2020_21_G023,0022000368,2021-02-08,CHI,Thaddeus Young,1666,0,14,-1,
CHI_2020_21_G023,0022000368,2021-02-08,CHI,Tomas Satoransky,1402,0,9,-4,
CHI_2020_21_G023,0022000368,2021-02-08,CHI,Zach LaVine,2254,1,35,-7,
CHI_2020_21_G023,0022000368,2021-02-08,WAS,Alex Len,1254,1,13,-8,
CHI_2020_21_G023,0022000368,2021-02-08,WAS,Anthony Gill,0,0,0,0,DNP - Coach's Decision
CHI_2020_21_G023,0022000368,2021-02-08,WAS,Bradley Beal,2097,1,35,-5,
CHI_2020_21_G023,0022000368,2021-02-08,WAS,Davis Bertans,2270,1,12,-1,
CHI_2020_21_G023,0022000368,2021-02-08,WAS,Deni Avdija,1708,0,4,15,
CHI_2020_21_G023,0022000368,2021-02-08,WAS,Garrison Mathews,386,0,2,5,
CHI_2020_21_G023,0022000368,2021-02-08,WAS,Isaac Bonga,0,0,0,0,DNP - Coach's Decision
CHI_2020_21_G023,0022000368,2021-02-08,WAS,Ish Smith,1877,0,6,13,
CHI_2020_21_G023,0022000368,2021-02-08,WAS,Jerome Robinson,0,0,0,0,DNP - Coach's Decision
CHI_2020_21_G023,0022000368,2021-02-08,WAS,Moritz Wagner,0,0,0,0,DNP - Coach's Decision
CHI_2020_21_G023,0022000368,2021-02-08,WAS,Raul Neto,1003,1,6,-9,
CHI_2020_21_G023,0022000368,2021-02-08,WAS,Robin Lopez,1626,0,8,12,
CHI_2020_21_G023,0022000368,2021-02-08,WAS,Rui Hachimura,2179,1,19,-2,
CHI_2020_21_G023,0022000368,2021-02-08,WAS,Troy Brown Jr.,0,0,0,0,DNP - Coach's Decision
CHI_2020_21_G024,0022000385,2021-02-10,CHI,Adam Mokoka,0,0,0,0,DNP - Coach's Decision
CHI_2020_21_G024,0022000385,2021-02-10,CHI,Coby White,2067,1,30,-2,
CHI_2020_21_G024,0022000385,2021-02-10,CHI,Cristiano Felicio,0,0,0,0,DNP - Coach's Decision
CHI_2020_21_G024,0022000385,2021-02-10,CHI,Daniel Gafford,995,1,9,3,
CHI_2020_21_G024,0022000385,2021-02-10,CHI,Denzel Valentine,1350,1,16,0,
CHI_2020_21_G024,0022000385,2021-02-10,CHI,Garrett Temple,2130,0,10,18,
CHI_2020_21_G024,0022000385,2021-02-10,CHI,Luke Kornet,265,0,0,-2,
CHI_2020_21_G024,0022000385,2021-02-10,CHI,Patrick Williams,2082,1,7,7,
CHI_2020_21_G024,0022000385,2021-02-10,CHI,Ryan Arcidiacono,487,0,0,-8,
CHI_2020_21_G024,0022000385,2021-02-10,CHI,Thaddeus Young,1620,0,8,12,
CHI_2020_21_G024,0022000385,2021-02-10,CHI,Tomas Satoransky,1150,0,3,17,
CHI_2020_21_G024,0022000385,2021-02-10,CHI,Zach LaVine,2254,1,46,20,
CHI_2020_21_G024,0022000385,2021-02-10,NOP,Brandon Ingram,2282,1,21,-10,
CHI_2020_21_G024,0022000385,2021-02-10,NOP,Eric Bledsoe,1029,1,5,-9,
CHI_2020_21_G024,0022000385,2021-02-10,NOP,JJ Redick,1100,0,6,1,
CHI_2020_21_G024,0022000385,2021-02-10,NOP,Jaxson Hayes,0,0,0,0,DNP - Coach's Decision
CHI_2020_21_G024,0022000385,2021-02-10,NOP,Josh Hart,1626,0,8,-7,
CHI_2020_21_G024,0022000385,2021-02-10,NOP,Kira Lewis Jr.,1425,0,14,-5,
CHI_2020_21_G024,0022000385,2021-02-10,NOP,Lonzo Ball,2036,1,21,-14,
CHI_2020_21_G024,0022000385,2021-02-10,NOP,Nickeil Alexander-Walker,544,0,0,-2,
CHI_2020_21_G024,0022000385,2021-02-10,NOP,Nicolo Melli,0,0,0,0,DNP - Coach's Decision
CHI_2020_21_G024,0022000385,2021-02-10,NOP,Sindarius Thornwell,0,0,0,0,DNP - Coach's Decision
CHI_2020_21_G024,0022000385,2021-02-10,NOP,Steven Adams,1304,1,3,-16,
CHI_2020_21_G024,0022000385,2021-02-10,NOP,Wenyen Gabriel,0,0,0,0,DNP - Coach's Decision
CHI_2020_21_G024,0022000385,2021-02-10,NOP,Willy Hernangomez,840,0,9,4,
CHI_2020_21_G024,0022000385,2021-02-10,NOP,Zion Williamson,2214,1,29,-7,
CHI_2020_21_G025,0022000400,2021-02-12,CHI,Adam Mokoka,75,0,0,0,
CHI_2020_21_G025,0022000400,2021-02-12,CHI,Coby White,2025,1,17,-9,
CHI_2020_21_G025,0022000400,2021-02-12,CHI,Cristiano Felicio,75,0,0,0,
CHI_2020_21_G025,0022000400,2021-02-12,CHI,Daniel Gafford,467,1,2,-6,
CHI_2020_21_G025,0022000400,2021-02-12,CHI,Denzel Valentine,1359,0,10,-7,
CHI_2020_21_G025,0022000400,2021-02-12,CHI,Garrett Temple,1808,1,10,-22,
CHI_2020_21_G025,0022000400,2021-02-12,CHI,Luke Kornet,885,0,7,-4,
CHI_2020_21_G025,0022000400,2021-02-12,CHI,Patrick Williams,2099,1,3,-19,
CHI_2020_21_G025,0022000400,2021-02-12,CHI,Ryan Arcidiacono,256,0,0,6,
CHI_2020_21_G025,0022000400,2021-02-12,CHI,Thaddeus Young,1528,0,14,-9,
CHI_2020_21_G025,0022000400,2021-02-12,CHI,Tomas Satoransky,1771,0,17,-8,
CHI_2020_21_G025,0022000400,2021-02-12,CHI,Zach LaVine,2052,1,26,-17,
CHI_2020_21_G025,0022000400,2021-02-12,LAC,Ivica Zubac,894,0,12,7,
CHI_2020_21_G025,0022000400,2021-02-12,LAC,Kawhi Leonard,1972,1,33,4,
CHI_2020_21_G025,0022000400,2021-02-12,LAC,Lou Williams,1443,0,17,13,
CHI_2020_21_G025,0022000400,2021-02-12,LAC,Luke Kennard,1105,0,3,0,
CHI_2020_21_G025,0022000400,2021-02-12,LAC,Marcus Morris Sr.,1476,0,20,7,
CHI_2020_21_G025,0022000400,2021-02-12,LAC,Mfiondu Kabengele,193,0,0,-2,
CHI_2020_21_G025,0022000400,2021-02-12,LAC,Nicolas Batum,1854,1,7,21,
CHI_2020_21_G025,0022000400,2021-02-12,LAC,Patrick Beverley,703,1,6,13,
CHI_2020_21_G025,0022000400,2021-02-12,LAC,Patrick Patterson,0,0,0,0,DNP - Coach's Decision
CHI_2020_21_G025,0022000400,2021-02-12,LAC,Reggie Jackson,1438,1,11,6,
CHI_2020_21_G025,0022000400,2021-02-12,LAC,Serge Ibaka,1342,1,9,5,
CHI_2020_21_G025,0022000400,2021-02-12,LAC,Terance Mann,1980,0,7,21,
CHI_2020_21_G026,0022000420,2021-02-15,CHI,Coby White,2621,1,19,16,
CHI_2020_21_G026,0022000420,2021-02-15,CHI,Cristiano Felicio,0,0,0,0,DNP - Coach's Decision
CHI_2020_21_G026,0022000420,2021-02-15,CHI,Daniel Gafford,0,0,0,0,DNP - Coach's Decision
CHI_2020_21_G026,0022000420,2021-02-15,CHI,Denzel Valentine,1958,0,11,0,
CHI_2020_21_G026,0022000420,2021-02-15,CHI,Garrett Temple,2323,1,16,19,
CHI_2020_21_G026,0022000420,2021-02-15,CHI,Luke Kornet,539,0,0,-1,
CHI_2020_21_G026,0022000420,2021-02-15,CHI,Patrick Williams,1592,1,7,-6,
CHI_2020_21_G026,0022000420,2021-02-15,CHI,Ryan Arcidiacono,257,0,0,0,
CHI_2020_21_G026,0022000420,2021-02-15,CHI,Thaddeus Young,1786,0,13,3,
CHI_2020_21_G026,0022000420,2021-02-15,CHI,Tomas Satoransky,1264,0,13,0,
CHI_2020_21_G026,0022000420,2021-02-15,CHI,Wendell Carter Jr.,1259,1,11,4,
CHI_2020_21_G026,0022000420,2021-02-15,CHI,Zach LaVine,2301,1,30,5,
CHI_2020_21_G026,0022000420,2021-02-15,IND,Aaron Holiday,1099,0,4,-3,
CHI_2020_21_G026,0022000420,2021-02-15,IND,Domantas Sabonis,2593,1,25,-18,
CHI_2020_21_G026,0022000420,2021-02-15,IND,Doug McDermott,0,0,0,0,DNP - Injury/Illness
CHI_2020_21_G026,0022000420,2021-02-15,IND,Edmond Sumner,701,0,3,6,
CHI_2020_21_G026,0022000420,2021-02-15,IND,Goga Bitadze,144,0,0,-2,
CHI_2020_21_G026,0022000420,2021-02-15,IND,JaKarr Sampson,164,0,0,6,
CHI_2020_21_G026,0022000420,2021-02-15,IND,Jeremy Lamb,1510,0,12,10,
CHI_2020_21_G026,0022000420,2021-02-15,IND,Justin Holiday,2483,1,15,-19,
CHI_2020_21_G026,0022000420,2021-02-15,IND,Kelan Martin,0,0,0,0,DNP - Coach's Decision
CHI_2020_21_G026,0022000420,2021-02-15,IND,Malcolm Brogdon,2510,1,23,-16,
CHI_2020_21_G026,0022000420,2021-02-15,IND,Myles Turner,2163,1,11,4,
CHI_2020_21_G026,0022000420,2021-02-15,IND,T.J. McConnell,2533,1,19,-8,
CHI_2020_21_G027,0022000564,2021-02-17,CHI,Coby White,1456,1,8,-2,
CHI_2020_21_G027,0022000564,2021-02-17,CHI,Cristiano Felicio,0,0,0,0,DNP - Coach's Decision
CHI_2020_21_G027,0022000564,2021-02-17,CHI,Daniel Gafford,0,0,0,0,DNP - Coach's Decision
CHI_2020_21_G027,0022000564,2021-02-17,CHI,Denzel Valentine,1550,0,3,9,
CHI_2020_21_G027,0022000564,2021-02-17,CHI,Garrett Temple,2069,1,9,13,
CHI_2020_21_G027,0022000564,2021-02-17,CHI,Luke Kornet,344,0,0,-4,
CHI_2020_21_G027,0022000564,2021-02-17,CHI,Patrick Williams,1770,1,15,-10,
CHI_2020_21_G027,0022000564,2021-02-17,CHI,Ryan Arcidiacono,442,0,2,0,
CHI_2020_21_G027,0022000564,2021-02-17,CHI,Thaddeus Young,1437,0,9,3,
CHI_2020_21_G027,0022000564,2021-02-17,CHI,Tomas Satoransky,1612,0,4,7,
CHI_2020_21_G027,0022000564,2021-02-17,CHI,Wendell Carter Jr.,1604,1,18,-2,
CHI_2020_21_G027,0022000564,2021-02-17,CHI,Zach LaVine,2116,1,37,1,
CHI_2020_21_G027,0022000564,2021-02-17,DET,Deividas Sirvydis,0,0,0,0,DNP - Coach's Decision
CHI_2020_21_G027,0022000564,2021-02-17,DET,Delon Wright,2312,1,12,-9,
CHI_2020_21_G027,0022000564,2021-02-17,DET,Dennis Smith Jr.,992,0,10,0,
CHI_2020_21_G027,0022000564,2021-02-17,DET,Isaiah Stewart,892,0,0,3,
CHI_2020_21_G027,0022000564,2021-02-17,DET,Jerami Grant,2269,1,43,-7,
CHI_2020_21_G027,0022000564,2021-02-17,DET,Josh Jackson,1610,0,8,3,
CHI_2020_21_G027,0022000564,2021-02-17,DET,Mason Plumlee,1988,1,11,-6,
CHI_2020_21_G027,0022000564,2021-02-17,DET,Rodney McGruder,0,0,0,0,DNP - Coach's Decision
CHI_2020_21_G027,0022000564,2021-02-17,DET,Saddiq Bey,1909,1,12,4,
CHI_2020_21_G027,0022000564,2021-02-17,DET,Svi Mykhailiuk,1144,0,0,2,
CHI_2020_21_G027,0022000564,2021-02-17,DET,Wayne Ellington,1285,1,6,-5,
CHI_2020_21_G028,0022000450,2021-02-19,CHI,Coby White,1614,1,9,-10,
CHI_2020_21_G028,0022000450,2021-02-19,CHI,Cristiano Felicio,0,0,0,0,DNP - Coach's Decision
CHI_2020_21_G028,0022000450,2021-02-19,CHI,Daniel Gafford,295,0,0,5,
CHI_2020_21_G028,0022000450,2021-02-19,CHI,Denzel Valentine,933,0,3,7,
CHI_2020_21_G028,0022000450,2021-02-19,CHI,Garrett Temple,2009,1,10,-12,
CHI_2020_21_G028,0022000450,2021-02-19,CHI,Luke Kornet,339,0,0,4,
CHI_2020_21_G028,0022000450,2021-02-19,CHI,Patrick Williams,1884,1,6,-9,
CHI_2020_21_G028,0022000450,2021-02-19,CHI,Ryan Arcidiacono,1057,0,10,0,
CHI_2020_21_G028,0022000450,2021-02-19,CHI,Thaddeus Young,1221,0,12,1,
CHI_2020_21_G028,0022000450,2021-02-19,CHI,Tomas Satoransky,1276,0,10,9,
CHI_2020_21_G028,0022000450,2021-02-19,CHI,Wendell Carter Jr.,1495,1,15,-17,
CHI_2020_21_G028,0022000450,2021-02-19,CHI,Zach LaVine,2277,1,30,-13,
CHI_2020_21_G028,0022000450,2021-02-19,PHI,Danny Green,2224,1,13,19,
CHI_2020_21_G028,0022000450,2021-02-19,PHI,Dwight Howard,764,0,8,-15,
CHI_2020_21_G028,0022000450,2021-02-19,PHI,Furkan Korkmaz,687,0,2,-11,
CHI_2020_21_G028,0022000450,2021-02-19,PHI,Isaiah Joe,386,0,0,-2,
CHI_2020_21_G028,0022000450,2021-02-19,PHI,Joel Embiid,2116,1,50,22,
CHI_2020_21_G028,0022000450,2021-02-19,PHI,Matisse Thybulle,2198,1,2,16,
CHI_2020_21_G028,0022000450,2021-02-19,PHI,Mike Scott,517,0,0,-20,
CHI_2020_21_G028,0022000450,2021-02-19,PHI,Seth Curry,2281,1,9,15,
CHI_2020_21_G028,0022000450,2021-02-19,PHI,Terrance Ferguson,0,0,0,0,DNP - Coach's Decision
CHI_2020_21_G028,0022000450,2021-02-19,PHI,Tobias Harris,2207,1,22,22,
CHI_2020_21_G028,0022000450,2021-02-19,PHI,Tony Bradley,0,0,0,0,DNP - Coach's Decision
CHI_2020_21_G028,0022000450,2021-02-19,PHI,Tyrese Maxey,1020,0,6,-11,
CHI_2020_21_G028,0022000450,2021-02-19,PHI,Vincent Poirier,0,0,0,0,DNP - Coach's Decision
CHI_2020_21_G029,0022000460,2021-02-20,CHI,Coby White,2104,1,19,9,
CHI_2020_21_G029,0022000460,2021-02-20,CHI,Cristiano Felicio,0,0,0,0,DNP - Coach's Decision
CHI_2020_21_G029,0022000460,2021-02-20,CHI,Daniel Gafford,0,0,0,0,DNP - Coach's Decision
CHI_2020_21_G029,0022000460,2021-02-20,CHI,Denzel Valentine,918,0,0,-4,
CHI_2020_21_G029,0022000460,2021-02-20,CHI,Garrett Temple,1791,1,14,10,
CHI_2020_21_G029,0022000460,2021-02-20,CHI,Luke Kornet,0,0,0,0,DNP - Coach's Decision
CHI_2020_21_G029,0022000460,2021-02-20,CHI,Patrick Williams,2120,1,11,-1,
CHI_2020_21_G029,0022000460,2021-02-20,CHI,Ryan Arcidiacono,880,0,5,-1,
CHI_2020_21_G029,0022000460,2021-02-20,CHI,Thaddeus Young,1317,0,18,7,
CHI_2020_21_G029,0022000460,2021-02-20,CHI,Tomas Satoransky,1130,0,10,3,
CHI_2020_21_G029,0022000460,2021-02-20,CHI,Wendell Carter Jr.,1988,1,7,2,
CHI_2020_21_G029,0022000460,2021-02-20,CHI,Zach LaVine,2152,1,38,15,
CHI_2020_21_G029,0022000460,2021-02-20,SAC,Buddy Hield,2129,1,23,2,
CHI_2020_21_G029,0022000460,2021-02-20,SAC,Cory Joseph,2176,1,2,-3,
CHI_2020_21_G029,0022000460,2021-02-20,SAC,DaQuan Jeffries,1065,0,4,-1,
CHI_2020_21_G029,0022000460,2021-02-20,SAC,De'Aaron Fox,2379,1,20,-16,
CHI_2020_21_G029,0022000460,2021-02-20,SAC,Hassan Whiteside,978,1,12,-4,
CHI_2020_21_G029,0022000460,2021-02-20,SAC,Jabari Parker,525,0,2,-2,
CHI_2020_21_G029,0022000460,2021-02-20,SAC,Justin James,365,0,0,-4,
CHI_2020_21_G029,0022000460,2021-02-20,SAC,Kyle Guy,0,0,0,0,DNP - Coach's Decision
CHI_2020_21_G029,0022000460,2021-02-20,SAC,Marvin Bagley III,2116,1,26,-2,
CHI_2020_21_G029,0022000460,2021-02-20,SAC,Nemanja Bjelica,712,0,9,-3,
CHI_2020_21_G029,0022000460,2021-02-20,SAC,Richaun Holmes,0,0,0,0,DND - Injury/Illness
CHI_2020_21_G029,0022000460,2021-02-20,SAC,Tyrese Haliburton,1955,0,16,-7,
CHI_2020_21_G030,0022000474,2021-02-22,CHI,Coby White,1848,1,24,2,
CHI_2020_21_G030,0022000474,2021-02-22,CHI,Cristiano Felicio,0,0,0,0,DNP - Coach's Decision
CHI_2020_21_G030,0022000474,2021-02-22,CHI,Daniel Gafford,153,0,0,-3,
CHI_2020_21_G030,0022000474,2021-02-22,CHI,Denzel Valentine,1122,0,5,-16,
CHI_2020_21_G030,0022000474,2021-02-22,CHI,Garrett Temple,1715,1,9,39,
CHI_2020_21_G030,0022000474,2021-02-22,CHI,Luke Kornet,0,0,0,0,DNP - Coach's Decision
CHI_2020_21_G030,0022000474,2021-02-22,CHI,Patrick Williams,2052,1,14,28,
CHI_2020_21_G030,0022000474,2021-02-22,CHI,Ryan Arcidiacono,903,0,2,-4,
CHI_2020_21_G030,0022000474,2021-02-22,CHI,Thaddeus Young,1207,0,17,15,
CHI_2020_21_G030,0022000474,2021-02-22,CHI,Tomas Satoransky,1763,0,10,-2,
CHI_2020_21_G030,0022000474,2021-02-22,CHI,Wendell Carter Jr.,1729,1,18,5,
CHI_2020_21_G030,0022000474,2021-02-22,CHI,Zach LaVine,1908,1,21,36,
CHI_2020_21_G030,0022000474,2021-02-22,HOU,Ben McLemore,681,0,0,-6,
CHI_2020_21_G030,0022000474,2021-02-22,HOU,Danuel House Jr.,1562,1,15,-37,
CHI_2020_21_G030,0022000474,2021-02-22,HOU,David Nwaba,1611,0,22,8,
CHI_2020_21_G030,0022000474,2021-02-22,HOU,Eric Gordon,1679,1,13,-24,
CHI_2020_21_G030,0022000474,2021-02-22,HOU,Jae'Sean Tate,1887,1,12,-17,
CHI_2020_21_G030,0022000474,2021-02-22,HOU,John Wall,1572,1,15,-29,
CHI_2020_21_G030,0022000474,2021-02-22,HOU,Justin Patton,1287,0,4,8,
CHI_2020_21_G030,0022000474,2021-02-22,HOU,Mason Jones,521,0,3,8,
CHI_2020_21_G030,0022000474,2021-02-22,HOU,P.J. Tucker,1355,1,0,-23,
CHI_2020_21_G030,0022000474,2021-02-22,HOU,Rodions Kurucs,584,0,0,5,
CHI_2020_21_G030,0022000474,2021-02-22,HOU,Sterling Brown,1661,0,16,7,
CHI_2020_21_G030,0022000474,2021-02-22,HOU,Victor Oladipo,0,0,0,0,DNP - Injury/Illness
CHI_2020_21_G031,0022000493,2021-02-24,CHI,Coby White,1950,1,20,10,
CHI_2020_21_G031,0022000493,2021-02-24,CHI,Cristiano Felicio,0,0,0,0,DNP - Coach's Decision
CHI_2020_21_G031,0022000493,2021-02-24,CHI,Daniel Gafford,0,0,0,0,DNP - Coach's Decision
CHI_2020_21_G031,0022000493,2021-02-24,CHI,Denzel Valentine,1185,0,10,7,
CHI_2020_21_G031,0022000493,2021-02-24,CHI,Garrett Temple,2249,1,5,-4,
CHI_2020_21_G031,0022000493,2021-02-24,CHI,Luke Kornet,702,0,0,10,
CHI_2020_21_G031,0022000493,2021-02-24,CHI,Patrick Williams,1640,1,13,2,
CHI_2020_21_G031,0022000493,2021-02-24,CHI,Ryan Arcidiacono,558,0,3,3,
CHI_2020_21_G031,0022000493,2021-02-24,CHI,Thaddeus Young,1711,0,14,3,
CHI_2020_21_G031,0022000493,2021-02-24,CHI,Tomas Satoransky,1535,0,16,10,
CHI_2020_21_G031,0022000493,2021-02-24,CHI,Wendell Carter Jr.,1899,1,17,-2,
CHI_2020_21_G031,0022000493,2021-02-24,CHI,Zach LaVine,2471,1,35,-4,
CHI_2020_21_G031,0022000493,2021-02-24,MIN,Anthony Edwards,2217,1,21,5,
CHI_2020_21_G031,0022000493,2021-02-24,MIN,Ed Davis,0,0,0,0,DNP - Coach's Decision
CHI_2020_21_G031,0022000493,2021-02-24,MIN,Jaden McDaniels,934,0,2,-12,
CHI_2020_21_G031,0022000493,2021-02-24,MIN,Jake Layman,0,0,0,0,DNP - Coach's Decision
CHI_2020_21_G031,0022000493,2021-02-24,MIN,Jarred Vanderbilt,2059,1,16,-2,
CHI_2020_21_G031,0022000493,2021-02-24,MIN,Jarrett Culver,0,0,0,0,DNP - Coach's Decision
CHI_2020_21_G031,0022000493,2021-02-24,MIN,Jaylen Nowell,1157,0,12,-7,
CHI_2020_21_G031,0022000493,2021-02-24,MIN,Jordan McLaughlin,1217,0,0,-8,
CHI_2020_21_G031,0022000493,2021-02-24,MIN,Josh Okogie,956,0,4,-12,
CHI_2020_21_G031,0022000493,2021-02-24,MIN,Juancho Hernangomez,0,0,0,0,DNP - Coach's Decision
CHI_2020_21_G031,0022000493,2021-02-24,MIN,Karl-Anthony Towns,1860,1,24,12,
CHI_2020_21_G031,0022000493,2021-02-24,MIN,Malik Beasley,2225,1,25,5,
CHI_2020_21_G031,0022000493,2021-02-24,MIN,Naz Reid,1313,0,13,-17,
CHI_2020_21_G031,0022000493,2021-02-24,MIN,Ricky Rubio,1963,1,9,1,
CHI_2020_21_G032,0022000508,2021-02-26,CHI,Coby White,1870,1,19,-9,
CHI_2020_21_G032,0022000508,2021-02-26,CHI,Cristiano Felicio,0,0,0,0,DNP - Coach's Decision
CHI_2020_21_G032,0022000508,2021-02-26,CHI,Daniel Gafford,0,0,0,0,DNP - Coach's Decision
CHI_2020_21_G032,0022000508,2021-02-26,CHI,Denzel Valentine,1246,0,4,3,
CHI_2020_21_G032,0022000508,2021-02-26,CHI,Garrett Temple,1904,1,5,-13,
CHI_2020_21_G032,0022000508,2021-02-26,CHI,Luke Kornet,710,0,11,6,
CHI_2020_21_G032,0022000508,2021-02-26,CHI,Patrick Williams,2007,1,4,-11,
CHI_2020_21_G032,0022000508,2021-02-26,CHI,Ryan Arcidiacono,683,0,3,-3,
CHI_2020_21_G032,0022000508,2021-02-26,CHI,Thaddeus Young,1290,0,13,-7,
CHI_2020_21_G032,0022000508,2021-02-26,CHI,Tomas Satoransky,1234,0,12,4,
CHI_2020_21_G032,0022000508,2021-02-26,CHI,Wendell Carter Jr.,1474,1,2,-5,
CHI_2020_21_G032,0022000508,2021-02-26,CHI,Zach LaVine,1982,1,24,-10,
CHI_2020_21_G032,0022000508,2021-02-26,PHX,Abdel Nader,1048,0,4,-1,
CHI_2020_21_G032,0022000508,2021-02-26,PHX,Cameron Johnson,1076,0,8,12,
CHI_2020_21_G032,0022000508,2021-02-26,PHX,Cameron Payne,549,0,2,-21,
CHI_2020_21_G032,0022000508,2021-02-26,PHX,Chris Paul,2084,1,14,28,
CHI_2020_21_G032,0022000508,2021-02-26,PHX,Dario Saric,0,0,0,0,DNP - Injury/Illness
CHI_2020_21_G032,0022000508,2021-02-26,PHX,Deandre Ayton,2005,1,22,9,
CHI_2020_21_G032,0022000508,2021-02-26,PHX,Devin Booker,2100,1,22,10,
CHI_2020_21_G032,0022000508,2021-02-26,PHX,E'Twaun Moore,1036,0,2,1,
CHI_2020_21_G032,0022000508,2021-02-26,PHX,Frank Kaminsky,813,0,15,2,
CHI_2020_21_G032,0022000508,2021-02-26,PHX,Jae Crowder,1733,1,3,-1,
CHI_2020_21_G032,0022000508,2021-02-26,PHX,Jalen Smith,62,0,0,-2,
CHI_2020_21_G032,0022000508,2021-02-26,PHX,Jevon Carter,62,0,0,-2,
CHI_2020_21_G032,0022000508,2021-02-26,PHX,Langston Galloway,0,0,0,0,DNP - Coach's Decision
CHI_2020_21_G032,0022000508,2021-02-26,PHX,Mikal Bridges,1832,1,14,10,
CHI_2020_21_G033,0022000531,2021-03-01,CHI,Coby White,2226,1,20,-4,
CHI_2020_21_G033,0022000531,2021-03-01,CHI,Cristiano Felicio,0,0,0,0,DNP - Coach's Decision
CHI_2020_21_G033,0022000531,2021-03-01,CHI,Daniel Gafford,0,0,0,0,DNP - Coach's Decision
CHI_2020_21_G033,0022000531,2021-03-01,CHI,Denzel Valentine,1490,0,13,11,
CHI_2020_21_G033,0022000531,2021-03-01,CHI,Garrett Temple,1388,1,9,-11,
CHI_2020_21_G033,0022000531,2021-03-01,CHI,Luke Kornet,652,0,6,16,
CHI_2020_21_G033,0022000531,2021-03-01,CHI,Patrick Williams,1918,1,13,-23,
CHI_2020_21_G033,0022000531,2021-03-01,CHI,Ryan Arcidiacono,547,0,5,8,
CHI_2020_21_G033,0022000531,2021-03-01,CHI,Thaddeus Young,1709,0,12,4,
CHI_2020_21_G033,0022000531,2021-03-01,CHI,Tomas Satoransky,1196,0,3,1,
CHI_2020_21_G033,0022000531,2021-03-01,CHI,Wendell Carter Jr.,1362,1,8,-12,
CHI_2020_21_G033,0022000531,2021-03-01,CHI,Zach LaVine,1912,1,23,-20,
CHI_2020_21_G033,0022000531,2021-03-01,DEN,Bol Bol,0,0,0,0,DNP - Coach's Decision
CHI_2020_21_G033,0022000531,2021-03-01,DEN,Greg Whittington,0,0,0,0,DNP - Coach's Decision
CHI_2020_21_G033,0022000531,2021-03-01,DEN,Isaiah Hartenstein,537,0,2,-2,
CHI_2020_21_G033,0022000531,2021-03-01,DEN,JaMychal Green,0,0,0,0,DNP - Injury/Illness
CHI_2020_21_G033,0022000531,2021-03-01,DEN,Jamal Murray,2133,1,24,15,
CHI_2020_21_G033,0022000531,2021-03-01,DEN,Michael Porter Jr.,2108,1,17,7,
CHI_2020_21_G033,0022000531,2021-03-01,DEN,Monte Morris,2029,1,7,10,
CHI_2020_21_G033,0022000531,2021-03-01,DEN,Nikola Jokic,2305,1,39,12,
CHI_2020_21_G033,0022000531,2021-03-01,DEN,PJ Dozier,1096,0,5,0,
CHI_2020_21_G033,0022000531,2021-03-01,DEN,Vlatko Cancar,1225,0,8,-16,
CHI_2020_21_G033,0022000531,2021-03-01,DEN,Will Barton,2161,1,14,9,
CHI_2020_21_G033,0022000531,2021-03-01,DEN,Zeke Nnaji,807,0,2,-5,
CHI_2020_21_G034,0022000548,2021-03-03,CHI,Coby White,1967,1,25,7,
CHI_2020_21_G034,0022000548,2021-03-03,CHI,Cristiano Felicio,0,0,0,0,DNP - Coach's Decision
CHI_2020_21_G034,0022000548,2021-03-03,CHI,Daniel Gafford,345,0,3,-7,
CHI_2020_21_G034,0022000548,2021-03-03,CHI,Denzel Valentine,873,0,11,-7,
CHI_2020_21_G034,0022000548,2021-03-03,CHI,Garrett Temple,2193,1,8,20,
CHI_2020_21_G034,0022000548,2021-03-03,CHI,Lauri Markkanen,0,0,0,0,DND - Injury/Illness
CHI_2020_21_G034,0022000548,2021-03-03,CHI,Patrick Williams,1572,1,13,-17,
CHI_2020_21_G034,0022000548,2021-03-03,CHI,Ryan Arcidiacono,799,0,5,-3,
CHI_2020_21_G034,0022000548,2021-03-03,CHI,Thaddeus Young,1660,0,18,3,
CHI_2020_21_G034,0022000548,2021-03-03,CHI,Tomas Satoransky,1245,0,2,-13,
CHI_2020_21_G034,0022000548,2021-03-03,CHI,Wendell Carter Jr.,1645,1,7,22,
CHI_2020_21_G034,0022000548,2021-03-03,CHI,Zach LaVine,2101,1,36,15,
CHI_2020_21_G034,0022000548,2021-03-03,NOP,Brandon Ingram,1493,1,21,-13,
CHI_2020_21_G034,0022000548,2021-03-03,NOP,Eric Bledsoe,2510,1,12,-12,
CHI_2020_21_G034,0022000548,2021-03-03,NOP,JJ Redick,1696,0,22,19,
CHI_2020_21_G034,0022000548,2021-03-03,NOP,Jaxson Hayes,666,0,10,10,
CHI_2020_21_G034,0022000548,2021-03-03,NOP,Josh Hart,2024,0,13,6,
CHI_2020_21_G034,0022000548,2021-03-03,NOP,Kira Lewis Jr.,0,0,0,0,DNP - Coach's Decision
CHI_2020_21_G034,0022000548,2021-03-03,NOP,Lonzo Ball,1585,1,12,-13,
CHI_2020_21_G034,0022000548,2021-03-03,NOP,Nickeil Alexander-Walker,0,0,0,0,DNP - Coach's Decision
CHI_2020_21_G034,0022000548,2021-03-03,NOP,Nicolo Melli,0,0,0,0,DNP - Coach's Decision
CHI_2020_21_G034,0022000548,2021-03-03,NOP,Sindarius Thornwell,0,0,0,0,DNP - Coach's Decision
CHI_2020_21_G034,0022000548,2021-03-03,NOP,Steven Adams,1276,1,0,-24,
CHI_2020_21_G034,0022000548,2021-03-03,NOP,Willy Hernangomez,884,0,6,7,
CHI_2020_21_G034,0022000548,2021-03-03,NOP,Zion Williamson,2265,1,28,0,
CHI_2020_21_G035,0022000572,2021-03-11,CHI,Chandler Hutchison,0,0,0,0,DNP - Coach's Decision
CHI_2020_21_G035,0022000572,2021-03-11,CHI,Coby White,1477,1,18,-11,
CHI_2020_21_G035,0022000572,2021-03-11,CHI,Cristiano Felicio,0,0,0,0,DNP - Coach's Decision
CHI_2020_21_G035,0022000572,2021-03-11,CHI,Daniel Gafford,571,0,4,8,
CHI_2020_21_G035,0022000572,2021-03-11,CHI,Denzel Valentine,298,0,2,0,
CHI_2020_21_G035,0022000572,2021-03-11,CHI,Garrett Temple,1190,0,2,-15,
CHI_2020_21_G035,0022000572,2021-03-11,CHI,Lauri Markkanen,1652,1,23,-13,
CHI_2020_21_G035,0022000572,2021-03-11,CHI,Luke Kornet,465,0,0,-10,
CHI_2020_21_G035,0022000572,2021-03-11,CHI,Otto Porter Jr.,1060,0,3,-12,
CHI_2020_21_G035,0022000572,2021-03-11,CHI,Patrick Williams,1908,1,4,0,
CHI_2020_21_G035,0022000572,2021-03-11,CHI,Ryan Arcidiacono,412,0,0,2,
CHI_2020_21_G035,0022000572,2021-03-11,CHI,Thaddeus Young,1040,0,14,-7,
CHI_2020_21_G035,0022000572,2021-03-11,CHI,Tomas Satoransky,1498,0,8,-24,
CHI_2020_21_G035,0022000572,2021-03-11,CHI,Wendell Carter Jr.,906,1,8,-13,
CHI_2020_21_G035,0022000572,2021-03-11,CHI,Zach LaVine,1923,1,19,-15,
CHI_2020_21_G035,0022000572,2021-03-11,PHI,Danny Green,1983,1,9,21,
CHI_2020_21_G035,0022000572,2021-03-11,PHI,Dwight Howard,1456,0,18,9,
CHI_2020_21_G035,0022000572,2021-03-11,PHI,Furkan Korkmaz,1463,0,16,11,
CHI_2020_21_G035,0022000572,2021-03-11,PHI,Matisse Thybulle,1708,1,13,14,
CHI_2020_21_G035,0022000572,2021-03-11,PHI,Mike Scott,1371,0,5,10,
CHI_2020_21_G035,0022000572,2021-03-11,PHI,Seth Curry,1524,1,12,10,
CHI_2020_21_G035,0022000572,2021-03-11,PHI,Shake Milton,1449,0,10,10,
CHI_2020_21_G035,0022000572,2021-03-11,PHI,Terrance Ferguson,180,0,0,2,
CHI_2020_21_G035,0022000572,2021-03-11,PHI,Tobias Harris,1509,1,24,12,
CHI_2020_21_G035,0022000572,2021-03-11,PHI,Tony Bradley,1294,1,14,9,
CHI_2020_21_G035,0022000572,2021-03-11,PHI,Tyrese Maxey,272,0,4,0,
CHI_2020_21_G035,0022000572,2021-03-11,PHI,Vincent Poirier,191,0,2,2,
CHI_2020_21_G036,0022000582,2021-03-12,CHI,Chandler Hutchison,0,0,0,0,DNP - Coach's Decision
CHI_2020_21_G036,0022000582,2021-03-12,CHI,Coby White,2025,1,8,-8,
CHI_2020_21_G036,0022000582,2021-03-12,CHI,Cristiano Felicio,0,0,0,0,DNP - Coach's Decision
CHI_2020_21_G036,0022000582,2021-03-12,CHI,Daniel Gafford,0,0,0,0,DNP - Coach's Decision
CHI_2020_21_G036,0022000582,2021-03-12,CHI,Denzel Valentine,1043,0,5,-1,
CHI_2020_21_G036,0022000582,2021-03-12,CHI,Garrett Temple,1284,0,5,-1,
CHI_2020_21_G036,0022000582,2021-03-12,CHI,Lauri Markkanen,1983,1,20,-9,
CHI_2020_21_G036,0022000582,2021-03-12,CHI,Luke Kornet,0,0,0,0,DNP - Coach's Decision
CHI_2020_21_G036,0022000582,2021-03-12,CHI,Otto Porter Jr.,748,0,0,1,
CHI_2020_21_G036,0022000582,2021-03-12,CHI,Patrick Williams,1236,1,3,-16,
CHI_2020_21_G036,0022000582,2021-03-12,CHI,Ryan Arcidiacono,0,0,0,0,DNP - Coach's Decision
CHI_2020_21_G036,0022000582,2021-03-12,CHI,Thaddeus Young,1533,0,13,0,
CHI_2020_21_G036,0022000582,2021-03-12,CHI,Tomas Satoransky,946,0,2,-1,
CHI_2020_21_G036,0022000582,2021-03-12,CHI,Wendell Carter Jr.,1347,1,4,-11,
CHI_2020_21_G036,0022000582,2021-03-12,CHI,Zach LaVine,2256,1,30,-9,
CHI_2020_21_G036,0022000582,2021-03-12,MIA,Andre Iguodala,1364,0,0,7,
CHI_2020_21_G036,0022000582,2021-03-12,MIA,Bam Adebayo,0,0,0,0,NWT - Injury/Illness
CHI_2020_21_G036,0022000582,2021-03-12,MIA,Chris Silva,706,0,4,5,
CHI_2020_21_G036,0022000582,2021-03-12,MIA,Duncan Robinson,1781,1,15,6,
CHI_2020_21_G036,0022000582,2021-03-12,MIA,Gabe Vincent,0,0,0,0,DNP - Coach's Decision
CHI_2020_21_G036,0022000582,2021-03-12,MIA,Goran Dragic,1935,0,25,9,
CHI_2020_21_G036,0022000582,2021-03-12,MIA,Jimmy Butler,1981,1,28,9,
CHI_2020_21_G036,0022000582,2021-03-12,MIA,KZ Okpala,1517,1,4,4,
CHI_2020_21_G036,0022000582,2021-03-12,MIA,Kelly Olynyk,1993,1,9,7,
CHI_2020_21_G036,0022000582,2021-03-12,MIA,Kendrick Nunn,1546,1,10,4,
CHI_2020_21_G036,0022000582,2021-03-12,MIA,Maurice Harkless,0,0,0,0,DNP - Coach's Decision
CHI_2020_21_G036,0022000582,2021-03-12,MIA,Max Strus,0,0,0,0,DNP - Coach's Decision
CHI_2020_21_G036,0022000582,2021-03-12,MIA,Precious Achiuwa,182,0,2,-1,
CHI_2020_21_G036,0022000582,2021-03-12,MIA,Tyler Herro,1398,0,4,5,
CHI_2020_21_G036,0022000582,2021-03-12,MIA,Udonis Haslem,0,0,0,0,DNP - Coach's Decision
CHI_2020_21_G037,0022000600,2021-03-14,CHI,Adam Mokoka,0,0,0,0,DNP - Coach's Decision
CHI_2020_21_G037,0022000600,2021-03-14,CHI,Chandler Hutchison,0,0,0,0,DNP - Coach's Decision
CHI_2020_21_G037,0022000600,2021-03-14,CHI,Coby White,1644,0,13,24,
CHI_2020_21_G037,0022000600,2021-03-14,CHI,Cristiano Felicio,0,0,0,0,DNP - Coach's Decision
CHI_2020_21_G037,0022000600,2021-03-14,CHI,Daniel Gafford,0,0,0,0,DNP - Coach's Decision
CHI_2020_21_G037,0022000600,2021-03-14,CHI,Denzel Valentine,1188,0,11,9,
CHI_2020_21_G037,0022000600,2021-03-14,CHI,Lauri Markkanen,1924,1,13,8,
CHI_2020_21_G037,0022000600,2021-03-14,CHI,Luke Kornet,72,0,0,2,
CHI_2020_21_G037,0022000600,2021-03-14,CHI,Otto Porter Jr.,1271,0,11,15,
CHI_2020_21_G037,0022000600,2021-03-14,CHI,Patrick Williams,1594,1,23,9,
CHI_2020_21_G037,0022000600,2021-03-14,CHI,Ryan Arcidiacono,674,0,0,7,
CHI_2020_21_G037,0022000600,2021-03-14,CHI,Thaddeus Young,1357,1,10,10,
CHI_2020_21_G037,0022000600,2021-03-14,CHI,Tomas Satoransky,1533,1,10,3,
CHI_2020_21_G037,0022000600,2021-03-14,CHI,Wendell Carter Jr.,1131,0,12,12,
CHI_2020_21_G037,0022000600,2021-03-14,CHI,Zach LaVine,2012,1,15,16,
CHI_2020_21_G037,0022000600,2021-03-14,TOR,Aron Baynes,1072,1,6,-1,
CHI_2020_21_G037,0022000600,2021-03-14,TOR,Chris Boucher,1583,0,17,-14,
CHI_2020_21_G037,0022000600,2021-03-14,TOR,DeAndre' Bembry,937,0,0,-7,
CHI_2020_21_G037,0022000600,2021-03-14,TOR,Henry Ellenson,1212,0,6,-10,
CHI_2020_21_G037,0022000600,2021-03-14,TOR,Jalen Harris,282,0,0,-9,
CHI_2020_21_G037,0022000600,2021-03-14,TOR,Kyle Lowry,2195,1,20,-15,
CHI_2020_21_G037,0022000600,2021-03-14,TOR,Matt Thomas,565,0,3,-8,
CHI_2020_21_G037,0022000600,2021-03-14,TOR,Norman Powell,2220,1,32,-23,
CHI_2020_21_G037,0022000600,2021-03-14,TOR,Paul Watson,1645,0,3,1,
CHI_2020_21_G037,0022000600,2021-03-14,TOR,Stanley Johnson,855,1,2,-7,
CHI_2020_21_G037,0022000600,2021-03-14,TOR,Terence Davis,1361,1,6,-22,
CHI_2020_21_G037,0022000600,2021-03-14,TOR,Yuta Watanabe,473,0,0,0,
CHI_2020_21_G038,0022000612,2021-03-16,CHI,Adam Mokoka,93,0,0,-2,
CHI_2020_21_G038,0022000612,2021-03-16,CHI,Chandler Hutchison,0,0,0,0,DNP - Coach's Decision
CHI_2020_21_G038,0022000612,2021-03-16,CHI,Coby White,1700,0,4,11,
CHI_2020_21_G038,0022000612,2021-03-16,CHI,Cristiano Felicio,0,0,0,0,DNP - Coach's Decision
CHI_2020_21_G038,0022000612,2021-03-16,CHI,Daniel Gafford,180,0,2,-4,
CHI_2020_21_G038,0022000612,2021-03-16,CHI,Denzel Valentine,642,0,2,-16,
CHI_2020_21_G038,0022000612,2021-03-16,CHI,Lauri Markkanen,1935,1,22,25,
CHI_2020_21_G038,0022000612,2021-03-16,CHI,Luke Kornet,0,0,0,0,DNP - Coach's Decision
CHI_2020_21_G038,0022000612,2021-03-16,CHI,Otto Porter Jr.,1170,0,8,12,
CHI_2020_21_G038,0022000612,2021-03-16,CHI,Patrick Williams,1459,1,2,-3,
CHI_2020_21_G038,0022000612,2021-03-16,CHI,Ryan Arcidiacono,825,0,4,-7,
CHI_2020_21_G038,0022000612,2021-03-16,CHI,Thaddeus Young,1335,1,17,8,
CHI_2020_21_G038,0022000612,2021-03-16,CHI,Tomas Satoransky,1838,1,13,28,
CHI_2020_21_G038,0022000612,2021-03-16,CHI,Wendell Carter Jr.,1365,0,9,17,
CHI_2020_21_G038,0022000612,2021-03-16,CHI,Zach LaVine,1858,1,40,36,
CHI_2020_21_G038,0022000612,2021-03-16,OKC,Aleksej Pokusevski,1761,1,4,-30,
CHI_2020_21_G038,0022000612,2021-03-16,OKC,Darius Miller,841,0,3,9,
CHI_2020_21_G038,0022000612,2021-03-16,OKC,Isaiah Roby,1893,1,11,-26,
CHI_2020_21_G038,0022000612,2021-03-16,OKC,Justin Jackson,1337,0,10,13,
CHI_2020_21_G038,0022000612,2021-03-16,OKC,Kenrich Williams,1428,0,14,7,
CHI_2020_21_G038,0022000612,2021-03-16,OKC,Luguentz Dort,0,0,0,0,DNP - Injury/Illness
CHI_2020_21_G038,0022000612,2021-03-16,OKC,Mike Muscala,0,0,0,0,DNP - Coach's Decision
CHI_2020_21_G038,0022000612,2021-03-16,OKC,Moses Brown,1788,1,20,-18,
CHI_2020_21_G038,0022000612,2021-03-16,OKC,Shai Gilgeous-Alexander,1657,1,21,-36,
CHI_2020_21_G038,0022000612,2021-03-16,OKC,Svi Mykhailiuk,0,0,0,0,DNP - Coach's Decision
CHI_2020_21_G038,0022000612,2021-03-16,OKC,Theo Maledon,1930,1,8,-28,
CHI_2020_21_G038,0022000612,2021-03-16,OKC,Ty Jerome,1765,0,11,4,
CHI_2020_21_G039,0022000621,2021-03-17,CHI,Adam Mokoka,0,0,0,0,DNP - Coach's Decision
CHI_2020_21_G039,0022000621,2021-03-17,CHI,Chandler Hutchison,0,0,0,0,DNP - Coach's Decision
CHI_2020_21_G039,0022000621,2021-03-17,CHI,Coby White,1351,0,9,-10,
CHI_2020_21_G039,0022000621,2021-03-17,CHI,Cristiano Felicio,0,0,0,0,DNP - Coach's Decision
CHI_2020_21_G039,0022000621,2021-03-17,CHI,Daniel Gafford,0,0,0,0,DNP - Coach's Decision
CHI_2020_21_G039,0022000621,2021-03-17,CHI,Denzel Valentine,421,0,2,1,
CHI_2020_21_G039,0022000621,2021-03-17,CHI,Lauri Markkanen,2003,1,10,2,
CHI_2020_21_G039,0022000621,2021-03-17,CHI,Luke Kornet,0,0,0,0,DNP - Coach's Decision
CHI_2020_21_G039,0022000621,2021-03-17,CHI,Otto Porter Jr.,915,0,6,-10,
CHI_2020_21_G039,0022000621,2021-03-17,CHI,Patrick Williams,1925,1,10,0,
CHI_2020_21_G039,0022000621,2021-03-17,CHI,Ryan Arcidiacono,594,0,0,-12,
CHI_2020_21_G039,0022000621,2021-03-17,CHI,Thaddeus Young,1844,1,16,3,
CHI_2020_21_G039,0022000621,2021-03-17,CHI,Tomas Satoransky,2048,1,7,-4,
CHI_2020_21_G039,0022000621,2021-03-17,CHI,Wendell Carter Jr.,1036,0,10,-10,
CHI_2020_21_G039,0022000621,2021-03-17,CHI,Zach LaVine,2263,1,29,5,
CHI_2020_21_G039,0022000621,2021-03-17,SAS,Dejounte Murray,2372,1,14,9,
CHI_2020_21_G039,0022000621,2021-03-17,SAS,Derrick White,1979,1,17,2,
CHI_2020_21_G039,0022000621,2021-03-17,SAS,Devin Vassell,1238,0,4,2,
CHI_2020_21_G039,0022000621,2021-03-17,SAS,Drew Eubanks,836,0,7,5,
CHI_2020_21_G039,0022000621,2021-03-17,SAS,Jakob Poeltl,2021,1,20,2,
CHI_2020_21_G039,0022000621,2021-03-17,SAS,Keldon Johnson,1853,1,14,3,
CHI_2020_21_G039,0022000621,2021-03-17,SAS,Lonnie Walker IV,1174,1,11,-13,
CHI_2020_21_G039,0022000621,2021-03-17,SAS,Luka Samanic,0,0,0,0,DNP - Coach's Decision
CHI_2020_21_G039,0022000621,2021-03-17,SAS,Patty Mills,1877,0,14,21,
CHI_2020_21_G039,0022000621,2021-03-17,SAS,Quinndary Weatherspoon,0,0,0,0,DNP - Coach's Decision
CHI_2020_21_G039,0022000621,2021-03-17,SAS,Rudy Gay,1050,0,5,4,
CHI_2020_21_G039,0022000621,2021-03-17,SAS,Tre Jones,0,0,0,0,DNP - Coach's Decision
CHI_2020_21_G039,0022000621,2021-03-17,SAS,Trey Lyles,0,0,0,0,DNP - Coach's Decision
CHI_2020_21_G040,0022000637,2021-03-19,CHI,Adam Mokoka,0,0,0,0,DNP - Coach's Decision
CHI_2020_21_G040,0022000637,2021-03-19,CHI,Chandler Hutchison,0,0,0,0,DNP - Coach's Decision
CHI_2020_21_G040,0022000637,2021-03-19,CHI,Coby White,1697,0,17,-1,
CHI_2020_21_G040,0022000637,2021-03-19,CHI,Cristiano Felicio,0,0,0,0,DNP - Coach's Decision
CHI_2020_21_G040,0022000637,2021-03-19,CHI,Daniel Gafford,0,0,0,0,DNP - Coach's Decision
CHI_2020_21_G040,0022000637,2021-03-19,CHI,Denzel Valentine,1218,0,8,7,
CHI_2020_21_G040,0022000637,2021-03-19,CHI,Lauri Markkanen,1744,1,10,2,
CHI_2020_21_G040,0022000637,2021-03-19,CHI,Luke Kornet,0,0,0,0,DNP - Coach's Decision
CHI_2020_21_G040,0022000637,2021-03-19,CHI,Otto Porter Jr.,1731,0,22,-8,
CHI_2020_21_G040,0022000637,2021-03-19,CHI,Patrick Williams,1289,1,6,-4,
CHI_2020_21_G040,0022000637,2021-03-19,CHI,Ryan Arcidiacono,1016,0,7,-2,
CHI_2020_21_G040,0022000637,2021-03-19,CHI,Thaddeus Young,1691,1,11,-5,
CHI_2020_21_G040,0022000637,2021-03-19,CHI,Tomas Satoransky,1849,1,8,-7,
CHI_2020_21_G040,0022000637,2021-03-19,CHI,Wendell Carter Jr.,1406,0,6,-1,
CHI_2020_21_G040,0022000637,2021-03-19,CHI,Zach LaVine,2259,1,32,-1,
CHI_2020_21_G040,0022000637,2021-03-19,DEN,Bol Bol,0,0,0,0,DNP - Coach's Decision
CHI_2020_21_G040,0022000637,2021-03-19,DEN,Facundo Campazzo,2030,0,2,10,
CHI_2020_21_G040,0022000637,2021-03-19,DEN,Greg Whittington,0,0,0,0,DNP - Coach's Decision
CHI_2020_21_G040,0022000637,2021-03-19,DEN,Isaiah Hartenstein,0,0,0,0,DNP - Coach's Decision
CHI_2020_21_G040,0022000637,2021-03-19,DEN,JaMychal Green,1028,0,10,1,
CHI_2020_21_G040,0022000637,2021-03-19,DEN,Jamal Murray,2549,1,34,2,
CHI_2020_21_G040,0022000637,2021-03-19,DEN,Markus Howard,0,0,0,0,DNP - Coach's Decision
CHI_2020_21_G040,0022000637,2021-03-19,DEN,Michael Porter Jr.,2510,1,19,12,
CHI_2020_21_G040,0022000637,2021-03-19,DEN,Nikola Jokic,2528,1,34,5,
CHI_2020_21_G040,0022000637,2021-03-19,DEN,PJ Dozier,1080,0,4,-5,
CHI_2020_21_G040,0022000637,2021-03-19,DEN,Paul Millsap,1069,1,4,-13,
CHI_2020_21_G040,0022000637,2021-03-19,DEN,R.J. Hampton,0,0,0,0,DNP - Coach's Decision
CHI_2020_21_G040,0022000637,2021-03-19,DEN,Vlatko Cancar,0,0,0,0,DNP - Coach's Decision
CHI_2020_21_G040,0022000637,2021-03-19,DEN,Will Barton,2447,1,16,8,
CHI_2020_21_G040,0022000637,2021-03-19,DEN,Zeke Nnaji,659,0,8,0,
CHI_2020_21_G041,0022000649,2021-03-21,CHI,Adam Mokoka,0,0,0,0,DNP - Coach's Decision
CHI_2020_21_G041,0022000649,2021-03-21,CHI,Chandler Hutchison,0,0,0,0,DNP - Coach's Decision
CHI_2020_21_G041,0022000649,2021-03-21,CHI,Coby White,1015,0,7,-1,
CHI_2020_21_G041,0022000649,2021-03-21,CHI,Cristiano Felicio,0,0,0,0,DNP - Coach's Decision
CHI_2020_21_G041,0022000649,2021-03-21,CHI,Daniel Gafford,830,0,8,10,
CHI_2020_21_G041,0022000649,2021-03-21,CHI,Denzel Valentine,1115,0,9,0,
CHI_2020_21_G041,0022000649,2021-03-21,CHI,Lauri Markkanen,1737,1,16,20,
CHI_2020_21_G041,0022000649,2021-03-21,CHI,Luke Kornet,0,0,0,0,DNP - Coach's Decision
CHI_2020_21_G041,0022000649,2021-03-21,CHI,Otto Porter Jr.,1083,0,3,-3,
CHI_2020_21_G041,0022000649,2021-03-21,CHI,Patrick Williams,2041,1,10,9,
CHI_2020_21_G041,0022000649,2021-03-21,CHI,Ryan Arcidiacono,929,0,9,2,
CHI_2020_21_G041,0022000649,2021-03-21,CHI,Thaddeus Young,1233,1,8,9,
CHI_2020_21_G041,0022000649,2021-03-21,CHI,Tomas Satoransky,1650,1,8,17,
CHI_2020_21_G041,0022000649,2021-03-21,CHI,Wendell Carter Jr.,817,0,4,-5,
CHI_2020_21_G041,0022000649,2021-03-21,CHI,Zach LaVine,1950,1,18,12,
CHI_2020_21_G041,0022000649,2021-03-21,DET,Deividas Sirvydis,0,0,0,0,DNP - Coach's Decision
CHI_2020_21_G041,0022000649,2021-03-21,DET,Delon Wright,1572,1,8,-13,
CHI_2020_21_G041,0022000649,2021-03-21,DET,Dennis Smith Jr.,1098,0,7,-1,
CHI_2020_21_G041,0022000649,2021-03-21,DET,Frank Jackson,1859,1,12,-10,
CHI_2020_21_G041,0022000649,2021-03-21,DET,Isaiah Stewart,1385,0,11,-13,
CHI_2020_21_G041,0022000649,2021-03-21,DET,Jerami Grant,2139,1,26,-10,
CHI_2020_21_G041,0022000649,2021-03-21,DET,Josh Jackson,1499,0,4,-9,
CHI_2020_21_G041,0022000649,2021-03-21,DET,Mason Plumlee,1716,1,12,-6,
CHI_2020_21_G041,0022000649,2021-03-21,DET,Saben Lee,439,0,3,0,
CHI_2020_21_G041,0022000649,2021-03-21,DET,Saddiq Bey,2149,1,3,-11,
CHI_2020_21_G041,0022000649,2021-03-21,DET,Sekou Doumbouya,0,0,0,0,DNP - Coach's Decision
CHI_2020_21_G041,0022000649,2021-03-21,DET,Tyler Cook,544,0,0,3,
CHI_2020_21_G042,0022000656,2021-03-22,CHI,Adam Mokoka,166,0,2,-3,
CHI_2020_21_G042,0022000656,2021-03-22,CHI,Chandler Hutchison,0,0,0,0,DNP - Coach's Decision
CHI_2020_21_G042,0022000656,2021-03-22,CHI,Coby White,1407,0,10,-23,
CHI_2020_21_G042,0022000656,2021-03-22,CHI,Cristiano Felicio,98,0,0,-4,
CHI_2020_21_G042,0022000656,2021-03-22,CHI,Daniel Gafford,557,0,5,1,
CHI_2020_21_G042,0022000656,2021-03-22,CHI,Denzel Valentine,986,0,2,-23,
CHI_2020_21_G042,0022000656,2021-03-22,CHI,Lauri Markkanen,1130,1,8,-10,
CHI_2020_21_G042,0022000656,2021-03-22,CHI,Luke Kornet,132,0,0,-8,
CHI_2020_21_G042,0022000656,2021-03-22,CHI,Otto Porter Jr.,1172,0,2,-7,
CHI_2020_21_G042,0022000656,2021-03-22,CHI,Patrick Williams,1835,1,6,-2,
CHI_2020_21_G042,0022000656,2021-03-22,CHI,Ryan Arcidiacono,538,0,0,-20,
CHI_2020_21_G042,0022000656,2021-03-22,CHI,Thaddeus Young,1541,1,14,-2,
CHI_2020_21_G042,0022000656,2021-03-22,CHI,Tomas Satoransky,1818,1,13,-4,
CHI_2020_21_G042,0022000656,2021-03-22,CHI,Wendell Carter Jr.,1073,0,6,-15,
CHI_2020_21_G042,0022000656,2021-03-22,CHI,Zach LaVine,1947,1,27,-5,
CHI_2020_21_G042,0022000656,2021-03-22,UTA,Bojan Bogdanovic,1818,1,8,1,
CHI_2020_21_G042,0022000656,2021-03-22,UTA,Derrick Favors,786,0,2,2,
CHI_2020_21_G042,0022000656,2021-03-22,UTA,Donovan Mitchell,1789,1,30,2,
CHI_2020_21_G042,0022000656,2021-03-22,UTA,Elijah Hughes,0,0,0,0,DNP - Coach's Decision
CHI_2020_21_G042,0022000656,2021-03-22,UTA,Ersan Ilyasova,166,0,0,3,
CHI_2020_21_G042,0022000656,2021-03-22,UTA,Georges Niang,871,0,0,20,
CHI_2020_21_G042,0022000656,2021-03-22,UTA,Jarrell Brantley,98,0,0,4,
CHI_2020_21_G042,0022000656,2021-03-22,UTA,Joe Ingles,1521,0,17,18,
CHI_2020_21_G042,0022000656,2021-03-22,UTA,Jordan Clarkson,1381,0,16,25,
CHI_2020_21_G042,0022000656,2021-03-22,UTA,Juwan Morgan,98,0,0,4,
CHI_2020_21_G042,0022000656,2021-03-22,UTA,Mike Conley,1762,1,15,18,
CHI_2020_21_G042,0022000656,2021-03-22,UTA,Miye Oni,220,0,6,3,
CHI_2020_21_G042,0022000656,2021-03-22,UTA,Royce O'Neale,1674,1,3,3,
CHI_2020_21_G042,0022000656,2021-03-22,UTA,Rudy Gobert,1996,1,21,19,
CHI_2020_21_G042,0022000656,2021-03-22,UTA,Trent Forrest,220,0,2,3,
CHI_2020_21_G043,0022000671,2021-03-24,CHI,Chandler Hutchison,0,0,0,0,DNP - Coach's Decision
CHI_2020_21_G043,0022000671,2021-03-24,CHI,Coby White,1587,0,11,10,
CHI_2020_21_G043,0022000671,2021-03-24,CHI,Cristiano Felicio,0,0,0,0,DNP - Coach's Decision
CHI_2020_21_G043,0022000671,2021-03-24,CHI,Daniel Gafford,272,0,2,1,
CHI_2020_21_G043,0022000671,2021-03-24,CHI,Denzel Valentine,790,0,0,5,
CHI_2020_21_G043,0022000671,2021-03-24,CHI,Garrett Temple,0,0,0,0,DNP - Coach's Decision
CHI_2020_21_G043,0022000671,2021-03-24,CHI,Lauri Markkanen,1751,1,17,-6,
CHI_2020_21_G043,0022000671,2021-03-24,CHI,Luke Kornet,0,0,0,0,DNP - Coach's Decision
CHI_2020_21_G043,0022000671,2021-03-24,CHI,Otto Porter Jr.,978,0,6,1,
CHI_2020_21_G043,0022000671,2021-03-24,CHI,Patrick Williams,1919,1,5,-9,
CHI_2020_21_G043,0022000671,2021-03-24,CHI,Ryan Arcidiacono,910,0,5,-5,
CHI_2020_21_G043,0022000671,2021-03-24,CHI,Thaddeus Young,1265,1,8,-15,
CHI_2020_21_G043,0022000671,2021-03-24,CHI,Tomas Satoransky,1531,1,11,-20,
CHI_2020_21_G043,0022000671,2021-03-24,CHI,Wendell Carter Jr.,1343,0,7,5,
CHI_2020_21_G043,0022000671,2021-03-24,CHI,Zach LaVine,2054,1,22,-12,
CHI_2020_21_G043,0022000671,2021-03-24,CLE,Brodric Thomas,637,0,5,7,
CHI_2020_21_G043,0022000671,2021-03-24,CLE,Cedi Osman,1288,1,8,11,
CHI_2020_21_G043,0022000671,2021-03-24,CLE,Damyean Dotson,1254,0,3,-3,
CHI_2020_21_G043,0022000671,2021-03-24,CLE,Darius Garland,2205,1,22,14,
CHI_2020_21_G043,0022000671,2021-03-24,CLE,Dean Wade,1452,0,10,-2,
CHI_2020_21_G043,0022000671,2021-03-24,CLE,Dylan Windler,702,0,2,-9,
CHI_2020_21_G043,0022000671,2021-03-24,CLE,Isaac Okoro,1742,1,12,10,
CHI_2020_21_G043,0022000671,2021-03-24,CLE,JaVale McGee,0,0,0,0,DNP - Coach's Decision
CHI_2020_21_G043,0022000671,2021-03-24,CLE,Jarrett Allen,2072,1,19,12,
CHI_2020_21_G043,0022000671,2021-03-24,CLE,Lamar Stevens,307,0,2,1,
CHI_2020_21_G043,0022000671,2021-03-24,CLE,Larry Nance Jr.,2069,1,14,6,
CHI_2020_21_G043,0022000671,2021-03-24,CLE,Quinn Cook,672,0,6,-2,
