player_name,player_id,season,season_type,team,poss,mp,raptor_total
Precious Achiuwa,achiupr01,2021,RS,MIA,1557,737,-3.404395982938342
Jaylen Adams,adamsja01,2021,RS,MIL,41,18,-18.23127474429081
Steven Adams,adamsst01,2021,RS,NOP,3313,1605,.5017240156481708
Bam Adebayo,adebaba01,2021,RS,MIA,4362,2143,2.169473224569729
LaMarcus Aldridge,aldrila01,2021,RS,BRK,265,130,1.167244276860221
LaMarcus Aldridge,aldrila01,2021,RS,SAS,1138,544,-4.292835076551621
Nickeil Alexander-Walker,alexani01,2021,RS,NOP,2109,1007,-.6421805349285952
Ty-Shon Alexander,alexaty01,2021,RS,PHO,98,47,-5.939356181619777
Grayson Allen,allengr01,2021,RS,MEM,2684,1259,.3553865441249082
Jarrett Allen,allenja01,2021,RS,BRK,690,320,5.546726577676254
Jarrett Allen,allenja01,2021,RS,CLE,3153,1544,.0125620546352592
Al-Farouq Aminu,aminual01,2021,RS,CHI,134,67,-2.89911457674334
Al-Farouq Aminu,aminual01,2021,RS,ORL,753,367,-.3212158687696247
Kyle Anderson,anderky01,2021,RS,MEM,4023,1887,2.817267686557397
Giannis Antetokounmpo,antetgi01,2021,RS,MIL,4369,2013,6.591366730637092
Kostas Antetokounmpo,antetko01,2021,RS,LAL,131,56,-4.324307191763051
Thanasis Antetokounmpo,antetth01,2021,RS,MIL,1224,551,-.8964406408080836
Carmelo Anthony,anthoca01,2021,RS,POR,3494,1690,-2.352486958235268
Cole Anthony,anthoco01,2021,RS,ORL,2654,1273,-5.139136637983576
OG Anunoby,anunoog01,2021,RS,TOR,2982,1433,2.465752674461378
Ryan Arcidiacono,arcidry01,2021,RS,CHI,930,450,.4203958860787745
Trevor Ariza,arizatr01,2021,RS,MIA,1723,841,1.595749383969643
D.J. Augustin,augusdj01,2021,RS,HOU,876,416,-3.373101032933523
D.J. Augustin,augusdj01,2021,RS,MIL,1523,713,-.9756643127505988
Deni Avdija,avdijde01,2021,RS,WAS,2783,1257,-1.801579037079815
Deandre Ayton,aytonde01,2021,RS,PHO,4320,2115,.9789222759478867
Udoka Azubuike,azubuud01,2021,RS,UTA,124,57,-14.69296009576356
Dwayne Bacon,bacondw01,2021,RS,ORL,3875,1853,-4.629792566532263
Marvin Bagley III,baglema01,2021,RS,SAC,2346,1112,-2.553118558064319
LaMelo Ball,ballla01,2021,RS,CHA,3163,1469,.2649097547342922
Lonzo Ball,balllo01,2021,RS,NOP,3669,1747,1.816285081135142
Mo Bamba,bambamo01,2021,RS,ORL,1527,725,-3.315042586595421
Desmond Bane,banede01,2021,RS,MEM,3219,1519,-1.531597249356129
Harrison Barnes,barneha02,2021,RS,SAC,4430,2102,1.15591103080302
RJ Barrett,barrerj01,2021,RS,NYK,5103,2511,-.2084523445700725
Will Barton,bartowi01,2021,RS,DEN,3527,1736,-2.008969570886511
Keita Bates-Diop,bateske01,2021,RS,SAS,525,245,-1.402922312653979
Nicolas Batum,batumni01,2021,RS,LAC,3766,1835,2.56434578986933
Aron Baynes,baynear01,2021,RS,TOR,2068,980,-4.34540111228366
Kent Bazemore,bazemke01,2021,RS,GSW,2882,1333,.7012005471251053
Darius Bazley,bazleda01,2021,RS,OKC,3658,1714,-5.222831395139959
Bradley Beal,bealbr01,2021,RS,WAS,4706,2147,3.285157842495126
Malik Beasley,beaslma01,2021,RS,MIN,2582,1214,-1.703686166585225
Jordan Bell,belljo01,2021,RS,GSW,32,15,-13.98770843012131
Jordan Bell,belljo01,2021,RS,WAS,138,67,-7.59069967753301
DeAndre' Bembry,bembrde01,2021,RS,TOR,2047,972,-1.507770626082525
Davis Bertans,bertada01,2021,RS,WAS,3250,1464,1.224908443575166
Patrick Beverley,beverpa01,2021,RS,LAC,1700,832,-.3040762408468959
Saddiq Bey,beysa01,2021,RS,DET,3956,1909,-3.284695243147896
Tyler Bey,beyty01,2021,RS,DAL,159,71,-12.991060296425
Khem Birch,birchkh01,2021,RS,ORL,1984,952,.3316621749871582
Khem Birch,birchkh01,2021,RS,TOR,1192,577,.1829706504803359
Goga Bitadze,bitadgo01,2021,RS,IND,1230,561,-.7987874641080086
Bismack Biyombo,biyombi01,2021,RS,CHA,2796,1349,-4.743835494830869
Nemanja Bjelica,bjeline01,2021,RS,MIA,318,156,-.787284736943437
Nemanja Bjelica,bjeline01,2021,RS,SAC,929,439,-5.014723551837014
Eric Bledsoe,bledser01,2021,RS,NOP,4471,2111,-2.223889121535795
Keljin Blevins,blevike01,2021,RS,POR,175,75,-11.71822326711762
Bogdan Bogdanovic,bogdabo01,2021,RS,ATL,2708,1305,3.65857656196502
Bojan Bogdanovic,bogdabo02,2021,RS,UTA,4614,2216,-1.719030599576534
Bol Bol,bolbo01,2021,RS,DEN,369,160,-10.49444633142968
Marques Bolden,boldema01,2021,RS,CLE,60,29,2.531354188163672
Jordan Bone,bonejo01,2021,RS,ORL,414,196,-7.939267261888972
Isaac Bonga,bongais01,2021,RS,WAS,945,432,-3.021517025698285
Devin Booker,bookede01,2021,RS,PHO,4658,2270,1.761765808265819
Chris Boucher,bouchch01,2021,RS,TOR,3028,1453,2.022558558185268
Brian Bowen II,bowenbr02,2021,RS,IND,32,15,-11.1605244599872
Avery Bradley,bradlav01,2021,RS,HOU,833,391,-7.291293582928745
Avery Bradley,bradlav01,2021,RS,MIA,451,211,-2.554342820914402
Tony Bradley,bradlto01,2021,RS,OKC,853,397,-.4499941820723062
Tony Bradley,bradlto01,2021,RS,PHI,606,287,4.062752191940384
Jarrell Brantley,brantja01,2021,RS,UTA,298,138,-1.702726866941815
Ignas Brazdeikis,brazdig01,2021,RS,NYK,16,7,-17.7771178778073
Ignas Brazdeikis,brazdig01,2021,RS,ORL,495,234,-1.850493760475186
Ignas Brazdeikis,brazdig01,2021,RS,PHI,15,8,-7.898297351761486
Mikal Bridges,bridgmi01,2021,RS,PHO,4809,2348,3.04263782270022
Miles Bridges,bridgmi02,2021,RS,CHA,4056,1932,.3046122058099463
Amida Brimah,brimaam01,2021,RS,IND,66,29,-2.281985918059856
Oshae Brissett,brissos01,2021,RS,IND,1158,519,1.305090717919728
Malcolm Brogdon,brogdma01,2021,RS,IND,4062,1930,.2256763330455853
Armoni Brooks,brookar01,2021,RS,HOU,1115,520,-3.934465614684489
Dillon Brooks,brookdi01,2021,RS,MEM,4250,1997,.1814935441528607
Bruce Brown,brownbr01,2021,RS,BRK,3030,1451,1.112750542967233
Charlie Brown Jr.,brownch02,2021,RS,OKC,331,152,-6.728513038176567
Jaylen Brown,brownja02,2021,RS,BOS,4172,1999,1.852394516145907
Moses Brown,brownmo01,2021,RS,OKC,2008,920,-2.199955528843063
Sterling Brown,brownst02,2021,RS,HOU,2615,1229,-2.161577340935698
Troy Brown Jr.,browntr01,2021,RS,CHI,478,237,3.220911050596787
Troy Brown Jr.,browntr01,2021,RS,WAS,617,287,-9.222923786696198
Jalen Brunson,brunsja01,2021,RS,DAL,3494,1697,1.756830972537159
Elijah Bryant,bryanel01,2021,RS,MIL,71,32,-3.776587033568257
Thomas Bryant,bryanth01,2021,RS,WAS,606,271,-.9538884191510628
Reggie Bullock,bullore01,2021,RS,NYK,3950,1949,-.562549724369669
Trey Burke,burketr01,2021,RS,DAL,1896,911,-1.236283305496951
Alec Burks,burksal01,2021,RS,NYK,2542,1255,2.064766628084016
Jimmy Butler,butleji01,2021,RS,MIA,3553,1745,7.238662914532688
Bruno Caboclo,cabocbr01,2021,RS,HOU,81,36,-2.260928744283105
Devontae Cacok,cacokde01,2021,RS,LAL,215,98,2.46211108934183
Kentavious Caldwell-Pope,caldwke01,2021,RS,LAL,3943,1902,.1870213767604662
Facundo Campazzo,campafa01,2021,RS,DEN,2942,1425,2.485227092868865
Vlatko Cancar,cancavl01,2021,RS,DEN,619,281,-6.830421200701513
Devin Cannady,cannade01,2021,RS,ORL,159,74,-1.955705966480231
Clint Capela,capelca01,2021,RS,ATL,3931,1898,6.44036824961586
Vernon Carey Jr.,careyve01,2021,RS,CHA,241,115,-3.035299867452623
Jevon Carter,carteje01,2021,RS,PHO,1491,717,-.4242963835137689
Michael Carter-Williams,cartemi01,2021,RS,ORL,1689,800,-.933050018600071
Wendell Carter Jr.,cartewe01,2021,RS,CHI,1686,792,-2.538574213147651
Wendell Carter Jr.,cartewe01,2021,RS,ORL,1198,583,-.4691932648875472
Alex Caruso,carusal01,2021,RS,LAL,2541,1216,3.013805067170658
Willie Cauley-Stein,caulewi01,2021,RS,DAL,1869,906,.7568873673575847
Chris Chiozza,chiozch01,2021,RS,BRK,490,232,2.674211554966426
Marquese Chriss,chrisma01,2021,RS,GSW,63,27,-4.837703241441559
Brandon Clarke,clarkbr01,2021,RS,MEM,3007,1415,.306457823250232
Gary Clark,clarkga01,2021,RS,DEN,9,4,-28.30977395515821
Gary Clark,clarkga01,2021,RS,ORL,1338,637,-4.819509193440394
Gary Clark,clarkga01,2021,RS,PHI,32,13,-13.42061903739774
Jordan Clarkson,clarkjo01,2021,RS,UTA,3820,1818,2.57957215957755
Nicolas Claxton,claxtni01,2021,RS,BRK,1246,594,4.574957057363428
Amir Coffey,coffeam01,2021,RS,LAC,819,394,-3.10320719824389
John Collins,collijo01,2021,RS,ATL,3850,1848,2.576847854483341
Mike Conley,conlemi01,2021,RS,UTA,3168,1498,7.717524701129642
Pat Connaughton,connapa01,2021,RS,MIL,3439,1575,1.237792679831248
Quinn Cook,cookqu01,2021,RS,CLE,197,95,-2.834202434449201
Quinn Cook,cookqu01,2021,RS,LAL,138,62,-6.416210428072883
Tyler Cook,cookty01,2021,RS,BRK,36,17,1.965535869433891
Tyler Cook,cookty01,2021,RS,DET,871,421,-7.459701003273548
DeMarcus Cousins,couside01,2021,RS,HOU,1088,506,1.685600734627674
DeMarcus Cousins,couside01,2021,RS,LAC,426,207,.6355140800927224
Robert Covington,covinro01,2021,RS,POR,4658,2243,2.146850682489145
Torrey Craig,craigto01,2021,RS,MIL,438,201,-2.689085703217485
Torrey Craig,craigto01,2021,RS,PHO,1222,602,-.5419043449531261
Jae Crowder,crowdja01,2021,RS,PHO,3433,1648,2.640649623108756
Jarrett Culver,culveja01,2021,RS,MIN,1078,499,-4.346264798507407
Seth Curry,curryse01,2021,RS,PHI,3426,1638,-.8115087483040452
Stephen Curry,curryst01,2021,RS,GSW,4715,2152,6.799651125207118
Nate Darling,darlina01,2021,RS,CHA,53,26,-13.89287100925349
Anthony Davis,davisan02,2021,RS,LAL,2404,1162,3.995574855205358
Ed Davis,davised01,2021,RS,MIN,631,299,-5.865569726015701
Terence Davis,daviste02,2021,RS,SAC,1235,581,-.794255452341506
Terence Davis,daviste02,2021,RS,TOR,1052,493,-4.215221311471073
Gabriel Deck,deckga01,2021,RS,OKC,456,212,-1.367067871404029
Dewayne Dedmon,dedmode01,2021,RS,MIA,430,210,3.97571312110058
Matthew Dellavedova,dellama01,2021,RS,CLE,467,224,-5.789069979891028
DeMar DeRozan,derozde01,2021,RS,SAS,4287,2056,.6292246647696986
Mamadi Diakite,diakima01,2021,RS,MIL,316,141,.0824155089351053
Hamidou Diallo,diallha01,2021,RS,DET,944,465,-4.267637552723191
Hamidou Diallo,diallha01,2021,RS,OKC,1625,761,1.091733319563157
Gorgui Dieng,dienggo01,2021,RS,MEM,786,371,.9078038400300881
Gorgui Dieng,dienggo01,2021,RS,SAS,383,181,-2.248899357003388
Spencer Dinwiddie,dinwisp01,2021,RS,BRK,140,64,2.383803604115804
Donte DiVincenzo,divindo01,2021,RS,MIL,3959,1814,.8811821878285637
Luka Doncic,doncilu01,2021,RS,DAL,4684,2262,5.209148844552013
Luguentz Dort,dortlu01,2021,RS,OKC,3250,1543,2.06659517370703
Damyean Dotson,dotsoda01,2021,RS,CLE,1884,907,-5.579434459464434
Devon Dotson,dotsode01,2021,RS,CHI,108,50,14.03219586210414
Sekou Doumbouya,doumbse01,2021,RS,DET,1795,869,-5.909714431496488
PJ Dozier,doziepj01,2021,RS,DEN,2251,1088,.7293438874602729
Goran Dragic,dragigo01,2021,RS,MIA,2746,1337,-1.817767415810238
Andre Drummond,drumman01,2021,RS,CLE,1477,722,2.512542448404492
Andre Drummond,drumman01,2021,RS,LAL,1067,520,-2.308186303699453
Jared Dudley,dudleja01,2021,RS,LAL,169,81,-.9773360002678082
Kris Dunn,dunnkr01,2021,RS,ATL,95,45,-16.84799565153995
Kevin Durant,duranke01,2021,RS,BRK,2483,1157,5.592676234101999
Anthony Edwards,edwaran01,2021,RS,MIN,4951,2314,-3.320495349442521
Carsen Edwards,edwarca01,2021,RS,BOS,586,276,-3.640976553349914
CJ Elleby,ellebcj01,2021,RS,POR,425,192,-2.860605166709179
Henry Ellenson,ellenhe01,2021,RS,TOR,83,38,-1.018512652983169
Wayne Ellington,ellinwa01,2021,RS,DET,2094,1012,-.0117629913807711
Joel Embiid,embiijo01,2021,RS,PHI,3328,1585,8.110819018131894
James Ennis III,ennisja01,2021,RS,ORL,2046,986,.2558104463652152
Drew Eubanks,eubandr01,2021,RS,SAS,1609,755,-.3819979030109613
Dante Exum,exumda01,2021,RS,CLE,248,116,2.535893188727139
Tacko Fall,fallta01,2021,RS,BOS,292,136,5.365939938529306
Derrick Favors,favorde01,2021,RS,UTA,2190,1039,.7785943982823461
Cristiano Felicio,feliccr01,2021,RS,CHI,180,84,9.793903177681861
Terrance Ferguson,fergute01,2021,RS,PHI,106,49,-17.92691766973298
Bruno Fernando,fernabr01,2021,RS,ATL,489,226,-9.863793962556622
Yogi Ferrell,ferreyo01,2021,RS,CLE,84,40,-.1003841011368145
Yogi Ferrell,ferreyo01,2021,RS,LAC,197,96,4.245898082019895
Dorian Finney-Smith,finnedo01,2021,RS,DAL,3937,1921,1.160187887700961
Malik Fitts,fittsma01,2021,RS,LAC,22,11,-17.71088659561374
Malachi Flynn,flynnma01,2021,RS,TOR,1953,928,-.8415708945598988
Bryn Forbes,forbebr01,2021,RS,MIL,2938,1354,-3.040049614781817
Trent Forrest,forretr01,2021,RS,UTA,621,302,-6.67085620273048
Evan Fournier,fournev01,2021,RS,BOS,1012,472,.382237411424716
Evan Fournier,fournev01,2021,RS,ORL,1659,787,.6399992930596743
De'Aaron Fox,foxde01,2021,RS,SAC,4321,2036,.5042837651682466
Robert Franks,frankro01,2021,RS,ORL,213,101,-2.713434389428237
Tim Frazier,fraziti01,2021,RS,MEM,136,62,-5.834321141091836
Markelle Fultz,fultzma01,2021,RS,ORL,462,215,-8.999518674183152
Wenyen Gabriel,gabriwe01,2021,RS,NOP,514,241,1.38623026256674
Daniel Gafford,gaffoda01,2021,RS,CHI,819,383,-.2540477987559335
Daniel Gafford,gaffoda01,2021,RS,WAS,906,408,5.263600827734239
Danilo Gallinari,gallida01,2021,RS,ATL,2515,1222,.2957611968919736
Langston Galloway,gallola01,2021,RS,PHO,933,438,-.3770653295530038
Darius Garland,garlada01,2021,RS,CLE,3684,1790,-1.336920420375872
Marc Gasol,gasolma01,2021,RS,LAL,2068,993,1.290831008307395
Rudy Gay,gayru01,2021,RS,SAS,2865,1358,2.72415182830639
Paul George,georgpa01,2021,RS,LAC,3701,1821,7.404869465697018
Taj Gibson,gibsota01,2021,RS,NYK,1905,936,4.546943066263357
Harry Giles III,gilesha01,2021,RS,POR,749,348,-4.377388551170157
Shai Gilgeous-Alexander,gilgesh01,2021,RS,OKC,2461,1180,2.363971486163608
Anthony Gill,gillan01,2021,RS,WAS,473,218,-.413189268157385
Freddie Gillespie,gillefr01,2021,RS,TOR,824,392,-1.790201330674336
Rudy Gobert,goberru01,2021,RS,UTA,4616,2187,8.302490778598862
Brandon Goodwin,goodwbr01,2021,RS,ATL,1279,620,-4.396987449268869
Aaron Gordon,gordoaa01,2021,RS,DEN,1341,648,-.2679221985244108
Aaron Gordon,gordoaa01,2021,RS,ORL,1528,736,1.558911775549618
Eric Gordon,gordoer01,2021,RS,HOU,1691,789,-3.527157040409887
Devonte' Graham,grahade01,2021,RS,CHA,3433,1659,2.396907659328357
Jerami Grant,grantje01,2021,RS,DET,3780,1829,.6332979898892159
Danny Green,greenda02,2021,RS,PHI,4080,1934,2.723817023732453
Draymond Green,greendr01,2021,RS,GSW,4303,1982,4.567576722733307
JaMychal Green,greenja01,2021,RS,DEN,2281,1120,-1.215825082237052
Javonte Green,greenja02,2021,RS,BOS,724,345,-1.210395149457505
Javonte Green,greenja02,2021,RS,CHI,273,128,6.580938284168545
Jeff Green,greenje02,2021,RS,BRK,3886,1835,-1.570313884959026
Josh Green,greenjo02,2021,RS,DAL,931,445,-4.08367360154615
Blake Griffin,griffbl01,2021,RS,BRK,1167,560,3.598612672610029
Blake Griffin,griffbl01,2021,RS,DET,1263,626,.3404281037198396
Kyle Guy,guyky01,2021,RS,SAC,514,235,-4.5996479666479
Rui Hachimura,hachiru01,2021,RS,WAS,3949,1797,-3.663094282370024
Ashton Hagans,haganas01,2021,RS,MIN,10,4,-18.65162949547675
Tyrese Haliburton,halibty01,2021,RS,SAC,3722,1746,-.9475910579572417
Donta Hall,halldo01,2021,RS,ORL,384,179,2.434877288807578
Josh Hall,halljo01,2021,RS,OKC,735,336,-10.53518991808648
R.J. Hampton,hamptrj01,2021,RS,DEN,505,233,-9.83050486526815
R.J. Hampton,hamptrj01,2021,RS,ORL,1381,655,-5.607390080208692
Tim Hardaway Jr.,hardati02,2021,RS,DAL,4078,1985,1.482523608053258
James Harden,hardeja01,2021,RS,BRK,2734,1319,5.66163548326131
James Harden,hardeja01,2021,RS,HOU,610,290,1.176522214832207
Maurice Harkless,harklma01,2021,RS,MIA,269,124,-9.75691585771718
Maurice Harkless,harklma01,2021,RS,SAC,1383,648,-2.680307865368879
Jared Harper,harpeja01,2021,RS,NYK,40,16,-12.7382049806762
Montrezl Harrell,harremo01,2021,RS,LAL,3284,1580,3.419064492366191
Gary Harris,harriga01,2021,RS,DEN,1182,581,-.3029681124019848
Gary Harris,harriga01,2021,RS,ORL,1043,499,-5.4615922537056
Jalen Harris,harrija01,2021,RS,TOR,369,172,.7337677200383159
Joe Harris,harrijo01,2021,RS,BRK,4551,2141,2.251832760785828
Shaquille Harrison,harrish01,2021,RS,DEN,589,277,-2.800685793003223
Shaquille Harrison,harrish01,2021,RS,UTA,125,56,-14.42579992667826
Tobias Harris,harrito02,2021,RS,PHI,4213,2014,1.786607132744782
Isaiah Hartenstein,harteis01,2021,RS,CLE,589,287,1.240413572217825
Isaiah Hartenstein,harteis01,2021,RS,DEN,575,272,.9612644815811455
Josh Hart,hartjo01,2021,RS,NOP,2844,1349,.7898524667860446
Udonis Haslem,hasleud01,2021,RS,MIA,7,3,47.47361059585624
Jaxson Hayes,hayesja02,2021,RS,NOP,2080,964,-.4236814145178007
Killian Hayes,hayeski01,2021,RS,DET,1398,670,-8.187209367659747
Gordon Hayward,haywago01,2021,RS,CHA,3143,1496,.6297341588724533
Juancho Hernangomez,hernaju01,2021,RS,MIN,1926,900,-3.193188635765993
Willy Hernangomez,hernawi01,2021,RS,NOP,1819,846,-.0232335679837042
Tyler Herro,herroty01,2021,RS,MIA,3354,1635,-.8086321045872717
Buddy Hield,hieldbu01,2021,RS,SAC,5133,2433,.4182486807325354
George Hill,hillge01,2021,RS,OKC,755,369,1.588284967033469
George Hill,hillge01,2021,RS,PHI,622,303,.4791217552087221
Solomon Hill,hillso01,2021,RS,ATL,3150,1513,-2.712582907951872
Nate Hinton,hintona01,2021,RS,DAL,202,93,-8.937363622931258
Jaylen Hoard,hoardja01,2021,RS,OKC,697,320,-2.757131995601324
Aaron Holiday,holidaa01,2021,RS,IND,2556,1176,-2.240131994398611
Jrue Holiday,holidjr01,2021,RS,MIL,4131,1907,4.228022959247721
Justin Holiday,holidju01,2021,RS,IND,4691,2183,.5393587402779851
Rondae Hollis-Jefferson,holliro01,2021,RS,POR,224,107,-2.89284437994674
Richaun Holmes,holmeri01,2021,RS,SAC,3730,1782,2.117364704062246
Rodney Hood,hoodro01,2021,RS,POR,1503,726,-5.388629382305949
Rodney Hood,hoodro01,2021,RS,TOR,453,216,-5.144846234844222
Al Horford,horfoal01,2021,RS,OKC,1634,782,2.813276670062399
Talen Horton-Tucker,hortota01,2021,RS,LAL,2738,1304,-.1779065393457002
Danuel House Jr.,houseda01,2021,RS,HOU,1979,932,-5.566583623111413
Dwight Howard,howardw01,2021,RS,PHI,2521,1196,-1.201692606166514
Markus Howard,howarma02,2021,RS,DEN,461,205,-10.55152186127608
Kevin Huerter,huertke01,2021,RS,ATL,4407,2126,-.2983705994442566
Elijah Hughes,hugheel01,2021,RS,UTA,140,64,-8.542993433366838
De'Andre Hunter,huntede01,2021,RS,ATL,1438,678,3.689102804114309
Chandler Hutchison,hutchch01,2021,RS,CHI,145,64,-6.316020546871555
Chandler Hutchison,hutchch01,2021,RS,WAS,630,282,-4.896134853225201
Serge Ibaka,ibakase01,2021,RS,LAC,1943,955,1.609984206160111
Andre Iguodala,iguodan01,2021,RS,MIA,2729,1339,-1.246333441192085
Ersan Ilyasova,ilyaser01,2021,RS,UTA,303,148,1.099536554773372
Joe Ingles,inglejo01,2021,RS,UTA,3932,1867,3.20296792527436
Brandon Ingram,ingrabr01,2021,RS,NOP,4359,2093,1.299209485883297
Kyrie Irving,irvinky01,2021,RS,BRK,3974,1886,2.975605644322887
Wes Iwundu,iwundwe01,2021,RS,DAL,607,288,-5.071343992781218
Wes Iwundu,iwundwe01,2021,RS,NOP,548,251,-6.875585488968311
Frank Jackson,jacksfr01,2021,RS,DET,1534,738,-1.031721058582533
Jaren Jackson Jr.,jacksja02,2021,RS,MEM,545,258,.5446109213397635
Josh Jackson,jacksjo02,2021,RS,DET,3272,1560,-.1332996559610564
Justin Jackson,jacksju01,2021,RS,MIL,74,33,-3.951774621770245
Justin Jackson,jacksju01,2021,RS,OKC,1167,544,-4.026198490950827
Reggie Jackson,jacksre01,2021,RS,LAC,3187,1544,1.139110077697271
Justin James,jamesju01,2021,RS,SAC,674,310,-4.54615274554841
LeBron James,jamesle01,2021,RS,LAL,3146,1504,5.602515058020263
Mike James,jamesmi02,2021,RS,BRK,493,236,-3.628286989805069
DaQuan Jeffries,jeffrda01,2021,RS,HOU,576,261,-1.566916207892027
DaQuan Jeffries,jeffrda01,2021,RS,SAC,500,232,.5389400981405862
Ty Jerome,jeromty01,2021,RS,OKC,1689,788,-2.052269959107939
Isaiah Joe,joeis01,2021,RS,PHI,822,383,1.473022373030829
Alize Johnson,johnsal02,2021,RS,BRK,399,189,3.448417759250274
Cameron Johnson,johnsca02,2021,RS,PHO,2957,1437,1.318309609043112
James Johnson,johnsja01,2021,RS,DAL,1063,504,-3.64348005388571
James Johnson,johnsja01,2021,RS,NOP,1165,539,-4.59009319829878
Keldon Johnson,johnske04,2021,RS,SAS,4102,1968,-2.69297864114674
Stanley Johnson,johnsst04,2021,RS,TOR,2133,1006,-4.164436038247588
Tyler Johnson,johnsty01,2021,RS,BRK,1433,684,-1.801891845791078
Nikola Jokic,jokicni01,2021,RS,DEN,5087,2488,9.554563510938198
Damian Jones,jonesda03,2021,RS,LAL,240,112,-.888483736119549
Damian Jones,jonesda03,2021,RS,PHO,200,94,-12.08425205561738
Damian Jones,jonesda03,2021,RS,SAC,734,341,-5.071413350401674
Derrick Jones Jr.,jonesde02,2021,RS,POR,2732,1318,-.4456214882610405
Mason Jones,jonesma05,2021,RS,HOU,679,307,-8.550451739884899
Mason Jones,jonesma05,2021,RS,PHI,58,27,-.9232479391078883
Tre Jones,jonestr01,2021,RS,SAS,565,269,-9.98718650993573
Tyus Jones,jonesty01,2021,RS,MEM,2573,1222,-.4521768436560835
DeAndre Jordan,jordade01,2021,RS,BRK,2623,1246,-3.742745488114673
Cory Joseph,josepco01,2021,RS,DET,1044,502,4.404870335279433
Cory Joseph,josepco01,2021,RS,SAC,1993,944,-3.284623647174787
Mfiondu Kabengele,kabenmf01,2021,RS,CLE,404,186,-2.203374009016341
Mfiondu Kabengele,kabenmf01,2021,RS,LAC,196,94,-8.851602201238137
Frank Kaminsky,kaminfr01,2021,RS,PHO,1484,715,-1.091125402757746
Enes Kanter,kanteen01,2021,RS,POR,3618,1758,.5950360962111731
Luke Kennard,kennalu01,2021,RS,LAC,2541,1232,-3.816215307125611
Louis King,kinglo02,2021,RS,SAC,183,85,7.443281844604646
Maxi Kleber,klebima01,2021,RS,DAL,2797,1341,.3457600455561896
Nathan Knight,knighna01,2021,RS,ATL,584,279,.1203019740701934
Kevin Knox II,knoxke01,2021,RS,NYK,961,464,-3.630345211171582
John Konchar,konchjo01,2021,RS,MEM,1208,575,2.306672199573582
Furkan Korkmaz,korkmfu01,2021,RS,PHI,2239,1062,2.372037289828429
Luke Kornet,kornelu01,2021,RS,BOS,533,254,.7212429957919273
Luke Kornet,kornelu01,2021,RS,CHI,209,94,-2.139296008042411
Rodions Kurucs,kurucro01,2021,RS,BRK,34,16,-11.95588856875224
Rodions Kurucs,kurucro01,2021,RS,HOU,174,75,-5.985271164762279
Rodions Kurucs,kurucro01,2021,RS,MIL,76,34,.3903316367350262
Kyle Kuzma,kuzmaky01,2021,RS,LAL,4059,1954,-3.0809670042573
Anthony Lamb,lamban01,2021,RS,HOU,899,415,-3.740266371300707
Jeremy Lamb,lambje01,2021,RS,IND,1630,765,2.39690284934337
Romeo Langford,langfro01,2021,RS,BOS,594,283,-2.334622147182032
Zach LaVine,lavinza01,2021,RS,CHI,4294,2034,2.315898015108327
Jake Layman,laymaja01,2021,RS,MIN,1360,627,-3.239271455572287
T.J. Leaf,leaftj01,2021,RS,POR,84,35,-1.377482549311952
Jalen Lecque,lecquja01,2021,RS,IND,27,12,5.935301274224771
Damion Lee,leeda03,2021,RS,GSW,2320,1079,1.123006808753358
Saben Lee,leesa01,2021,RS,DET,1609,781,-4.074986413142792
Alex Len,lenal01,2021,RS,TOR,169,76,-11.9659398048883
Alex Len,lenal01,2021,RS,WAS,2009,903,-.7901872959994147
Kawhi Leonard,leonaka01,2021,RS,LAC,3601,1773,7.943699875775712
Meyers Leonard,leoname01,2021,RS,MIA,61,29,-8.67380440839462
Caris LeVert,leverca01,2021,RS,BRK,733,334,4.853135371386564
Caris LeVert,leverca01,2021,RS,IND,2499,1152,-1.581601746911437
Kira Lewis Jr.,lewiski01,2021,RS,NOP,1932,904,-1.824427027930744
Damian Lillard,lillada01,2021,RS,POR,5016,2398,4.544326508875663
Nassir Little,littlna01,2021,RS,POR,1321,640,-4.676500644614719
Kevon Looney,looneke01,2021,RS,GSW,2476,1161,.9346445041718831
Brook Lopez,lopezbr01,2021,RS,MIL,4108,1902,1.186675386744455
Robin Lopez,lopezro01,2021,RS,WAS,2925,1354,-.8358998440596942
Didi Louzada,louzama01,2021,RS,NOP,120,56,-15.32454977819194
Kevin Love,loveke01,2021,RS,CLE,1303,622,-2.926295961668829
Kyle Lowry,lowryky01,2021,RS,TOR,3381,1601,1.209388308124556
Timothe Luwawu-Cabarrot,luwawti01,2021,RS,BRK,2254,1050,-2.6129848443005
Trey Lyles,lylestr01,2021,RS,SAS,743,358,-4.482563225142636
Will Magnay,magnawi01,2021,RS,NOP,7,3,-54.57328851540055
Thon Maker,makerth01,2021,RS,CLE,155,76,-2.669382350507433
Theo Maledon,maledth01,2021,RS,OKC,3825,1778,-7.954042352890517
Karim Mane,maneka01,2021,RS,ORL,182,88,-11.35700181366515
Nico Mannion,mannini01,2021,RS,GSW,778,364,-4.622605564352442
Terance Mann,mannte01,2021,RS,LAC,2629,1263,-.2763057087556349
Boban Marjanovic,marjabo01,2021,RS,DAL,565,271,-.6632720747583918
Lauri Markkanen,markkla01,2021,RS,CHI,2765,1317,-1.431050406313417
Naji Marshall,marshna01,2021,RS,NOP,1533,700,-.6567927336539436
Caleb Martin,martica02,2021,RS,CHA,1703,818,-1.172107930716839
Cody Martin,martico01,2021,RS,CHA,1772,849,-.1307221013860087
Jeremiah Martin,martije02,2021,RS,CLE,156,75,-10.3145190465549
Kelan Martin,martike03,2021,RS,IND,690,322,-.0900210454912773
Kenyon Martin Jr.,martike04,2021,RS,HOU,2285,1068,-3.312437863653474
Frank Mason,masonfr01,2021,RS,ORL,161,79,-17.30132392669592
Garrison Mathews,mathega01,2021,RS,WAS,2302,1038,.9406485515206213
Dakota Mathias,mathida01,2021,RS,PHI,264,123,-3.65393772744031
Wesley Matthews,matthwe02,2021,RS,LAL,2339,1130,-.20706101433696
Tyrese Maxey,maxeyty01,2021,RS,PHI,1971,935,-2.935803128471639
Skylar Mays,mayssk01,2021,RS,ATL,555,269,.4505736974865924
Patrick McCaw,mccawpa01,2021,RS,TOR,65,33,-7.866378023268809
CJ McCollum,mccolcj01,2021,RS,POR,3334,1600,4.682211222807977
T.J. McConnell,mccontj01,2021,RS,IND,3881,1796,2.321938306033979
Jalen McDaniels,mcdanja01,2021,RS,CHA,1856,904,-4.297225888319905
Jaden McDaniels,mcdanja02,2021,RS,MIN,3246,1511,-2.626156598607381
Doug McDermott,mcderdo01,2021,RS,IND,3498,1619,-3.057743303675069
Sean McDermott,mcderse01,2021,RS,MEM,340,158,-6.74525799710624
JaVale McGee,mcgeeja01,2021,RS,CLE,1046,503,-.3069882475722159
JaVale McGee,mcgeeja01,2021,RS,DEN,364,175,-3.53672037245635
Rodney McGruder,mcgruro01,2021,RS,DET,393,194,1.37510692421128
Alfonzo McKinnie,mckinal01,2021,RS,LAL,561,258,1.527611738928763
Jordan McLaughlin,mclaujo01,2021,RS,MIN,2021,938,-1.699379737683186
Ben McLemore,mclembe01,2021,RS,HOU,1192,537,-4.651133922274722
Ben McLemore,mclembe01,2021,RS,LAL,768,368,-2.026523215531442
Nicolo Melli,mellini01,2021,RS,DAL,655,325,-2.224944029506618
Nicolo Melli,mellini01,2021,RS,NOP,487,241,-.6400843754451477
De'Anthony Melton,meltode01,2021,RS,MEM,2237,1045,2.217470166289642
Sam Merrill,merrisa01,2021,RS,MIL,508,233,-3.1109264599563
Chimezie Metu,metuch01,2021,RS,SAC,1052,488,-5.217659693142538
Khris Middleton,middlkh01,2021,RS,MIL,4895,2269,1.606334959931939
Darius Miller,milleda01,2021,RS,OKC,430,197,5.522299603542677
Paul Millsap,millspa01,2021,RS,DEN,2342,1162,2.019875841613915
Patty Mills,millspa02,2021,RS,SAS,3580,1685,-.6087009072412486
Shake Milton,miltosh01,2021,RS,PHI,3088,1461,-.2740255322291595
Donovan Mitchell,mitchdo01,2021,RS,UTA,3689,1771,2.824572462354933
Adam Mokoka,mokokad01,2021,RS,CHI,124,56,-6.719764559825242
Malik Monk,monkma01,2021,RS,CHA,1865,878,-1.187865193811959
E'Twaun Moore,mooreet01,2021,RS,PHO,821,389,-2.333275024270508
Ja Morant,moranja01,2021,RS,MEM,4369,2053,-1.573579418847236
Juwan Morgan,morgaju01,2021,RS,UTA,320,147,-10.62966241173769
Markieff Morris,morrima02,2021,RS,LAL,2512,1200,-3.034962924046074
Marcus Morris Sr.,morrima03,2021,RS,LAC,3088,1502,-.1511234983636853
Monte Morris,morrimo01,2021,RS,DEN,2464,1196,.4478373019941146
Mychal Mulder,muldemy01,2021,RS,GSW,1689,766,-2.201665883214434
Dejounte Murray,murrade01,2021,RS,SAS,4457,2139,1.061754932799895
Jamal Murray,murraja01,2021,RS,DEN,3458,1704,3.478461698073128
Mike Muscala,muscami01,2021,RS,OKC,1383,645,2.029778118282728
Svi Mykhailiuk,mykhasv01,2021,RS,DET,1309,634,.3189680291156994
Svi Mykhailiuk,mykhasv01,2021,RS,OKC,1512,690,-5.911284537185274
Abdel Nader,naderab01,2021,RS,PHO,761,355,-.3083004152979476
Larry Nance Jr.,nancela02,2021,RS,CLE,2224,1091,.5189338603080671
Aaron Nesmith,nesmiaa01,2021,RS,BOS,1409,669,-3.119589239056475
Raul Neto,netora01,2021,RS,WAS,3099,1403,2.31383822849008
Georges Niang,niangge01,2021,RS,UTA,2446,1154,1.434244589390887
Zeke Nnaji,nnajize01,2021,RS,DEN,848,397,-5.576696308081257
Nerlens Noel,noelne01,2021,RS,NYK,3118,1547,.153682058605944
Jaylen Nowell,nowelja01,2021,RS,MIN,1640,759,-3.12565243954059
Frank Ntilikina,ntilila01,2021,RS,NYK,667,322,-1.964760907190395
James Nunnally,nunnaja01,2021,RS,NOP,104,48,-9.803483915530967
Kendrick Nunn,nunnke01,2021,RS,MIA,3351,1650,-.8080544969016801
Jusuf Nurkic,nurkiju01,2021,RS,POR,1874,880,4.217755376135512
David Nwaba,nwabada01,2021,RS,HOU,1456,679,3.180641755141817
Jordan Nwora,nworajo01,2021,RS,MIL,604,274,.1110085289829824
Semi Ojeleye,ojelese01,2021,RS,BOS,1959,950,-1.523309628093712
Jahlil Okafor,okafoja01,2021,RS,DET,721,347,-7.743667048832283
Chuma Okeke,okekech01,2021,RS,ORL,2380,1133,.2432980774569034
Josh Okogie,okogijo01,2021,RS,MIN,2567,1197,-.5731214381881524
Onyeka Okongwu,okongon01,2021,RS,ATL,1270,601,-1.564838424101592
Isaac Okoro,okorois01,2021,RS,CLE,4440,2173,-4.200877591157475
KZ Okpala,okpalkz01,2021,RS,MIA,917,447,-5.594086981570811
Victor Oladipo,oladivi01,2021,RS,HOU,1422,669,-.7225441199867433
Victor Oladipo,oladivi01,2021,RS,IND,623,300,4.184327564362976
Victor Oladipo,oladivi01,2021,RS,MIA,231,111,-6.022246761723656
Cameron Oliver,oliveca01,2021,RS,HOU,188,87,-3.693290234489859
Kelly Olynyk,olynyke01,2021,RS,HOU,1819,840,2.388094263144107
Kelly Olynyk,olynyke01,2021,RS,MIA,2383,1157,-2.103275971422332
Royce O'Neale,onealro01,2021,RS,UTA,4644,2241,1.656930694558606
Miye Oni,onimi01,2021,RS,UTA,1099,519,-2.219425280647972
Cedi Osman,osmande01,2021,RS,CLE,3114,1510,-3.264464838206558
Daniel Oturu,oturuda01,2021,RS,LAC,328,161,-6.504680764329914
Kelly Oubre Jr.,oubreke01,2021,RS,GSW,3675,1687,-2.665286132137051
Jabari Parker,parkeja01,2021,RS,BOS,286,138,1.225578581431489
Jabari Parker,parkeja01,2021,RS,SAC,59,27,-13.8639605019929
Eric Paschall,pascher01,2021,RS,GSW,1488,695,-4.583698949035343
Anzejs Pasecniks,pasecan01,2021,RS,WAS,13,6,-63.74964587916353
Patrick Patterson,pattepa01,2021,RS,LAC,1211,582,-1.977309766901429
Justin Patton,pattoju01,2021,RS,HOU,527,247,-6.197479489095921
Chris Paul,paulch01,2021,RS,PHO,4532,2199,3.152779010616742
Cameron Payne,payneca01,2021,RS,PHO,2231,1079,4.207442752877614
Elfrid Payton,paytoel01,2021,RS,NYK,3008,1484,-3.133497675276974
Gary Payton II,paytoga02,2021,RS,GSW,92,40,8.644182066483324
Norvel Pelle,pelleno01,2021,RS,BRK,60,28,-15.48772746106919
Norvel Pelle,pelleno01,2021,RS,NYK,112,52,5.88795710408985
Norvel Pelle,pelleno01,2021,RS,SAC,10,4,18.5719781461219
Reggie Perry,perryre01,2021,RS,BRK,448,211,-6.896621259470185
Theo Pinson,pinsoth01,2021,RS,NYK,82,34,-23.74033433840108
Mason Plumlee,plumlma01,2021,RS,DET,3077,1499,-1.498609918706397
Jakob Poeltl,poeltja01,2021,RS,SAS,3838,1845,4.534611643682618
Vincent Poirier,poirivi01,2021,RS,PHI,87,39,-16.05780158316827
Aleksej Pokusevski,pokusal01,2021,RS,OKC,2372,1090,-9.168210632965046
Jordan Poole,poolejo01,2021,RS,GSW,2098,988,-2.558225285235642
Jontay Porter,portejo01,2021,RS,MEM,115,54,-6.732800553365632
Kevin Porter Jr.,porteke02,2021,RS,HOU,1786,835,-4.194936962682316
Michael Porter Jr.,portemi01,2021,RS,DEN,3908,1912,2.224970974946769
Otto Porter Jr.,porteot01,2021,RS,CHI,1156,540,-1.953181403180975
Otto Porter Jr.,porteot01,2021,RS,ORL,139,66,2.312180037329874
Bobby Portis,portibo01,2021,RS,MIL,2993,1372,2.568471617445929
Kristaps Porzingis,porzikr01,2021,RS,DAL,2735,1327,.1004918641704449
Dwight Powell,poweldw01,2021,RS,DAL,2010,966,1.82962557509018
Norman Powell,powelno01,2021,RS,POR,1939,928,.7646273904536619
Norman Powell,powelno01,2021,RS,TOR,2704,1277,.1942627136213921
Taurean Prince,princta02,2021,RS,BRK,476,218,-2.30900567016622
Taurean Prince,princta02,2021,RS,CLE,1442,687,-.0836007334158755
Payton Pritchard,pritcpa01,2021,RS,BOS,2625,1268,-1.071038665915314
Immanuel Quickley,quickim01,2021,RS,NYK,2517,1243,.9058992756392843
Jahmi'us Ramsey,ramseja01,2021,RS,SAC,210,94,-2.988646165679516
Chasson Randle,randlch01,2021,RS,ORL,1759,837,-7.308087239091575
Julius Randle,randlju01,2021,RS,NYK,5402,2667,3.12992666139484
Cam Reddish,reddica01,2021,RS,ATL,1606,750,-2.792778363568934
JJ Redick,redicjj01,2021,RS,DAL,310,147,-3.672064880097714
JJ Redick,redicjj01,2021,RS,NOP,1231,576,-1.471131933271237
Paul Reed,reedpa01,2021,RS,PHI,376,177,-1.072465809056113
Naz Reid,reidna01,2021,RS,MIN,2920,1347,-.5452048211206322
Cameron Reynolds,reynoca01,2021,RS,HOU,73,34,-8.957408445552236
Cameron Reynolds,reynoca01,2021,RS,SAS,14,6,-9.218813868172777
Josh Richardson,richajo01,2021,RS,DAL,3665,1790,-1.58367851577466
Nick Richards,richani01,2021,RS,CHA,134,63,-9.944992943045788
Grant Riller,rillegr01,2021,RS,CHA,55,27,-1.108290535171093
Austin Rivers,riverau01,2021,RS,DEN,833,403,-.7740874810222067
Austin Rivers,riverau01,2021,RS,NYK,888,442,-2.190610209000934
Andre Roberson,roberan03,2021,RS,BRK,127,63,-9.706629099640628
Duncan Robinson,robindu01,2021,RS,MIA,4597,2262,.0170753018323896
Glenn Robinson III,robingl02,2021,RS,SAC,790,369,-5.674641179016312
Jerome Robinson,robinje01,2021,RS,WAS,666,305,-7.512142598370867
Justin Robinson,robinju01,2021,RS,OKC,190,88,-10.58107189713756
Mitchell Robinson,robinmi01,2021,RS,NYK,1713,853,-.0293229196323912
Isaiah Roby,robyis01,2021,RS,OKC,3055,1425,-5.011469150026361
Rajon Rondo,rondora01,2021,RS,ATL,836,402,-5.377710828217811
Rajon Rondo,rondora01,2021,RS,LAC,753,368,1.669803561577822
Derrick Rose,rosede01,2021,RS,DET,728,342,-.278847103576026
Derrick Rose,rosede01,2021,RS,NYK,1892,937,5.692173692263778
Terrence Ross,rosste01,2021,RS,ORL,2813,1347,-1.689329606817752
Terry Rozier,roziete01,2021,RS,CHA,4947,2383,1.555602080535583
Ricky Rubio,rubiori01,2021,RS,MIN,3815,1772,-1.424909040384844
D'Angelo Russell,russeda01,2021,RS,MIN,2596,1196,-1.239690988509434
Domantas Sabonis,sabondo01,2021,RS,IND,4746,2231,.288928676421264
Luka Samanic,samanlu01,2021,RS,SAS,651,308,-2.216510146103929
JaKarr Sampson,sampsja02,2021,RS,IND,687,316,-2.061137859116474
Dario Saric,saricda01,2021,RS,PHO,1838,871,.3574935136332327
Tomas Satoransky,satorto01,2021,RS,CHI,2702,1307,.1324190709720192
Dennis Schroder,schrode01,2021,RS,LAL,4062,1956,-.1786804442579705
Mike Scott,scottmi01,2021,RS,PHI,1809,852,-2.786239162793737
Jay Scrubb,scrubja01,2021,RS,LAC,176,84,-10.0473233304621
Collin Sexton,sextoco01,2021,RS,CLE,4374,2115,-2.481915341973528
Landry Shamet,shamela01,2021,RS,BRK,2962,1403,-1.018834598638478
Iman Shumpert,shumpim01,2021,RS,BRK,23,11,1.32149371995059
Pascal Siakam,siakapa01,2021,RS,TOR,4158,2006,.4207428332374843
Chris Silva,silvach01,2021,RS,MIA,179,83,-1.147692240504206
Chris Silva,silvach01,2021,RS,SAC,22,9,-10.88385060751701
Ben Simmons,simmobe01,2021,RS,PHI,3967,1877,2.168462365339319
Anfernee Simons,simonan01,2021,RS,POR,2273,1104,-2.958157039911101
Deividas Sirvydis,sirvyde01,2021,RS,DET,279,133,-3.693506765432057
Alen Smailagic,smailal01,2021,RS,GSW,188,84,-9.064559399230589
Marcus Smart,smartma01,2021,RS,BOS,3332,1581,1.214850330177901
Dennis Smith Jr.,smithde03,2021,RS,DET,801,392,3.985926141005971
Dennis Smith Jr.,smithde03,2021,RS,NYK,56,28,-4.616181552321533
Ish Smith,smithis01,2021,RS,WAS,2019,924,-.0702479096459774
Jalen Smith,smithja04,2021,RS,PHO,337,156,-9.9852857316545
Tony Snell,snellto01,2021,RS,ATL,2043,992,-1.873325952666522
Ray Spalding,spaldra01,2021,RS,HOU,45,19,-14.02381324244718
Cassius Stanley,stanlca01,2021,RS,IND,200,93,-4.63107884895635
Lamar Stevens,stevela01,2021,RS,CLE,1046,499,-3.967441382095394
Isaiah Stewart,stewais01,2021,RS,DET,3021,1455,1.416288103763579
Max Strus,strusma01,2021,RS,MIA,1039,507,-.1530349936730429
Edmond Sumner,sumneed01,2021,RS,IND,1900,861,-2.881631880362773
Jae'Sean Tate,tateja01,2021,RS,HOU,4372,2043,.7758672574910717
Jayson Tatum,tatumja01,2021,RS,BOS,4758,2290,2.826519239614295
Jeff Teague,teaguje01,2021,RS,BOS,1279,616,-.7563549691306237
Jeff Teague,teaguje01,2021,RS,MIL,738,334,-3.801491822250902
Garrett Temple,templga01,2021,RS,CHI,3253,1528,.2444299585682261
Tyrell Terry,terryty01,2021,RS,DAL,120,56,2.322564329534393
Daniel Theis,theisda01,2021,RS,BOS,2135,1027,1.587755944360191
Daniel Theis,theisda01,2021,RS,CHI,1192,574,-2.193088263294761
Brodric Thomas,thomabr01,2021,RS,CLE,784,375,-1.200887345437127
Brodric Thomas,thomabr01,2021,RS,HOU,54,24,.0961056890813845
Isaiah Thomas,thomais02,2021,RS,NOP,104,48,-4.791987434398478
Khyri Thomas,thomakh01,2021,RS,HOU,339,153,10.79525025313306
Matt Thomas,thomama02,2021,RS,TOR,414,192,-8.548881239099845
Matt Thomas,thomama02,2021,RS,UTA,281,134,-7.226245103356695
Tristan Thompson,thomptr01,2021,RS,BOS,2672,1287,-2.476742057375032
Sindarius Thornwell,thornsi01,2021,RS,NOP,147,73,-1.522703008658572
Sindarius Thornwell,thornsi01,2021,RS,ORL,307,144,-.0743606943424844
Matisse Thybulle,thybuma01,2021,RS,PHI,2754,1298,3.166195262115992
Killian Tillie,tilliki02,2021,RS,MEM,387,182,-2.191245914438396
Xavier Tillman,tillmxa01,2021,RS,MEM,2292,1085,-.766532775825621
Anthony Tolliver,tollian01,2021,RS,PHI,217,99,.4959547493963994
Obi Toppin,toppiob01,2021,RS,NYK,1386,683,-1.44995199536774
Juan Toscano-Anderson,toscaju01,2021,RS,GSW,2400,1107,.6576024429092215
Axel Toupane,toupaax01,2021,RS,MIL,134,61,1.920691748382813
Karl-Anthony Towns,townska01,2021,RS,MIN,3581,1689,3.364186447833529
Gary Trent Jr.,trentga02,2021,RS,POR,2620,1262,-2.297233823055999
Gary Trent Jr.,trentga02,2021,RS,TOR,1127,540,-3.942398484462077
P.J. Tucker,tuckepj01,2021,RS,HOU,2014,959,-6.373213545935195
P.J. Tucker,tuckepj01,2021,RS,MIL,867,397,-2.824379932599417
Rayjon Tucker,tuckera01,2021,RS,PHI,155,68,2.110769331529813
Myles Turner,turnemy01,2021,RS,IND,3053,1455,2.44553184877836
Jonas Valanciunas,valanjo01,2021,RS,MEM,3728,1755,2.861168627238126
Denzel Valentine,valende01,2021,RS,CHI,2159,1036,-1.77485036589743
Jarred Vanderbilt,vandeja01,2021,RS,MIN,2462,1139,1.977227943191631
Fred VanVleet,vanvlfr01,2021,RS,TOR,3923,1899,4.903574736979413
Anderson Varejao,varejan01,2021,RS,CLE,80,36,-14.03909399042685
Devin Vassell,vassede01,2021,RS,SAS,2252,1056,-1.805277003851186
Gabe Vincent,vincega01,2021,RS,MIA,1334,655,-2.122076320483065
Noah Vonleh,vonleno01,2021,RS,BRK,24,11,-39.00840765772864
Nikola Vucevic,vucevni01,2021,RS,CHI,1733,848,1.848966813642985
Nikola Vucevic,vucevni01,2021,RS,ORL,3117,1500,1.497932831413743
Dean Wade,wadede01,2021,RS,CLE,2501,1212,-2.287583815652734
Moritz Wagner,wagnemo01,2021,RS,BOS,131,61,-14.49181247888997
Moritz Wagner,wagnemo01,2021,RS,ORL,613,286,-5.74610538438793
Moritz Wagner,wagnemo01,2021,RS,WAS,832,375,4.091154906335985
Kemba Walker,walkeke02,2021,RS,BOS,2836,1369,3.930858169102907
Lonnie Walker IV,walkelo01,2021,RS,SAS,3172,1522,-5.728137286761237
John Wall,walljo01,2021,RS,HOU,2721,1288,-2.313758331899629
Brad Wanamaker,wanambr01,2021,RS,CHA,885,428,-5.032696208865755
Brad Wanamaker,wanambr01,2021,RS,GSW,1318,625,-2.642936857146508
T.J. Warren,warretj01,2021,RS,IND,250,117,-5.101240142963478
P.J. Washington,washipj01,2021,RS,CHA,4077,1954,-1.697087620638543
Yuta Watanabe,watanyu01,2021,RS,TOR,1533,723,-1.183714373734938
Tremont Waters,watertr01,2021,RS,BOS,511,238,-1.154356830261903
Paul Watson,watsopa01,2021,RS,TOR,630,297,-4.43430727109998
Quinndary Weatherspoon,weathqu01,2021,RS,SAS,261,121,-11.44458075784776
Russell Westbrook,westbru01,2021,RS,WAS,5290,2369,-1.65195880381949
Coby White,whiteco01,2021,RS,CHI,4564,2156,-2.53078720205084
Derrick White,whitede01,2021,RS,SAS,2201,1064,4.620222659327307
Hassan Whiteside,whiteha01,2021,RS,SAC,1171,546,-3.897592936341438
Greg Whittington,whittgr01,2021,RS,DEN,27,12,-12.56777086332635
Andrew Wiggins,wiggian01,2021,RS,GSW,5081,2364,-.5698314109071348
Grant Williams,willigr01,2021,RS,BOS,2395,1138,-3.370345863936019
Kenrich Williams,willike04,2021,RS,OKC,3066,1426,1.098463647377573
Lou Williams,willilo02,2021,RS,ATL,1061,505,-4.947544937856175
Lou Williams,willilo02,2021,RS,LAC,1953,918,-2.169750543486207
Patrick Williams,willipa01,2021,RS,CHI,4148,1983,-3.718445572841774
Robert Williams III,williro04,2021,RS,BOS,2051,985,.5912231903664984
Zion Williamson,willizi01,2021,RS,NOP,4360,2026,2.965017006172464
D.J. Wilson,wilsodj01,2021,RS,HOU,694,328,-4.322169813196913
D.J. Wilson,wilsodj01,2021,RS,MIL,227,105,.5742632370721723
Dylan Windler,windldy01,2021,RS,CLE,1089,513,-1.770697795238117
Justise Winslow,winslju01,2021,RS,MEM,1107,507,-4.766284131122202
Cassius Winston,winstca01,2021,RS,WAS,210,98,-14.19081929849874
James Wiseman,wisemja01,2021,RS,GSW,1840,836,-8.505966322211032
Robert Woodard II,woodaro01,2021,RS,SAC,103,45,-3.104275784660044
Christian Wood,woodch01,2021,RS,HOU,2825,1326,2.447939035327159
Delon Wright,wrighde01,2021,RS,DET,2143,1052,4.098197437970651
Delon Wright,wrighde01,2021,RS,SAC,1459,696,.45765484541639
Thaddeus Young,youngth01,2021,RS,CHI,3443,1652,4.722239511117714
Trae Young,youngtr01,2021,RS,ATL,4449,2125,2.21064195006988
Cody Zeller,zelleco01,2021,RS,CHA,2113,1005,1.04405570753626
Ivica Zubac,zubaciv01,2021,RS,LAC,3318,1609,1.764686192475625
