player,teams,cutoff,last_observed_date,gp,seconds,pts,reb,ast,stl,blk,tov,pf,fgm,fga,fg3m,fg3a,ftm,fta,pts36,reb36,ast36,stl36,blk36,tov36,pf36,sample_status
Aaron Gordon,ORL,2021-03-24,2021-03-24,25,44138,364,166,105,16,20,67,49,128,293,42,112,66,105,17.81322217,8.12361231,5.13842947,0.78299878,0.97874847,3.27880738,2.39793375,OBSERVED_NOT_CAUSAL
Aaron Holiday,IND,2021-03-24,2021-03-22,41,44301,284,50,71,26,5,32,68,105,284,40,121,34,45,13.84709149,2.43786822,3.46177287,1.26769147,0.24378682,1.56023566,3.31550078,OBSERVED_NOT_CAUSAL
Aaron Nesmith,BOS,2021-03-24,2021-03-22,22,20192,88,53,8,5,5,12,42,29,74,20,55,10,14,9.41362916,5.66957211,0.85578447,0.53486529,0.53486529,1.2836767,4.49286846,OBSERVED_NOT_CAUSAL
Abdel Nader,PHX,2021-03-24,2021-03-21,24,21314,160,62,19,10,9,19,34,57,116,18,43,28,37,16.21469457,6.28319414,1.92549498,1.01341841,0.91207657,1.92549498,3.4456226,OBSERVED_NOT_CAUSAL
Adam Mokoka,CHI,2021-03-24,2021-03-22,9,2801,13,4,4,2,1,2,5,6,15,1,8,0,0,10.02499107,3.08461264,3.08461264,1.54230632,0.77115316,1.54230632,3.8557658,LIMITED_UNDER_120_MIN
Al-Farouq Aminu,ORL,2021-03-24,2021-03-24,17,22003,93,91,29,17,9,25,22,36,89,7,31,14,17,9.12966414,8.93332727,2.84688452,1.66886334,0.88351588,2.45421079,2.15970549,OBSERVED_NOT_CAUSAL
Alen Smailagic,GSW,2021-03-24,2021-03-20,3,775,5,0,0,0,0,0,5,2,7,1,4,0,2,13.93548387,0.0,0.0,0.0,0.0,0.0,13.93548387,LIMITED_UNDER_120_MIN
Alize Johnson,BKN,2021-03-24,2021-03-24,1,1978,23,15,3,2,0,1,1,11,15,0,1,1,1,25.11627907,16.380182,3.2760364,2.18402427,0.0,1.09201213,1.09201213,LIMITED_UNDER_120_MIN
Andre Iguodala,MIA,2021-03-24,2021-03-23,40,51165,186,146,85,40,19,40,54,63,161,42,122,18,29,7.85224274,6.16358839,3.5883905,1.68865435,0.80211082,1.68865435,2.27968338,OBSERVED_NOT_CAUSAL
Andrew Wiggins,GSW,2021-03-24,2021-03-23,44,85047,778,203,93,41,41,83,101,293,625,85,222,107,154,19.75942714,5.15573742,2.36198808,1.04130657,1.04130657,2.10801086,2.56516985,OBSERVED_NOT_CAUSAL
Anthony Edwards,MIN,2021-03-24,2021-03-24,44,80026,745,188,113,42,16,87,74,274,711,94,298,103,133,20.10846475,5.07435084,3.05000875,1.13363157,0.43185965,2.34823682,1.99735086,OBSERVED_NOT_CAUSAL
Anthony Tolliver,,2021-03-24,,0,0,0,0,0,0,0,0,0,0,0,0,0,0,0,,,,,,,,NO_PREDEADLINE_SAMPLE
Aron Baynes,TOR,2021-03-24,2021-03-24,41,45948,245,219,37,12,16,36,93,101,238,20,80,23,32,11.51736746,10.29511622,1.73935753,0.56411596,0.75215461,1.69234787,4.37189867,OBSERVED_NOT_CAUSAL
Bam Adebayo,MIA,2021-03-24,2021-03-23,38,76764,728,360,204,33,41,108,90,270,485,2,7,186,220,20.48460216,10.12974832,5.74019071,0.92856026,1.15366578,3.0389245,2.53243708,OBSERVED_NOT_CAUSAL
Ben Simmons,PHI,2021-03-24,2021-03-23,36,73694,579,288,272,54,25,126,111,227,403,3,8,122,189,16.97071675,8.44139279,7.97242652,1.58276115,0.73275979,3.69310934,3.25345347,OBSERVED_NOT_CAUSAL
Bismack Biyombo,CHA,2021-03-24,2021-03-24,41,53373,227,219,55,11,47,41,98,96,166,0,1,35,72,9.18666742,8.86290821,2.22584453,0.44516891,1.90208532,1.65926592,3.96605025,OBSERVED_NOT_CAUSAL
Blake Griffin,BKN;DET,2021-03-24,2021-03-23,22,39643,255,111,77,16,3,33,45,85,228,40,126,45,64,13.89400399,6.04797821,4.19544434,0.87178064,0.16345887,1.79804757,2.45188306,OBSERVED_NOT_CAUSAL
Bobby Portis,MIL,2021-03-24,2021-03-24,43,54150,475,293,46,33,17,34,79,199,370,49,102,28,38,18.94736842,11.68753463,1.83490305,1.31634349,0.67811634,1.35623269,3.15124654,OBSERVED_NOT_CAUSAL
Bogdan Bogdanovic,ATL,2021-03-24,2021-03-24,19,26696,193,64,42,10,4,19,38,70,173,39,113,14,15,15.6158226,5.17830387,3.39826191,0.80910998,0.32364399,1.53730896,3.07461792,OBSERVED_NOT_CAUSAL
Bojan Bogdanovic,UTA,2021-03-24,2021-03-24,43,77952,644,165,82,22,2,65,70,208,502,107,279,121,139,17.84482759,4.57204433,2.27216749,0.60960591,0.05541872,1.80110837,1.93965517,OBSERVED_NOT_CAUSAL
Brad Wanamaker,GSW,2021-03-24,2021-03-20,39,37509,185,66,99,26,6,37,55,61,173,13,61,50,56,10.65344317,3.80068783,5.70103175,1.49724066,0.34551708,2.13068863,3.16723986,OBSERVED_NOT_CAUSAL
Brandon Clarke,MEM,2021-03-24,2021-03-24,36,56381,421,203,56,39,32,21,55,176,338,17,54,52,75,16.12883773,7.77708803,2.14540359,1.49412036,1.22594491,0.80452635,2.10709281,OBSERVED_NOT_CAUSAL
Brandon Goodwin,ATL,2021-03-24,2021-03-18,27,17863,106,27,43,10,0,15,23,37,109,15,53,17,24,12.81755584,3.26484913,5.19957454,1.20920338,0.0,1.81380507,2.78116778,OBSERVED_NOT_CAUSAL
Brian Bowen II,IND,2021-03-24,2021-03-15,2,395,3,1,0,0,0,0,0,1,2,0,0,1,1,16.40506329,5.46835443,0.0,0.0,0.0,0.0,0.0,LIMITED_UNDER_120_MIN
Brodric Thomas,CLE;HOU,2021-03-24,2021-03-24,9,3765,31,7,9,2,2,4,8,10,23,4,13,7,9,17.78486056,4.01593625,5.16334661,1.14741036,1.14741036,2.29482072,4.58964143,LIMITED_UNDER_120_MIN
Brook Lopez,MIL,2021-03-24,2021-03-24,43,70439,494,216,31,26,59,40,88,180,381,64,192,70,84,15.1484263,6.6236034,0.95060975,0.79728559,1.809225,1.22659322,2.69850509,OBSERVED_NOT_CAUSAL
Bruce Brown,BKN,2021-03-24,2021-03-24,41,51640,340,186,59,30,12,31,85,142,258,9,37,47,66,14.22153369,7.78001549,2.46785438,1.25484121,0.50193648,1.29666925,3.55538342,OBSERVED_NOT_CAUSAL
Bruno Fernando,ATL,2021-03-24,2021-03-18,21,9757,31,63,9,2,3,15,18,11,27,0,2,9,15,6.86276519,13.94690991,1.9924157,0.44275904,0.66413857,3.32069284,3.9848314,OBSERVED_NOT_CAUSAL
Bryn Forbes,MIL,2021-03-24,2021-03-22,42,47326,399,51,24,8,0,23,43,143,308,90,198,23,31,18.2107087,2.32768457,1.09538097,0.36512699,0.0,1.0497401,1.96255758,OBSERVED_NOT_CAUSAL
Caleb Martin,CHA,2021-03-24,2021-03-24,30,25636,158,75,31,25,7,20,31,58,144,20,63,22,37,13.31252926,6.31923857,2.61195194,2.10641286,0.5897956,1.68513029,2.61195194,OBSERVED_NOT_CAUSAL
Cam Reynolds,,2021-03-24,,0,0,0,0,0,0,0,0,0,0,0,0,0,0,0,,,,,,,,NO_PREDEADLINE_SAMPLE
Cameron Johnson,PHX,2021-03-24,2021-03-24,37,52547,374,121,49,23,13,27,53,132,300,78,203,32,37,15.37366548,4.97383295,2.01419681,0.94543932,0.53437875,1.10986355,2.17862104,OBSERVED_NOT_CAUSAL
Cameron Payne,PHX,2021-03-24,2021-03-24,32,32834,222,67,117,18,7,35,53,82,171,33,78,25,28,14.60437352,4.40762624,7.69689956,1.18413839,0.46049826,2.30249132,3.48662971,OBSERVED_NOT_CAUSAL
Caris LeVert,BKN;IND,2021-03-24,2021-03-24,19,33368,339,82,100,24,6,36,33,130,306,37,106,42,53,21.94437785,5.3080796,6.4732678,1.55358427,0.38839607,2.33037641,2.13617837,OBSERVED_NOT_CAUSAL
Carsen Edwards,BOS,2021-03-24,2021-03-17,16,9756,82,18,9,5,1,2,19,32,69,11,36,7,9,18.15498155,3.98523985,1.99261993,1.10701107,0.22140221,0.44280443,4.20664207,OBSERVED_NOT_CAUSAL
Cassius Stanley,IND,2021-03-24,2021-03-22,11,1890,13,8,0,0,2,1,8,4,15,1,5,4,5,14.85714286,9.14285714,0.0,0.0,2.28571429,1.14285714,9.14285714,LIMITED_UNDER_120_MIN
Cedi Osman,CLE,2021-03-24,2021-03-24,43,64651,433,152,116,41,6,45,80,153,431,76,246,51,65,14.46659758,5.07834372,3.8755781,1.3698164,0.20046094,1.50345702,2.67281249,OBSERVED_NOT_CAUSAL
Chasson Randle,ORL,2021-03-24,2021-03-24,15,18413,82,30,38,5,1,15,25,27,64,15,42,13,16,9.61929072,3.5192527,4.45772009,0.58654212,0.11730842,1.75962635,2.93271058,OBSERVED_NOT_CAUSAL
Chris Boucher,TOR,2021-03-24,2021-03-24,44,62462,602,281,43,23,84,31,121,213,401,68,162,108,142,20.81777721,9.7172681,1.48698409,0.79536358,2.90480612,1.07201178,4.18430406,OBSERVED_NOT_CAUSAL
Chris Chiozza,BKN,2021-03-24,2021-03-24,16,9878,63,16,47,6,4,11,11,21,63,11,32,10,13,13.77606803,3.49868394,10.27738409,1.31200648,0.87467099,2.40534521,2.40534521,OBSERVED_NOT_CAUSAL
Chris Paul,PHX,2021-03-24,2021-03-24,42,79875,667,199,367,57,11,97,104,252,519,58,155,105,111,18.0371831,5.38140845,9.92450704,1.54140845,0.29746479,2.62309859,2.81239437,OBSERVED_NOT_CAUSAL
Chuma Okeke,ORL,2021-03-24,2021-03-24,28,36429,136,98,51,21,10,18,29,50,127,26,68,10,16,8.06390513,5.81075517,3.02396442,1.24516182,0.5929342,1.06728156,1.71950918,OBSERVED_NOT_CAUSAL
Clint Capela,ATL,2021-03-24,2021-03-24,38,66736,555,541,35,27,83,51,87,243,416,0,0,69,125,17.96331815,17.5101894,1.13282187,0.87389115,2.68640614,1.65068329,2.81587149,OBSERVED_NOT_CAUSAL
Coby White,CHI,2021-03-24,2021-03-24,43,81724,649,196,200,22,6,98,105,238,582,97,277,76,85,17.15334541,5.18036317,5.28608487,0.58146934,0.15858255,2.59018159,2.77519456,OBSERVED_NOT_CAUSAL
Cody Martin,CHA,2021-03-24,2021-03-24,31,24709,123,79,38,15,5,19,26,50,101,9,32,14,20,10.75235744,6.90598567,3.32186653,1.3112631,0.4370877,1.66093326,2.27285604,OBSERVED_NOT_CAUSAL
Cody Zeller,CHA,2021-03-24,2021-03-24,24,32045,220,171,55,15,11,24,58,89,178,3,20,39,57,14.82914651,11.52629115,3.70728663,1.01107817,0.74145733,1.61772507,3.90950226,OBSERVED_NOT_CAUSAL
Cole Anthony,ORL,2021-03-24,2021-02-09,25,40021,275,111,94,17,11,51,51,101,269,27,83,46,55,14.84220784,5.9908548,5.0733365,0.9175183,0.59368831,2.75255491,2.75255491,OBSERVED_NOT_CAUSAL
Collin Sexton,CLE,2021-03-24,2021-03-22,38,81809,911,105,162,42,4,108,104,334,699,66,169,177,219,24.05309929,2.77231111,4.27728001,1.10892445,0.10561185,2.85152,2.74590815,OBSERVED_NOT_CAUSAL
Cory Joseph,SAC,2021-03-24,2021-03-24,44,56650,289,99,108,39,9,44,98,111,250,31,94,36,47,11.01924095,3.77475728,4.11791703,1.4870256,0.34315975,1.6776699,3.73662842,OBSERVED_NOT_CAUSAL
Cristiano Felicio,CHI,2021-03-24,2021-03-22,7,2384,11,12,5,2,0,3,3,3,4,0,0,5,8,9.96644295,10.87248322,4.53020134,1.81208054,0.0,2.71812081,2.71812081,LIMITED_UNDER_120_MIN
D'Angelo Russell,MIN,2021-03-24,2021-02-08,20,34986,385,52,101,22,10,54,39,139,326,59,148,48,64,23.7695078,3.21042703,6.23563711,1.35825759,0.61738981,3.33390499,2.40782027,OBSERVED_NOT_CAUSAL
Damion Lee,GSW,2021-03-24,2021-03-23,43,49203,288,140,61,26,6,20,61,97,214,61,159,33,37,12.64313152,6.14596671,2.67788549,1.14139382,0.26339857,0.87799524,2.67788549,OBSERVED_NOT_CAUSAL
Daniel Theis,BOS,2021-03-24,2021-03-24,42,61612,397,220,67,25,43,41,120,159,288,33,95,46,67,13.91806791,7.71278322,2.34889307,0.87645264,1.50749854,1.43738233,4.20697267,OBSERVED_NOT_CAUSAL
Danilo Gallinari,ATL,2021-03-24,2021-03-24,32,45043,408,124,47,19,6,32,59,122,293,67,167,97,104,19.56530426,5.94631796,2.25384632,0.91112937,0.28772506,1.53453367,2.82929645,OBSERVED_NOT_CAUSAL
Danny Green,PHI,2021-03-24,2021-03-23,44,75587,403,160,75,60,37,52,79,142,352,106,272,13,20,11.51626602,4.5722148,2.14322569,1.71458055,1.05732467,1.48596981,2.25753106,OBSERVED_NOT_CAUSAL
Dario Saric,PHX,2021-03-24,2021-03-24,25,27866,250,106,32,14,3,37,57,91,196,28,79,40,45,19.37845403,8.21646451,2.48044212,1.08519343,0.23254145,2.8680112,4.41828752,OBSERVED_NOT_CAUSAL
Darius Garland,CLE,2021-03-24,2021-03-24,35,69578,581,78,205,39,3,105,83,223,504,63,155,72,86,18.03673575,2.42145506,6.3640806,1.21072753,0.09313289,3.25965104,2.57667654,OBSERVED_NOT_CAUSAL
DeAndre Jordan,BKN,2021-03-24,2021-03-24,43,58683,322,319,74,14,55,66,91,145,188,0,1,32,65,11.8521548,11.741731,2.72378713,0.51531108,2.02443638,2.42932365,3.34952201,OBSERVED_NOT_CAUSAL
DeAndre' Bembry,TOR,2021-03-24,2021-03-24,32,32901,152,77,62,21,10,33,50,63,118,9,28,17,25,9.97902799,5.0551655,4.070393,1.3786815,0.656515,2.1664995,3.282575,OBSERVED_NOT_CAUSAL
DeMar DeRozan,SAS,2021-03-24,2021-03-24,34,69376,698,151,248,32,10,58,67,239,484,18,58,202,229,21.73201107,4.70133764,7.72140221,0.99630996,0.31134686,1.80581181,2.08602399,OBSERVED_NOT_CAUSAL
Dean Wade,CLE,2021-03-24,2021-03-24,36,28076,153,85,30,8,11,14,31,54,124,33,83,12,17,11.77090754,6.53939308,2.30802109,0.61547229,0.8462744,1.07707651,2.38495512,OBSERVED_NOT_CAUSAL
Deandre Ayton,PHX,2021-03-24,2021-03-24,43,78716,632,470,66,16,48,72,135,271,446,4,17,86,113,17.34234463,12.8969968,1.81106764,0.4390467,1.3171401,1.97571015,3.70445653,OBSERVED_NOT_CAUSAL
Deividas Sirvydis,DET,2021-03-24,2021-03-19,7,714,1,2,1,1,0,0,1,0,4,0,4,1,2,3.02521008,6.05042017,3.02521008,3.02521008,0.0,0.0,3.02521008,LIMITED_UNDER_120_MIN
Dejounte Murray,SAS,2021-03-24,2021-03-24,40,75055,619,278,205,59,4,69,82,256,569,38,122,69,85,17.8141363,8.00053294,5.89967357,1.69795483,0.11511558,1.98574379,2.35986943,OBSERVED_NOT_CAUSAL
Denzel Valentine,CHI,2021-03-24,2021-03-24,39,43168,282,150,65,25,1,22,42,108,287,57,169,9,9,14.11045219,7.50555967,3.25240919,1.25092661,0.05003706,1.10081542,2.10155671,OBSERVED_NOT_CAUSAL
Derrick Favors,UTA,2021-03-24,2021-03-24,41,39190,243,222,35,23,38,23,96,98,151,0,1,47,62,13.39321255,12.23577443,1.92906354,1.26767032,2.09441184,1.26767032,5.2911457,OBSERVED_NOT_CAUSAL
Derrick Rose,DET;NYK,2021-03-24,2021-02-28,25,35274,338,55,112,29,10,48,29,126,293,23,61,63,74,20.69739752,3.36791971,6.85830924,1.77581221,0.61234904,2.93927539,1.77581221,OBSERVED_NOT_CAUSAL
Derrick White,SAS,2021-03-24,2021-03-24,17,27152,217,42,57,11,19,25,43,72,186,31,95,42,48,17.26281674,3.34119034,4.5344726,0.87507366,1.51149087,1.98880377,3.42074249,OBSERVED_NOT_CAUSAL
Desmond Bane,MEM,2021-03-24,2021-03-24,37,49916,352,106,49,25,5,37,71,131,270,65,143,25,29,15.23198974,4.586906,2.12036221,1.08181745,0.21636349,1.60108983,3.07236157,OBSERVED_NOT_CAUSAL
Devin Booker,PHX,2021-03-24,2021-03-24,39,78972,979,158,182,34,10,129,111,364,735,78,223,173,206,26.77708555,4.32153168,4.97796687,0.92994986,0.27351466,3.52833916,3.03601276,OBSERVED_NOT_CAUSAL
Devin Vassell,SAS,2021-03-24,2021-03-24,34,35405,185,106,37,32,10,15,50,64,156,33,80,24,28,11.28654145,6.46688321,2.25730829,1.95226663,0.61008332,0.91512498,3.05041661,OBSERVED_NOT_CAUSAL
Devon Dotson,CHI,2021-03-24,2021-01-01,1,572,4,1,0,0,0,0,1,2,4,0,0,0,0,15.1048951,3.77622378,0.0,0.0,0.0,0.0,3.77622378,LIMITED_UNDER_120_MIN
Devonte' Graham,CHA,2021-03-24,2021-03-24,33,59395,440,88,169,29,2,44,47,139,374,96,255,66,83,16.00134691,3.20026938,6.14597188,1.05463423,0.0727334,1.60013469,1.70923478,OBSERVED_NOT_CAUSAL
Dewayne Dedmon,,2021-03-24,,0,0,0,0,0,0,0,0,0,0,0,0,0,0,0,,,,,,,,NO_PREDEADLINE_SAMPLE
Dillon Brooks,MEM,2021-03-24,2021-03-24,38,66615,609,114,97,50,16,76,131,228,577,69,216,84,98,19.74690385,3.69646476,3.14523756,1.62125647,0.51880207,2.46430984,4.24769196,OBSERVED_NOT_CAUSAL
Donovan Mitchell,UTA,2021-03-24,2021-03-24,41,83367,1042,189,225,42,11,121,93,356,828,137,357,193,231,26.99773292,4.89690165,5.82964482,1.08820037,0.28500486,3.13505344,2.40958653,OBSERVED_NOT_CAUSAL
Donta Hall,,2021-03-24,,0,0,0,0,0,0,0,0,0,0,0,0,0,0,0,,,,,,,,NO_PREDEADLINE_SAMPLE
Donte DiVincenzo,MIL,2021-03-24,2021-03-24,43,70258,459,235,131,48,9,58,64,172,403,84,217,31,46,14.11141792,7.22480002,4.02744171,1.47570383,0.27669447,1.78314213,1.96760511,OBSERVED_NOT_CAUSAL
Doug McDermott,IND,2021-03-24,2021-03-24,42,63667,563,162,57,12,4,37,73,220,428,69,187,54,65,19.10063298,5.49609688,1.93381186,0.40711829,0.1357061,1.25528139,2.47663625,OBSERVED_NOT_CAUSAL
Draymond Green,GSW,2021-03-24,2021-03-23,38,68418,233,249,319,55,30,105,121,87,219,18,74,41,53,7.35595896,7.86108919,10.07103394,1.73638516,0.94711918,3.31491713,3.82004736,OBSERVED_NOT_CAUSAL
Drew Eubanks,SAS,2021-03-24,2021-03-24,24,19021,109,81,21,4,27,19,31,42,88,1,1,24,34,12.37789811,9.19825456,2.38473266,0.45423479,3.06608485,2.15761527,3.52031965,OBSERVED_NOT_CAUSAL
Duncan Robinson,MIA,2021-03-24,2021-03-23,44,87068,551,168,73,25,10,52,105,182,438,143,374,44,53,13.66931594,4.16777691,1.8109983,0.6202049,0.24808196,1.29002619,2.60486057,OBSERVED_NOT_CAUSAL
Dwayne Bacon,ORL,2021-03-24,2021-03-24,44,65712,436,125,49,23,3,30,71,159,398,44,132,74,87,14.33162893,4.10883857,1.61066472,0.7560263,0.09861213,0.98612126,2.33382031,OBSERVED_NOT_CAUSAL
Dwight Howard,PHI,2021-03-24,2021-03-23,44,45658,291,360,33,19,41,78,131,111,196,4,14,65,121,13.76670025,17.03096938,1.56117219,0.89885672,1.93963818,3.69004337,6.19738052,OBSERVED_NOT_CAUSAL
E'Twaun Moore,PHX,2021-03-24,2021-03-13,24,20891,102,42,35,14,4,18,31,43,102,8,29,8,10,10.54616821,4.34253985,3.61878321,1.44751328,0.41357522,1.86108851,3.20520798,OBSERVED_NOT_CAUSAL
Ed Davis,MIN,2021-03-24,2021-02-08,19,15860,43,97,19,10,10,6,49,18,43,0,0,7,8,5.85624212,13.21059269,2.58764187,1.36191677,1.36191677,0.81715006,6.67339218,OBSERVED_NOT_CAUSAL
Edmond Sumner,IND,2021-03-24,2021-03-24,30,21485,161,40,15,15,3,24,40,59,116,17,44,26,33,16.1861764,4.02141029,1.50802886,1.50802886,0.30160577,2.41284617,4.02141029,OBSERVED_NOT_CAUSAL
Elfrid Payton,NYK,2021-03-24,2021-03-23,35,58596,435,135,129,26,7,63,67,181,415,16,64,57,78,16.03522425,4.9764489,4.7552734,0.9584272,0.25803809,2.32234282,2.46979316,OBSERVED_NOT_CAUSAL
Elijah Bryant,,2021-03-24,,0,0,0,0,0,0,0,0,0,0,0,0,0,0,0,,,,,,,,NO_PREDEADLINE_SAMPLE
Elijah Hughes,UTA,2021-03-24,2021-03-24,8,1946,19,6,4,1,1,4,0,6,17,4,12,3,4,21.08941418,6.65981501,4.43987667,1.10996917,1.10996917,4.43987667,0.0,LIMITED_UNDER_120_MIN
Ersan Ilyasova,UTA,2021-03-24,2021-03-24,2,381,0,2,1,0,0,1,0,0,1,0,1,0,0,0.0,11.33858268,5.66929134,0.0,0.0,5.66929134,0.0,LIMITED_UNDER_120_MIN
Evan Fournier,ORL,2021-03-24,2021-03-24,26,47196,511,75,95,27,9,54,55,170,369,73,188,98,123,23.38672769,3.43249428,4.34782609,1.23569794,0.41189931,2.47139588,2.51716247,OBSERVED_NOT_CAUSAL
Frank Jackson,DET,2021-03-24,2021-03-24,14,10401,68,18,11,4,0,10,13,25,60,12,30,6,8,14.12171907,3.73810211,2.28439573,0.83068936,0.0,2.07672339,2.69974041,OBSERVED_NOT_CAUSAL
Frank Ntilikina,NYK,2021-03-24,2021-03-23,16,14090,69,19,13,14,1,9,30,23,62,17,36,6,12,10.57771469,2.91270405,1.99290277,2.14620298,0.15330021,1.37970192,4.59900639,OBSERVED_NOT_CAUSAL
Freddie Gillespie,,2021-03-24,,0,0,0,0,0,0,0,0,0,0,0,0,0,0,0,,,,,,,,NO_PREDEADLINE_SAMPLE
Furkan Korkmaz,PHI,2021-03-24,2021-03-23,33,38800,305,72,36,24,5,31,39,103,254,58,157,41,55,16.97938144,4.00824742,2.00412371,1.33608247,0.27835052,1.7257732,2.17113402,OBSERVED_NOT_CAUSAL
Gabe Vincent,MIA,2021-03-24,2021-03-23,29,25070,170,34,39,13,2,22,50,61,158,29,99,19,21,14.64698843,2.92939769,3.36019146,1.12006382,0.17231751,1.89549262,4.30793777,OBSERVED_NOT_CAUSAL
Garrett Temple,CHI,2021-03-24,2021-03-12,35,58647,297,110,69,32,18,35,81,110,259,46,134,31,38,10.93866694,4.05135813,2.54130646,1.17857691,0.66294951,1.28906849,2.9832728,OBSERVED_NOT_CAUSAL
Gary Harris,DEN,2021-03-24,2021-02-17,19,34886,184,47,32,17,4,14,37,69,156,24,75,22,30,11.39253569,2.91004988,1.98131055,1.05257123,0.24766382,0.86682337,2.29089033,OBSERVED_NOT_CAUSAL
Gary Trent Jr.,POR,2021-03-24,2021-03-23,41,75719,613,91,58,37,6,31,63,217,524,121,305,58,75,17.48676026,2.59591384,1.65453849,1.05548145,0.17115915,0.8843223,1.79717112,OBSERVED_NOT_CAUSAL
George Hill,OKC,2021-03-24,2021-01-24,14,22115,165,29,43,12,2,12,12,61,120,22,57,21,25,16.11575853,2.83246665,4.19986435,1.17205517,0.19534253,1.17205517,1.17205517,OBSERVED_NOT_CAUSAL
Georges Niang,UTA,2021-03-24,2021-03-24,43,35056,224,91,31,13,5,26,65,83,199,53,140,5,5,13.80191693,5.60702875,1.91008672,0.80100411,0.3080785,1.60200822,4.00502054,OBSERVED_NOT_CAUSAL
Giannis Antetokounmpo,MIL,2021-03-24,2021-03-24,41,83969,1174,476,263,50,53,152,121,426,762,47,157,275,406,30.19971656,12.24451881,6.76535388,1.28618895,1.36336029,3.91001441,3.11257726,OBSERVED_NOT_CAUSAL
Goga Bitadze,IND,2021-03-24,2021-03-24,24,13790,96,56,6,5,24,9,37,37,79,5,27,17,24,15.03698332,8.7715736,0.93981146,0.78317621,3.75924583,1.40971719,5.79550399,OBSERVED_NOT_CAUSAL
Goran Dragic,MIA,2021-03-24,2021-03-19,28,45440,388,92,136,17,6,75,65,139,315,45,129,65,77,18.44366197,4.37323944,6.46478873,0.80809859,0.28521127,3.56514085,3.08978873,OBSERVED_NOT_CAUSAL
Grant Riller,,2021-03-24,,0,0,0,0,0,0,0,0,0,0,0,0,0,0,0,,,,,,,,NO_PREDEADLINE_SAMPLE
Grant Williams,BOS,2021-03-24,2021-03-24,36,39428,180,108,34,19,13,30,91,65,144,31,74,19,35,9.86101248,5.91660749,1.86263569,1.04088465,0.71218423,1.64350208,4.98528964,OBSERVED_NOT_CAUSAL
Grayson Allen,MEM,2021-03-24,2021-03-24,29,42914,287,93,62,29,5,29,37,93,223,59,146,42,47,14.44563546,4.68098989,3.12065992,1.45966351,0.25166612,1.45966351,1.86232931,OBSERVED_NOT_CAUSAL
Immanuel Quickley,NYK,2021-03-24,2021-03-23,39,46365,497,87,88,18,9,38,80,155,392,75,200,112,126,23.15367195,4.05305726,4.09964413,0.83856357,0.41928179,1.77030087,3.72694921,OBSERVED_NOT_CAUSAL
Isaac Okoro,CLE,2021-03-24,2021-03-24,39,75511,313,109,71,43,19,56,111,117,280,34,111,45,65,8.95339752,3.11795632,2.03096238,1.23001947,0.54349697,1.60188582,3.17516653,OBSERVED_NOT_CAUSAL
Isaiah Hartenstein,DEN,2021-03-24,2021-03-21,30,16327,104,85,15,11,20,21,59,41,80,0,0,22,36,13.75880443,11.2451767,1.98444295,1.45525816,2.64592393,2.77822013,7.80547559,OBSERVED_NOT_CAUSAL
Isaiah Joe,PHI,2021-03-24,2021-03-20,22,15162,91,26,15,7,4,5,22,31,86,24,66,5,5,12.96398892,3.70399683,2.13692125,0.99722992,0.56984567,0.71230708,3.13415117,OBSERVED_NOT_CAUSAL
Isaiah Stewart,DET,2021-03-24,2021-03-24,41,46976,256,243,31,23,42,37,98,111,194,6,14,28,42,11.77111717,11.17336512,1.42540872,1.05756131,1.93119891,1.70129428,4.50613079,OBSERVED_NOT_CAUSAL
Ja Morant,MEM,2021-03-24,2021-03-24,33,62395,630,112,246,31,7,97,49,228,522,27,118,147,192,21.80943986,3.87723375,8.51606699,1.07316291,0.24232711,3.35796138,1.69628977,OBSERVED_NOT_CAUSAL
JaKarr Sampson,IND,2021-03-24,2021-03-01,15,5822,39,29,1,2,3,6,11,15,32,1,5,8,10,14.46925455,10.75918928,0.37100653,0.74201305,1.11301958,2.22603916,4.0810718,LIMITED_UNDER_120_MIN
Jabari Parker,SAC,2021-03-24,2021-03-15,3,1635,8,6,1,0,1,3,4,4,7,0,1,0,0,10.56880734,7.9266055,1.32110092,0.0,1.32110092,3.96330275,5.28440367,LIMITED_UNDER_120_MIN
Jaden McDaniels,MIN,2021-03-24,2021-03-24,37,44535,205,124,36,18,36,25,89,79,192,35,102,12,26,9.94274166,6.01414618,1.74604244,0.87302122,1.74604244,1.21252947,4.31660492,OBSERVED_NOT_CAUSAL
Jae Crowder,PHX,2021-03-24,2021-03-24,40,66418,411,198,80,34,12,34,73,139,338,98,251,35,43,13.36625614,6.43921828,2.60170436,1.10572435,0.39025565,1.10572435,2.37405523,OBSERVED_NOT_CAUSAL
Jahlil Okafor,DET,2021-03-24,2021-01-30,12,7177,51,27,3,2,2,4,10,25,42,0,3,1,2,15.34903163,8.12595792,0.90288421,0.60192281,0.60192281,1.20384562,3.00961404,LIMITED_UNDER_120_MIN
Jake Layman,MIN,2021-03-24,2021-03-24,32,31527,192,61,26,25,16,23,36,75,153,19,65,23,30,13.15443905,4.17927491,1.78133029,1.71281758,1.09620325,1.57579218,2.46645732,OBSERVED_NOT_CAUSAL
Jakob Poeltl,SAS,2021-03-24,2021-03-24,41,59573,290,316,74,24,64,53,93,134,217,0,0,22,59,10.51483054,11.45753949,2.68309469,0.87019287,2.32051433,1.92167593,3.37199738,OBSERVED_NOT_CAUSAL
Jalen Harris,TOR,2021-03-24,2021-03-14,4,848,3,3,2,1,0,1,2,1,4,1,2,0,0,7.64150943,7.64150943,5.09433962,2.54716981,0.0,2.54716981,5.09433962,LIMITED_UNDER_120_MIN
Jalen McDaniels,CHA,2021-03-24,2021-03-24,21,14049,89,47,10,2,5,17,32,33,75,8,28,15,21,13.68353619,7.22613709,1.53747598,0.3074952,0.76873799,2.61370916,4.91992313,OBSERVED_NOT_CAUSAL
Jalen Smith,PHX,2021-03-24,2021-03-23,15,3966,19,15,2,0,2,3,7,8,21,2,9,1,3,10.34795764,8.16944024,1.0892587,0.0,1.0892587,1.63388805,3.81240545,LIMITED_UNDER_120_MIN
James Ennis III,ORL,2021-03-24,2021-03-24,27,34922,200,108,36,22,6,24,56,67,136,26,60,40,51,12.37042552,6.68002978,2.22667659,1.36074681,0.37111277,1.48445106,3.46371915,OBSERVED_NOT_CAUSAL
James Harden,BKN;HOU,2021-03-24,2021-03-23,38,86665,961,302,427,48,28,161,87,304,656,109,304,244,282,23.95153753,7.52691398,10.64235851,1.1963307,0.69785957,4.01269255,2.16834939,OBSERVED_NOT_CAUSAL
James Wiseman,GSW,2021-03-24,2021-03-23,30,37781,354,177,20,9,30,44,97,148,285,11,31,47,77,20.23874434,10.11937217,1.14343188,0.51454435,1.71514783,2.51555014,5.54564464,OBSERVED_NOT_CAUSAL
Jared Harper,NYK,2021-03-24,2021-03-23,3,429,2,0,0,0,0,2,0,0,1,0,0,2,2,10.06993007,0.0,0.0,0.0,0.0,10.06993007,0.0,LIMITED_UNDER_120_MIN
Jarred Vanderbilt,MIN,2021-03-24,2021-03-24,42,45973,235,235,58,43,30,43,87,96,157,1,2,42,72,11.04126335,11.04126335,2.72507776,2.02031627,1.40952298,2.02031627,4.08761664,OBSERVED_NOT_CAUSAL
Jarrell Brantley,UTA,2021-03-24,2021-03-24,13,2071,16,7,2,2,1,1,5,6,13,4,9,0,0,16.68759054,7.30082086,2.08594882,2.08594882,1.04297441,1.04297441,5.21487204,LIMITED_UNDER_120_MIN
Jarrett Allen,BKN;CLE,2021-03-24,2021-03-24,43,73503,562,425,69,19,73,65,68,205,320,4,10,148,208,16.51524428,12.48928615,2.02767234,0.55834456,2.14521856,1.91012612,1.99828578,OBSERVED_NOT_CAUSAL
Jarrett Culver,MIN,2021-03-24,2021-03-24,22,24120,143,91,17,13,7,24,45,56,135,8,37,23,39,12.80597015,8.14925373,1.52238806,1.1641791,0.62686567,2.14925373,4.02985075,OBSERVED_NOT_CAUSAL
Javonte Green,BOS,2021-03-24,2021-03-22,25,20720,105,52,11,18,2,13,32,39,71,7,22,20,30,10.94594595,5.42084942,1.14671815,1.87644788,0.20849421,1.35521236,3.33590734,OBSERVED_NOT_CAUSAL
Jaylen Brown,BOS,2021-03-24,2021-03-24,41,84134,1012,233,159,50,22,114,118,383,784,105,267,141,187,25.98141061,5.98188604,4.08205957,1.28366653,0.56481327,2.92675969,3.02945302,OBSERVED_NOT_CAUSAL
Jaylen Nowell,MIN,2021-03-24,2021-03-24,30,34278,315,66,44,15,10,21,61,118,253,43,112,36,43,19.84946613,4.15893576,2.77262384,0.94521267,0.63014178,1.32329774,3.84386487,OBSERVED_NOT_CAUSAL
Jayson Tatum,BOS,2021-03-24,2021-03-24,38,81046,941,260,165,50,18,95,73,344,773,102,271,151,176,25.07909089,6.92939812,4.39750265,1.33257656,0.47972756,2.53189547,1.94556178,OBSERVED_NOT_CAUSAL
Jeff Green,BKN,2021-03-24,2021-03-24,41,65978,395,155,58,23,11,30,74,140,286,55,135,60,79,12.93158326,5.07441875,1.89881476,0.75297827,0.36012004,0.98214556,2.42262572,OBSERVED_NOT_CAUSAL
Jeff Teague,BOS,2021-03-24,2021-03-24,34,36976,233,57,73,26,7,39,43,78,188,26,56,51,61,13.61099091,3.32972739,4.26438771,1.51882302,0.40891389,2.27823453,2.51189961,OBSERVED_NOT_CAUSAL
Jerami Grant,DET,2021-03-24,2021-03-24,40,85326,937,202,112,30,43,82,102,307,715,94,266,229,263,23.71985092,5.11356445,2.83524365,0.75944026,1.08853105,2.07580339,2.5820969,OBSERVED_NOT_CAUSAL
Jeremy Lamb,IND,2021-03-24,2021-03-24,26,34356,284,92,43,20,13,17,54,92,203,42,96,58,61,17.85539644,5.78414251,2.70345791,1.25742228,0.81732448,1.06880894,3.39504017,OBSERVED_NOT_CAUSAL
Jevon Carter,PHX,2021-03-24,2021-03-23,34,19327,95,39,38,13,7,6,33,36,95,21,64,2,2,10.61727118,4.35866922,4.24690847,1.45288974,0.78232524,0.6705645,3.68810472,OBSERVED_NOT_CAUSAL
Jimmy Butler,MIA,2021-03-24,2021-03-23,30,60120,640,237,218,60,11,70,40,212,441,11,52,205,240,22.99401198,8.51497006,7.83233533,2.15568862,0.39520958,2.51497006,1.43712575,OBSERVED_NOT_CAUSAL
Joe Harris,BKN,2021-03-24,2021-03-24,45,83029,646,154,77,27,10,37,99,235,457,148,305,28,39,16.8056944,4.00631105,2.00315552,0.70240518,0.26015007,0.96255525,2.57548567,OBSERVED_NOT_CAUSAL
Joe Ingles,UTA,2021-03-24,2021-03-24,39,62656,472,144,164,22,9,57,68,163,303,106,216,40,45,16.27170582,4.96424923,5.65372829,0.75842697,0.31026558,1.96501532,2.3442288,OBSERVED_NOT_CAUSAL
Joel Embiid,PHI,2021-03-24,2021-03-12,31,60596,928,355,101,37,43,99,77,293,558,38,90,304,354,33.07941118,12.65430061,3.60023764,1.31889894,1.53277444,3.52894581,2.74473563,OBSERVED_NOT_CAUSAL
John Collins,ATL,2021-03-24,2021-03-24,44,80829,797,344,58,23,49,56,144,312,577,55,148,118,141,21.2982964,9.19274023,1.54993876,0.61463089,1.30943102,1.4964926,3.84812382,OBSERVED_NOT_CAUSAL
John Konchar,MEM,2021-03-24,2021-03-19,21,19176,85,69,23,19,5,8,26,30,68,9,25,16,18,9.57446809,7.77221527,2.59073842,2.14017522,0.56320401,0.90112641,2.92866083,OBSERVED_NOT_CAUSAL
Jonas Valanciunas,MEM,2021-03-24,2021-03-24,36,59691,571,445,62,22,24,67,107,233,418,11,35,94,126,20.66241142,16.10293009,2.2435543,0.79609991,0.86847263,2.4244861,3.87194049,OBSERVED_NOT_CAUSAL
Jontay Porter,MEM,2021-03-24,2021-03-15,1,195,0,3,0,0,0,0,1,0,2,0,1,0,0,0.0,33.23076923,0.0,0.0,0.0,0.0,11.07692308,LIMITED_UNDER_120_MIN
Jordan Clarkson,UTA,2021-03-24,2021-03-24,43,66231,739,167,94,38,7,76,61,270,636,131,369,68,71,24.10110069,5.44639217,3.06563392,1.23929882,0.22829189,2.47859764,1.98940073,OBSERVED_NOT_CAUSAL
Jordan McLaughlin,MIN,2021-03-24,2021-03-03,24,27999,130,56,113,24,4,26,24,53,141,16,46,8,10,10.0289296,4.32015429,8.71745419,1.8514947,0.30858245,2.00578592,1.8514947,OBSERVED_NOT_CAUSAL
Jordan Nwora,MIL,2021-03-24,2021-03-22,12,5242,54,16,0,4,3,11,10,18,39,8,16,10,11,22.25104922,6.59290347,0.0,1.64822587,1.2361694,4.53262114,4.12056467,LIMITED_UNDER_120_MIN
Jordan Poole,GSW,2021-03-24,2021-03-23,23,22019,248,37,33,8,3,14,28,85,176,38,100,40,43,24.32808029,3.62959262,3.23720423,0.78477678,0.29429129,1.37335937,2.74671874,OBSERVED_NOT_CAUSAL
Josh Okogie,MIN,2021-03-24,2021-03-22,36,42771,173,92,43,33,15,26,75,55,157,15,66,48,59,8.73676089,4.64613874,2.17156485,1.66654977,0.75752262,1.31303921,3.7876131,OBSERVED_NOT_CAUSAL
Jrue Holiday,MIL,2021-03-24,2021-03-24,33,62122,523,148,169,58,17,57,57,208,426,57,152,50,62,18.18486205,5.14600303,5.87617913,2.01667686,0.59109494,1.98190657,1.98190657,OBSERVED_NOT_CAUSAL
Juan Toscano-Anderson,GSW,2021-03-24,2021-03-20,29,33264,145,119,66,18,15,31,59,57,108,18,45,13,18,9.41558442,7.72727273,4.28571429,1.16883117,0.97402597,2.01298701,3.83116883,OBSERVED_NOT_CAUSAL
Juancho Hernangomez,MIN,2021-03-24,2021-03-24,25,25953,165,106,15,9,2,13,24,59,138,25,76,22,34,13.73251647,8.82210149,1.24841059,0.74904635,0.16645475,1.08195584,1.99745694,OBSERVED_NOT_CAUSAL
Julius Randle,NYK,2021-03-24,2021-03-23,44,97844,1024,479,259,40,10,146,136,366,775,89,208,203,257,22.60578063,10.57438371,5.71767303,0.88303831,0.22075958,3.22308982,3.00233024,OBSERVED_NOT_CAUSAL
Justin Holiday,IND,2021-03-24,2021-03-24,43,83195,500,163,73,53,16,35,90,170,390,112,285,48,59,12.98154937,4.2319851,1.89530621,1.37604423,0.41540958,0.90870846,2.33667889,OBSERVED_NOT_CAUSAL
Justin Jackson,OKC,2021-03-24,2021-03-22,30,29478,209,65,46,13,2,29,29,76,182,29,95,28,33,15.31447181,4.76287401,3.3706493,0.9525748,0.14654997,2.12497456,2.12497456,OBSERVED_NOT_CAUSAL
KZ Okpala,MIA,2021-03-24,2021-03-19,25,19331,67,50,11,6,8,12,44,27,66,11,37,2,6,7.48642077,5.58688118,1.22911386,0.67042574,0.89390099,1.34085148,4.91645543,OBSERVED_NOT_CAUSAL
Karl-Anthony Towns,MIN,2021-03-24,2021-03-24,24,48330,564,240,99,20,36,79,84,202,407,54,138,106,123,25.20670391,10.72625698,4.42458101,0.89385475,1.60893855,3.53072626,3.75418994,OBSERVED_NOT_CAUSAL
Kelan Martin,IND,2021-03-24,2021-03-22,14,3247,18,12,1,3,1,4,5,7,21,2,9,2,2,11.97412997,7.98275331,0.66522944,1.99568833,0.66522944,2.66091777,3.32614721,LIMITED_UNDER_120_MIN
Keldon Johnson,SAS,2021-03-24,2021-03-24,38,66392,519,245,76,24,22,47,86,196,415,35,106,92,120,16.88516689,7.97083986,2.47258706,0.78081697,0.71574889,1.52909989,2.79792746,OBSERVED_NOT_CAUSAL
Kelly Oubre Jr.,GSW,2021-03-24,2021-03-23,42,76884,634,247,58,44,34,53,94,238,544,66,216,92,131,17.81176838,6.93928516,1.62946777,1.23614796,0.95520524,1.48899641,2.64086156,OBSERVED_NOT_CAUSAL
Kemba Walker,BOS,2021-03-24,2021-03-24,26,47875,465,92,120,30,9,57,33,159,403,75,206,72,78,20.97963446,4.1508094,5.41409922,1.3535248,0.40605744,2.57169713,1.48887728,OBSERVED_NOT_CAUSAL
Kendrick Nunn,MIA,2021-03-24,2021-03-23,36,62239,480,114,95,38,9,58,65,185,414,72,199,38,41,16.65836533,3.95636177,3.29696814,1.31878726,0.31234435,2.01288581,2.25582031,OBSERVED_NOT_CAUSAL
Kent Bazemore,GSW,2021-03-24,2021-03-23,42,41422,251,120,64,33,22,47,91,90,204,41,103,30,44,13.08869683,6.2575443,3.33735696,1.72082468,1.14721646,2.45087152,4.74530443,OBSERVED_NOT_CAUSAL
Kevin Durant,BKN,2021-03-24,2021-02-13,19,40771,551,139,100,14,27,67,43,188,359,49,113,126,145,29.19133698,7.36405779,5.2978833,0.74170366,1.43042849,3.54958181,2.27808982,OBSERVED_NOT_CAUSAL
Kevin Huerter,ATL,2021-03-24,2021-03-24,44,83134,520,160,155,56,11,56,109,196,466,93,253,35,42,13.51071764,4.15714389,4.02723314,1.45500036,0.28580364,1.45500036,2.83205427,OBSERVED_NOT_CAUSAL
Kevin Knox II,NYK,2021-03-24,2021-03-23,30,24595,139,51,17,8,6,16,34,49,123,30,75,11,14,12.20735922,4.47895914,1.49298638,0.70258183,0.52693637,1.40516365,2.98597276,OBSERVED_NOT_CAUSAL
Kevin Love,CLE,2021-03-24,2021-03-14,4,3485,23,13,5,1,0,3,3,7,22,4,12,5,7,14.2553802,8.05738881,3.0989957,0.61979914,0.0,1.85939742,1.85939742,LIMITED_UNDER_120_MIN
Kevon Looney,GSW,2021-03-24,2021-03-23,33,29852,130,138,54,14,13,21,65,53,88,4,9,20,27,9.40640493,9.98526062,3.90727589,1.01299745,0.94064049,1.51949618,4.70320247,OBSERVED_NOT_CAUSAL
Khem Birch,ORL,2021-03-24,2021-03-24,43,50934,231,219,43,25,26,21,60,83,176,4,18,61,83,9.79620686,9.28731299,1.82353634,1.06019555,1.10260337,0.89056426,2.54446931,OBSERVED_NOT_CAUSAL
Khris Middleton,MIL,2021-03-24,2021-03-24,43,86416,884,266,234,46,7,120,106,326,665,96,223,136,155,22.09590817,6.64876875,5.84891687,1.14978708,0.1749676,2.99944455,2.64950935,OBSERVED_NOT_CAUSAL
Killian Hayes,DET,2021-03-24,2021-01-04,7,8870,32,8,25,2,0,17,15,13,47,5,20,1,2,7.79255919,1.9481398,6.08793687,0.48703495,0.0,4.13979707,3.65276212,OBSERVED_NOT_CAUSAL
Killian Tillie,MEM,2021-03-24,2021-03-19,4,1803,7,5,1,1,3,1,5,2,10,2,5,1,2,8.38602329,5.99001664,1.19800333,1.19800333,3.59400998,1.19800333,5.99001664,LIMITED_UNDER_120_MIN
Kris Dunn,,2021-03-24,,0,0,0,0,0,0,0,0,0,0,0,0,0,0,0,,,,,,,,NO_PREDEADLINE_SAMPLE
Kyle Anderson,MEM,2021-03-24,2021-03-24,39,63650,492,226,129,44,26,54,66,182,381,53,146,75,98,16.69630793,7.66944226,4.37769049,1.49316575,0.88232522,1.8325216,2.23974863,OBSERVED_NOT_CAUSAL
Kyrie Irving,BKN,2021-03-24,2021-03-21,31,66252,871,150,177,37,18,74,85,334,642,89,219,114,128,28.39702952,4.8904184,5.77069371,1.20630321,0.58685021,2.41260641,2.77123709,OBSERVED_NOT_CAUSAL
LaMarcus Aldridge,SAS,2021-03-24,2021-03-01,21,32649,288,94,36,8,18,20,36,115,248,27,75,31,37,19.05356979,6.21887347,2.38169622,0.52926583,1.19084811,1.32316457,2.38169622,OBSERVED_NOT_CAUSAL
LaMelo Ball,CHA,2021-03-24,2021-03-20,41,70443,652,240,251,65,14,115,116,237,526,81,216,97,123,19.99233423,7.35914143,7.69643542,1.9931008,0.42928325,3.52625527,3.55691836,OBSERVED_NOT_CAUSAL
Lamar Stevens,CLE,2021-03-24,2021-03-24,29,23354,128,78,24,14,9,15,41,48,112,2,19,30,42,11.83865719,7.21418172,2.21974822,1.29485313,0.83240558,1.38734264,3.79206988,OBSERVED_NOT_CAUSAL
Landry Shamet,BKN,2021-03-24,2021-03-21,39,47089,305,70,43,19,5,27,50,99,253,71,190,36,43,13.99052857,3.21094098,1.97243518,0.87154112,0.22935293,1.23850581,2.29352927,OBSERVED_NOT_CAUSAL
Langston Galloway,PHX,2021-03-24,2021-03-24,31,20829,155,33,23,6,0,9,20,54,113,30,66,17,17,16.07374334,3.42215181,2.38513611,0.62220942,0.0,0.93331413,2.0740314,OBSERVED_NOT_CAUSAL
Larry Nance Jr.,CLE,2021-03-24,2021-03-24,27,53327,258,186,81,50,16,40,56,102,211,33,89,21,33,10.45024097,7.53389465,3.28088961,2.0252405,0.64807696,1.6201924,2.26826936,OBSERVED_NOT_CAUSAL
Lauri Markkanen,CHI,2021-03-24,2021-03-24,23,41429,407,136,22,13,11,30,43,146,303,64,164,51,61,21.21991841,7.09068527,1.14702262,0.67778609,0.57351131,1.56412175,2.24190784,OBSERVED_NOT_CAUSAL
Lonnie Walker IV,SAS,2021-03-24,2021-03-22,37,58055,427,103,61,19,13,38,73,164,386,63,177,36,46,15.8870037,3.83222806,2.26957196,0.70691586,0.48367927,1.41383171,2.71604513,OBSERVED_NOT_CAUSAL
Lou Williams,LAC,2021-03-24,2021-03-24,42,55069,510,88,144,39,4,66,42,181,430,45,119,103,119,20.00399499,3.45166972,5.64818682,1.52971726,0.15689408,2.58875229,1.64738782,OBSERVED_NOT_CAUSAL
Luka Samanic,SAS,2021-03-24,2021-03-24,14,8561,63,36,4,4,3,9,14,23,48,8,25,9,17,15.89533933,9.08305105,1.00922789,1.00922789,0.75692092,2.27076276,3.53229763,OBSERVED_NOT_CAUSAL
Luke Kornet,CHI,2021-03-24,2021-03-22,13,5629,26,15,4,2,7,1,1,9,27,6,23,2,4,9.97690531,5.75590691,1.53490851,0.76745425,2.68608989,0.38372713,0.38372713,LIMITED_UNDER_120_MIN
Malachi Flynn,TOR,2021-03-24,2021-03-24,19,10507,40,13,24,5,0,5,15,15,58,6,33,4,6,8.22308937,2.67250404,4.93385362,1.02788617,0.0,1.02788617,3.08365851,OBSERVED_NOT_CAUSAL
Malik Monk,CHA,2021-03-24,2021-03-24,30,38821,376,80,57,14,3,44,37,132,294,62,151,50,62,20.92063574,4.45119909,3.17147935,0.77895984,0.16691997,2.4481595,2.05867958,OBSERVED_NOT_CAUSAL
Mamadi Diakite,MIL,2021-03-24,2021-03-22,2,549,2,3,2,0,2,0,3,1,2,0,0,0,0,7.86885246,11.80327869,7.86885246,0.0,7.86885246,0.0,11.80327869,LIMITED_UNDER_120_MIN
Marcus Smart,BOS,2021-03-24,2021-03-24,25,47165,318,70,135,38,12,41,62,101,259,45,139,71,90,14.56334146,3.20576699,6.18255062,1.74027351,0.54956006,1.87766352,2.83939362,OBSERVED_NOT_CAUSAL
Matisse Thybulle,PHI,2021-03-24,2021-03-23,41,46064,151,70,41,62,40,16,86,58,141,27,86,8,14,7.08058354,3.28238972,1.92254255,2.90725947,1.87565127,0.75026051,4.03265023,OBSERVED_NOT_CAUSAL
Matt Thomas,TOR,2021-03-24,2021-03-24,26,11536,71,21,9,2,0,6,10,24,62,17,41,6,7,13.29403606,3.93203883,1.6851595,0.37447989,0.0,1.12343967,1.87239945,OBSERVED_NOT_CAUSAL
Matthew Dellavedova,,2021-03-24,,0,0,0,0,0,0,0,0,0,0,0,0,0,0,0,,,,,,,,NO_PREDEADLINE_SAMPLE
Max Strus,MIA,2021-03-24,2021-03-23,22,17944,148,22,11,4,0,3,26,52,111,34,91,10,14,17.81542577,2.64823897,1.32411948,0.48149799,0.0,0.3611235,3.12973696,OBSERVED_NOT_CAUSAL
Mfiondu Kabengele,LAC,2021-03-24,2021-03-20,23,5628,27,14,5,2,3,6,18,9,32,4,18,5,6,10.36247335,5.37313433,1.91897655,0.76759062,1.15138593,2.30277186,6.90831557,LIMITED_UNDER_120_MIN
Michael Carter-Williams,ORL,2021-03-24,2021-03-24,23,36693,206,105,97,13,11,53,68,80,200,11,45,35,49,12.12656365,6.18101545,5.71008094,0.76526858,0.64753495,3.11994113,4.00294334,OBSERVED_NOT_CAUSAL
Mikal Bridges,PHX,2021-03-24,2021-03-24,43,83684,579,206,102,34,39,36,67,212,404,79,191,76,91,14.94479231,5.31714545,2.63276134,0.87758711,1.00664404,0.92920988,1.72936284,OBSERVED_NOT_CAUSAL
Mike Conley,UTA,2021-03-24,2021-03-24,35,62063,574,121,189,48,5,68,66,199,436,97,229,79,95,19.97712002,4.21120474,6.5778322,1.67056056,0.17401672,2.36662746,2.29702077,OBSERVED_NOT_CAUSAL
Mike James,,2021-03-24,,0,0,0,0,0,0,0,0,0,0,0,0,0,0,0,,,,,,,,NO_PREDEADLINE_SAMPLE
Mike Scott,PHI,2021-03-24,2021-03-23,25,24930,95,64,13,12,2,14,30,33,87,23,67,6,10,8.23104693,5.54512635,1.12635379,1.03971119,0.1732852,1.21299639,2.59927798,OBSERVED_NOT_CAUSAL
Miles Bridges,CHA,2021-03-24,2021-03-24,43,67795,409,243,87,28,30,67,96,155,312,52,139,47,52,13.03104949,7.74216388,2.77188583,0.89210119,0.9558227,2.1346707,3.05863264,OBSERVED_NOT_CAUSAL
Miye Oni,UTA,2021-03-24,2021-03-24,30,14002,60,48,8,3,5,7,33,19,48,17,41,5,6,9.2558206,7.40465648,1.23410941,0.46279103,0.77131838,1.07984574,5.09070133,OBSERVED_NOT_CAUSAL
Mychal Mulder,GSW,2021-03-24,2021-03-20,36,22733,145,33,16,8,7,8,27,48,115,39,99,10,17,13.77732811,3.13552985,1.5202569,0.76012845,0.66511239,0.76012845,2.56543351,OBSERVED_NOT_CAUSAL
Myles Turner,IND,2021-03-24,2021-03-24,40,74071,513,258,40,36,137,53,138,179,373,57,174,98,125,14.95970083,7.52359223,1.16644841,1.04980357,3.9950858,1.54554414,4.02424701,OBSERVED_NOT_CAUSAL
Nate Darling,CHA,2021-03-24,2021-03-24,2,427,3,0,1,0,0,0,0,1,4,1,4,0,0,15.17564403,0.0,5.05854801,0.0,0.0,0.0,0.0,LIMITED_UNDER_120_MIN
Nathan Knight,ATL,2021-03-24,2021-03-24,16,7517,65,34,4,4,6,10,13,20,45,5,14,20,22,18.67766396,9.769855,1.14939471,1.14939471,1.72409206,2.87348676,3.73553279,OBSERVED_NOT_CAUSAL
Naz Reid,MIN,2021-03-24,2021-03-24,42,49526,476,195,50,25,47,48,115,185,352,36,105,70,99,20.76000485,8.50462383,2.18067278,1.09033639,2.04983241,2.09344587,5.01554739,OBSERVED_NOT_CAUSAL
Nemanja Bjelica,SAC,2021-03-24,2021-03-22,26,26340,187,100,49,8,2,28,48,69,150,17,58,32,42,15.33485194,8.20045558,4.01822323,0.65603645,0.16400911,2.29612756,3.93621868,OBSERVED_NOT_CAUSAL
Nerlens Noel,NYK,2021-03-24,2021-03-23,39,52300,189,233,25,38,77,43,99,82,131,0,2,25,38,7.80573614,9.62294455,1.03250478,1.56940727,3.18011472,1.77590822,4.08871893,OBSERVED_NOT_CAUSAL
Nic Claxton,BKN,2021-03-24,2021-03-24,13,14612,122,55,11,10,19,8,24,52,82,1,4,17,29,18.0344922,8.13030386,1.62606077,1.47823707,2.80865042,1.18258965,3.54776896,OBSERVED_NOT_CAUSAL
Nick Richards,CHA,2021-03-24,2021-03-24,11,2251,13,8,0,0,0,1,5,3,6,0,0,7,11,12.4744558,7.67658818,0.0,0.0,0.0,0.95957352,4.79786761,LIMITED_UNDER_120_MIN
Nico Mannion,GSW,2021-03-24,2021-03-23,14,10935,61,25,37,10,0,14,19,20,61,11,32,10,14,12.04938272,4.9382716,7.30864198,1.97530864,0.0,2.7654321,3.75308642,OBSERVED_NOT_CAUSAL
Nikola Vucevic,ORL,2021-03-24,2021-03-24,44,90025,1080,517,167,42,28,83,79,436,908,117,288,91,110,25.912802,12.40455429,4.00688698,1.00772008,0.67181339,1.99144682,1.89547348,OBSERVED_NOT_CAUSAL
Norman Powell,TOR,2021-03-24,2021-03-24,42,76643,823,126,77,47,8,77,98,282,566,118,269,141,163,23.19429041,3.55100922,2.17006119,1.32458281,0.2254609,2.17006119,2.76189606,OBSERVED_NOT_CAUSAL
Norvel Pelle,BKN;SAC,2021-03-24,2021-02-25,4,1891,9,8,1,0,3,3,10,3,8,0,0,3,4,10.28027499,9.13802221,1.14225278,0.0,3.42675833,3.42675833,11.42252776,LIMITED_UNDER_120_MIN
O.G. Anunoby,TOR,2021-03-24,2021-03-24,26,51774,372,149,44,45,20,43,74,135,277,59,144,43,57,15.51975895,6.21624754,1.83567041,1.8773902,0.83439564,1.79395063,3.08726388,OBSERVED_NOT_CAUSAL
Obi Toppin,NYK,2021-03-24,2021-03-23,34,24294,141,78,16,8,10,19,35,58,123,14,47,11,15,12.53642875,6.93504569,1.42257347,0.71128674,0.88910842,1.689306,3.11187948,OBSERVED_NOT_CAUSAL
Onyeka Okongwu,ATL,2021-03-24,2021-03-24,22,11653,61,49,5,7,11,9,32,26,44,0,1,9,15,11.30695958,9.08263966,0.92679997,1.29751995,2.03895992,1.66823994,5.93151978,OBSERVED_NOT_CAUSAL
Oshae Brissett,,2021-03-24,,0,0,0,0,0,0,0,0,0,0,0,0,0,0,0,,,,,,,,NO_PREDEADLINE_SAMPLE
Otto Porter Jr.,CHI,2021-03-24,2021-03-24,25,32419,247,138,50,12,4,25,37,89,202,38,95,31,37,16.45701595,9.1946081,3.33137975,0.79953114,0.26651038,1.66568987,2.46522101,OBSERVED_NOT_CAUSAL
P.J. Tucker,HOU;MIL,2021-03-24,2021-03-24,35,60147,144,154,46,29,20,33,93,49,135,28,90,18,23,5.17133024,5.5304504,1.65195272,1.04144845,0.71824031,1.18509651,3.33981745,OBSERVED_NOT_CAUSAL
P.J. Washington,CHA,2021-03-24,2021-03-24,39,69367,481,256,112,38,49,87,106,172,382,55,139,82,103,14.97772716,7.97151383,3.4875373,1.18327158,1.52579757,2.70906915,3.30070495,OBSERVED_NOT_CAUSAL
Pascal Siakam,TOR,2021-03-24,2021-03-24,35,74041,699,255,166,40,24,73,110,255,569,45,148,144,176,20.391945,7.43912157,4.84272228,1.16692103,0.70015262,2.12963088,3.20903283,OBSERVED_NOT_CAUSAL
Pat Connaughton,MIL,2021-03-24,2021-03-24,40,53735,274,181,55,28,16,17,64,99,214,60,146,16,21,11.01405043,7.27570485,2.21084954,1.1255234,0.64315623,0.68335349,2.57262492,OBSERVED_NOT_CAUSAL
Patrick McCaw,TOR,2021-03-24,2021-03-22,5,2002,5,3,4,2,0,0,6,1,1,0,0,3,3,5.39460539,3.23676324,4.31568432,2.15784216,0.0,0.0,6.47352647,LIMITED_UNDER_120_MIN
Patrick Williams,CHI,2021-03-24,2021-03-24,42,71570,405,207,52,30,31,60,92,155,332,36,94,59,77,12.22299846,6.24731033,1.56937264,0.90540729,0.93558754,1.81081459,2.77658237,OBSERVED_NOT_CAUSAL
Patty Mills,SAS,2021-03-24,2021-03-24,40,61512,522,70,102,29,1,42,51,182,411,109,276,49,54,18.33008194,2.45805696,3.58174015,1.01833789,0.0351151,1.47483418,1.79087007,OBSERVED_NOT_CAUSAL
Paul Reed,PHI,2021-03-24,2021-03-20,7,3832,22,12,3,1,5,5,4,11,24,0,3,0,0,12.40083507,6.76409186,1.69102296,0.56367432,2.81837161,2.81837161,2.25469729,LIMITED_UNDER_120_MIN
Paul Watson,TOR,2021-03-24,2021-03-24,24,14048,72,35,11,5,2,6,31,25,55,20,44,2,4,11.07061503,5.38154897,1.69134396,0.76879271,0.30751708,0.92255125,4.76651481,OBSERVED_NOT_CAUSAL
Payton Pritchard,BOS,2021-03-24,2021-03-24,38,45004,269,77,79,20,6,36,70,100,222,51,124,18,20,12.91085237,3.6956715,3.79166296,0.95991467,0.2879744,1.72784641,3.35970136,OBSERVED_NOT_CAUSAL
Precious Achiuwa,MIA,2021-03-24,2021-03-23,42,32482,233,154,21,15,20,34,63,93,162,0,0,47,91,15.49411982,10.24074872,1.39646573,0.99747552,1.32996737,2.26094452,4.1893972,OBSERVED_NOT_CAUSAL
Quinndary Weatherspoon,SAS,2021-03-24,2021-03-24,9,2662,6,3,4,4,1,7,8,2,8,0,2,2,2,4.86851991,2.43425995,3.24567994,3.24567994,0.81141998,5.67993989,6.49135988,LIMITED_UNDER_120_MIN
R.J. Hampton,DEN,2021-03-24,2021-03-24,25,13996,64,50,14,5,2,11,22,25,60,5,18,9,12,9.87710775,7.71649043,2.16061732,0.77164904,0.30865962,1.69762789,3.39525579,OBSERVED_NOT_CAUSAL
RJ Barrett,NYK,2021-03-24,2021-03-23,44,89291,763,267,132,30,11,84,113,291,643,50,145,131,179,18.45740332,6.45888163,3.19315497,0.72571704,0.26609625,2.03200771,2.73353417,OBSERVED_NOT_CAUSAL
Reggie Bullock,NYK,2021-03-24,2021-03-23,39,64995,362,132,53,29,8,29,89,129,309,80,203,24,28,12.03046388,4.38679898,1.76136626,0.96376644,0.26586661,0.96376644,2.95776598,OBSERVED_NOT_CAUSAL
Reggie Perry,BKN,2021-03-24,2021-03-24,15,10509,62,59,13,4,5,12,29,25,60,4,16,8,11,12.74336283,12.1267485,2.67199543,0.82215244,1.02769055,2.46645732,5.9606052,OBSERVED_NOT_CAUSAL
Ricky Rubio,MIN,2021-03-24,2021-03-24,42,66420,363,132,286,55,1,83,93,120,299,35,112,88,105,11.80487805,4.29268293,9.30081301,1.78861789,0.03252033,2.69918699,3.02439024,OBSERVED_NOT_CAUSAL
Robert Franks,,2021-03-24,,0,0,0,0,0,0,0,0,0,0,0,0,0,0,0,,,,,,,,NO_PREDEADLINE_SAMPLE
Rodions Kurucs,BKN;HOU,2021-03-24,2021-02-28,16,5451,16,14,6,6,4,9,8,6,24,3,17,1,2,6.34012108,5.54760594,2.3775454,2.3775454,1.58503027,3.56631811,3.17006054,LIMITED_UNDER_120_MIN
Rodney Hood,POR,2021-03-24,2021-03-23,38,43585,180,73,47,20,4,31,59,73,201,25,84,9,12,8.92050017,3.6177584,2.32924171,0.99116669,0.19823334,1.53630836,2.92394172,OBSERVED_NOT_CAUSAL
Romeo Langford,,2021-03-24,,0,0,0,0,0,0,0,0,0,0,0,0,0,0,0,,,,,,,,NO_PREDEADLINE_SAMPLE
Royce O'Neale,UTA,2021-03-24,2021-03-24,43,83129,321,285,110,36,22,51,121,110,244,74,178,27,32,8.34077157,7.40535794,2.85820833,0.93541363,0.57164167,1.32516932,3.14402916,OBSERVED_NOT_CAUSAL
Rudy Gay,SAS,2021-03-24,2021-03-22,34,44250,372,168,51,25,18,36,60,136,332,55,143,45,57,18.15864407,8.20067797,2.48949153,1.22033898,0.87864407,1.75728814,2.92881356,OBSERVED_NOT_CAUSAL
Rudy Gobert,UTA,2021-03-24,2021-03-24,43,79664,618,575,54,21,128,73,103,234,362,0,2,150,247,16.75637678,15.59048002,1.46414943,0.56939144,3.47057642,1.97931312,2.79272946,OBSERVED_NOT_CAUSAL
Ryan Arcidiacono,CHI,2021-03-24,2021-03-24,26,17766,86,42,33,7,0,6,30,30,78,15,47,11,14,10.45592705,5.10638298,4.01215805,0.85106383,0.0,0.72948328,3.64741641,OBSERVED_NOT_CAUSAL
Saben Lee,DET,2021-03-24,2021-03-24,22,18982,121,33,59,13,5,18,35,43,85,4,7,31,47,13.76883363,3.75513645,6.7137288,1.47929618,0.56896007,2.04825624,3.98272047,OBSERVED_NOT_CAUSAL
Saddiq Bey,DET,2021-03-24,2021-03-24,41,59941,437,168,50,26,4,29,66,140,344,92,238,65,74,15.74748503,6.05395305,1.80177174,0.93692131,0.14414174,1.04502761,2.3783387,OBSERVED_NOT_CAUSAL
Sam Merrill,MIL,2021-03-24,2021-03-24,17,5834,32,15,11,2,0,5,8,11,24,8,16,2,2,11.84778882,5.55365101,4.07267741,0.7404868,0.0,1.851217,2.96194721,LIMITED_UNDER_120_MIN
Sean McDermott,MEM,2021-03-24,2021-03-15,9,7888,33,12,4,2,2,4,6,11,25,5,16,6,6,9.03651116,3.28600406,1.09533469,0.54766734,0.54766734,1.09533469,1.64300203,OBSERVED_NOT_CAUSAL
Sekou Doumbouya,DET,2021-03-24,2021-03-24,38,29574,144,82,23,14,2,25,55,53,155,17,69,21,28,10.51734632,5.98904443,1.67985393,1.02251978,0.14607425,1.82592818,4.017042,OBSERVED_NOT_CAUSAL
Semi Ojeleye,BOS,2021-03-24,2021-03-24,40,45915,213,117,30,11,0,16,44,71,174,49,125,22,30,10.02025482,5.50408363,1.4113035,0.51747795,0.0,0.7526952,2.06991179,OBSERVED_NOT_CAUSAL
Seth Curry,PHI,2021-03-24,2021-03-17,33,58531,427,73,96,30,8,48,56,152,329,67,155,56,61,15.75780356,2.69395705,3.54273804,1.10710564,0.29522817,1.77136902,2.06659719,OBSERVED_NOT_CAUSAL
Shake Milton,PHI,2021-03-24,2021-03-23,36,53681,498,81,112,23,10,59,83,181,406,35,115,101,117,20.03837484,3.25925374,4.50662245,0.92546711,0.402377,2.37402433,3.33972914,OBSERVED_NOT_CAUSAL
Skylar Mays,ATL,2021-03-24,2021-03-18,19,8444,64,15,19,6,0,5,8,20,51,8,23,16,18,16.37138797,3.83704405,4.8602558,1.53481762,0.0,1.27901468,2.0464235,OBSERVED_NOT_CAUSAL
Solomon Hill,ATL,2021-03-24,2021-03-22,43,48800,179,97,37,29,6,27,70,60,169,41,127,18,21,7.92295082,4.29344262,1.63770492,1.28360656,0.26557377,1.19508197,3.09836066,OBSERVED_NOT_CAUSAL
Stanley Johnson,TOR,2021-03-24,2021-03-24,39,32657,111,83,44,27,10,25,66,38,102,24,67,11,14,7.3417644,5.48978779,2.91024895,1.78583458,0.66142022,1.65355054,4.36537343,OBSERVED_NOT_CAUSAL
Stephen Curry,GSW,2021-03-24,2021-03-17,39,78951,1130,208,243,53,3,120,72,375,789,182,446,198,213,30.91537789,5.69061823,6.64817418,1.4500133,0.08207622,3.28304898,1.96982939,OBSERVED_NOT_CAUSAL
T.J. McConnell,IND,2021-03-24,2021-03-24,40,60745,286,146,260,72,15,74,62,133,244,7,22,13,23,10.1697259,5.1915384,9.24520537,2.56021072,0.53337723,2.63132768,2.2046259,OBSERVED_NOT_CAUSAL
Tacko Fall,BOS,2021-03-24,2021-03-21,9,4072,29,24,2,0,10,2,12,13,18,0,0,3,11,15.38310413,12.73084479,1.06090373,0.0,5.30451866,1.06090373,6.3654224,LIMITED_UNDER_120_MIN
Taj Gibson,NYK,2021-03-24,2021-03-18,17,18313,71,77,8,9,8,10,32,28,50,3,12,12,18,8.37437886,9.08207284,0.94359198,1.06154098,0.94359198,1.17948998,3.77436794,OBSERVED_NOT_CAUSAL
Taurean Prince,BKN;CLE,2021-03-24,2021-03-03,29,37175,242,104,50,19,19,31,53,79,208,39,101,45,53,14.06106254,6.04277068,2.90517821,1.10396772,1.10396772,1.80121049,3.0794889,OBSERVED_NOT_CAUSAL
Terrence Ross,ORL,2021-03-24,2021-03-14,36,63933,575,127,81,39,17,61,68,205,495,81,225,84,94,19.42658721,4.29074187,2.73661489,1.31762939,0.57435127,2.06090751,2.2974051,OBSERVED_NOT_CAUSAL
Terry Rozier,CHA,2021-03-24,2021-03-24,41,81146,834,153,136,55,13,75,72,295,619,136,324,108,127,22.19998521,4.07265916,3.62014147,1.4640278,0.34604293,1.99640155,1.91654549,OBSERVED_NOT_CAUSAL
Thaddeus Young,CHI,2021-03-24,2021-03-24,39,58447,473,251,168,53,24,80,98,219,369,6,23,29,53,17.48045238,9.27609629,6.2087019,1.95869762,0.88695741,2.95652471,3.62174278,OBSERVED_NOT_CAUSAL
Thanasis Antetokounmpo,MIL,2021-03-24,2021-03-24,31,15676,69,61,20,9,6,19,36,30,51,2,9,7,16,9.50752743,8.40520541,2.75580505,1.24011227,0.82674152,2.6180148,4.96044909,OBSERVED_NOT_CAUSAL
Theo Pinson,NYK,2021-03-24,2021-03-13,13,1688,2,2,1,0,0,1,3,1,8,0,7,0,0,2.55924171,2.55924171,1.27962085,0.0,0.0,1.27962085,3.83886256,LIMITED_UNDER_120_MIN
Tim Frazier,MEM,2021-03-24,2021-01-13,3,1950,4,4,7,1,0,3,4,2,8,0,2,0,0,4.43076923,4.43076923,7.75384615,1.10769231,0.0,3.32307692,4.43076923,LIMITED_UNDER_120_MIN
Timothe Luwawu-Cabarrot,BKN,2021-03-24,2021-03-24,38,44302,270,92,48,27,5,32,69,95,248,57,162,23,30,13.16419123,4.48557627,2.34030066,1.31641912,0.24378132,1.56020044,3.3641822,OBSERVED_NOT_CAUSAL
Tobias Harris,PHI,2021-03-24,2021-03-23,39,79649,811,299,140,35,32,73,76,311,612,62,150,127,142,21.99349647,8.10857638,3.79665784,0.94916446,0.86780751,1.97968587,2.06104283,OBSERVED_NOT_CAUSAL
Tomas Satoransky,CHI,2021-03-24,2021-03-24,32,43283,245,81,152,21,9,54,43,89,172,25,61,42,46,12.22650925,4.04223367,7.58542615,1.04798651,0.44913707,2.69482245,2.14587713,OBSERVED_NOT_CAUSAL
Tony Snell,ATL,2021-03-24,2021-03-24,31,36796,168,71,42,5,8,14,45,60,119,46,82,2,2,9.86194152,4.16784433,2.46548538,0.29351016,0.46961626,0.82182846,2.64159148,OBSERVED_NOT_CAUSAL
Torrey Craig,MIL;PHX,2021-03-24,2021-03-24,21,14874,67,55,19,10,8,6,31,27,61,12,27,1,2,9.72972973,7.98709157,2.75917709,1.45219847,1.16175877,0.87131908,4.50181525,OBSERVED_NOT_CAUSAL
Trae Young,ATL,2021-03-24,2021-03-24,42,86722,1083,170,393,34,10,177,81,324,750,103,284,332,380,26.97447015,4.23421969,9.78851964,0.84684394,0.24907175,4.40856991,2.01748115,OBSERVED_NOT_CAUSAL
Tre Jones,SAS,2021-03-24,2021-03-24,19,5188,36,9,8,2,0,7,5,15,30,1,1,5,5,14.98843485,3.74710871,3.3307633,0.83269082,0.0,2.91441789,2.08172706,LIMITED_UNDER_120_MIN
Tremont Waters,BOS,2021-03-24,2021-03-22,11,5897,33,8,30,6,0,13,6,10,31,6,15,7,8,12.08750212,2.93030354,10.98863829,2.19772766,0.0,4.76174326,2.19772766,LIMITED_UNDER_120_MIN
Trent Forrest,UTA,2021-03-24,2021-03-24,10,2015,4,5,7,2,0,3,2,1,5,0,2,2,2,4.28784119,5.35980149,7.50372208,2.1439206,0.0,3.21588089,2.1439206,LIMITED_UNDER_120_MIN
Trevor Ariza,MIA,2021-03-24,2021-03-23,3,2932,12,10,3,1,2,1,3,4,17,2,10,2,2,8.84038199,7.36698499,2.2100955,0.7366985,1.473397,0.7366985,2.2100955,LIMITED_UNDER_120_MIN
Trey Lyles,SAS,2021-03-24,2021-03-24,23,21470,115,86,14,6,1,6,13,43,90,14,40,15,23,11.56963204,8.65207266,1.40847694,0.60363298,0.1006055,0.60363298,1.30787145,OBSERVED_NOT_CAUSAL
Tristan Thompson,BOS,2021-03-24,2021-03-14,36,48650,286,302,36,13,13,35,75,119,223,0,3,48,80,12.69804728,13.40842754,1.5983556,0.57718397,0.57718397,1.55395683,3.3299075,OBSERVED_NOT_CAUSAL
Troy Brown Jr.,WAS,2021-03-24,2021-03-23,21,17207,90,61,19,3,4,16,29,33,89,14,46,10,15,11.29772767,7.65734875,2.38507584,0.37659092,0.50212123,2.00848492,3.64037892,OBSERVED_NOT_CAUSAL
Ty-Shon Alexander,PHX,2021-03-24,2021-03-23,4,583,0,1,1,0,0,0,1,0,4,0,2,0,0,0.0,3.70497427,3.70497427,0.0,0.0,0.0,3.70497427,LIMITED_UNDER_120_MIN
Tyler Cook,BKN;DET,2021-03-24,2021-03-24,7,2583,9,11,2,0,0,2,4,4,8,0,0,1,2,7.5261324,9.19860627,1.67247387,0.0,0.0,1.67247387,3.34494774,LIMITED_UNDER_120_MIN
Tyler Herro,MIA,2021-03-24,2021-03-23,33,62856,498,179,113,22,13,74,47,186,449,58,186,68,83,17.11340206,6.15120275,3.88316151,0.75601375,0.4467354,2.54295533,1.61512027,OBSERVED_NOT_CAUSAL
Tyler Johnson,BKN,2021-03-24,2021-03-24,26,24654,138,47,23,9,0,8,24,46,115,30,79,16,19,12.09053298,4.11779022,2.01508883,0.78851302,0.0,0.70090046,2.10270139,OBSERVED_NOT_CAUSAL
Tyrell Terry,DAL,2021-03-24,2021-01-29,11,3378,11,6,6,5,0,2,2,5,16,0,7,1,3,7.03374778,3.8365897,3.8365897,3.19715808,0.0,1.27886323,1.27886323,LIMITED_UNDER_120_MIN
Tyrese Maxey,PHI,2021-03-24,2021-03-23,38,34756,286,66,62,15,6,25,46,123,267,17,59,23,27,17.77419726,4.10173783,3.85314766,0.93221314,0.37288526,1.55368857,2.85878697,OBSERVED_NOT_CAUSAL
Tyus Jones,MEM,2021-03-24,2021-03-24,41,49398,304,89,172,47,4,33,20,126,289,28,96,24,27,13.29284586,3.89165553,7.52095227,2.05514393,0.17490587,1.4429734,0.87452933,OBSERVED_NOT_CAUSAL
Udonis Haslem,,2021-03-24,,0,0,0,0,0,0,0,0,0,0,0,0,0,0,0,,,,,,,,NO_PREDEADLINE_SAMPLE
Vernon Carey Jr.,CHA,2021-03-24,2021-03-24,7,1487,5,9,1,0,1,1,0,2,4,0,1,1,2,7.26294553,13.07330195,1.45258911,0.0,1.45258911,1.45258911,0.0,LIMITED_UNDER_120_MIN
Wayne Ellington,DET,2021-03-24,2021-03-24,31,43204,333,56,45,13,6,23,46,114,249,85,197,20,27,16.64845848,2.79974076,2.24979169,0.64993982,0.29997222,1.14989353,2.29978706,OBSERVED_NOT_CAUSAL
Wendell Carter Jr.,CHI,2021-03-24,2021-03-24,32,47509,348,250,69,18,24,49,96,129,252,8,22,82,111,15.82184428,11.36626744,3.13708981,0.81837126,1.09116167,2.22778842,4.3646467,OBSERVED_NOT_CAUSAL
Xavier Tillman,MEM,2021-03-24,2021-03-19,32,36722,210,136,48,28,18,27,72,90,172,10,36,20,27,12.35226839,7.99956429,2.82337563,1.64696912,1.05876586,1.58814879,4.23506345,OBSERVED_NOT_CAUSAL
Yuta Watanabe,TOR,2021-03-24,2021-03-24,27,18391,64,81,13,10,14,8,25,21,67,13,35,9,10,7.51672013,9.51334892,1.52683378,1.17448752,1.64428253,0.93959002,2.9362188,OBSERVED_NOT_CAUSAL
Zach LaVine,CHI,2021-03-24,2021-03-24,43,91050,1208,217,210,39,20,163,107,432,831,152,348,192,221,28.65766063,5.14794069,4.98187809,0.92520593,0.47446458,3.86688633,2.5383855,OBSERVED_NOT_CAUSAL
Zeke Nnaji,DEN,2021-03-24,2021-03-24,29,18903,109,50,5,4,3,7,22,41,80,17,44,10,13,12.45516585,5.71337883,0.57133788,0.45707031,0.34280273,0.79987304,2.51388668,OBSERVED_NOT_CAUSAL
