event_id,game_id,date,matchup,actual_wl,actual_margin,b2b_second_night,proxy,scenario,protagonist_rating,lamelo_rating,protagonist_impact,lamelo_impact,core_donor_impact,young_bridge_impact,base_impact,base_alt_margin,base_alt_wl,base_flip,fatigue_05_impact,fatigue_05_alt_margin,fatigue_05_alt_wl,fatigue_05_flip,fatigue_10_impact,fatigue_10_alt_margin,fatigue_10_alt_wl,fatigue_10_flip,no_bridge_alt_margin,no_bridge_alt_wl
CHI_2020_21_G001,0022000015,2020-12-23,CHI vs. ATL,L,-20,0,BPM,LOW,-3,-2.4,-1.687500,-1.250000,3.838125,0.000000,0.900625,-19.099375,L,0,0.000000,-19.099375,L,0,0.000000,-19.099375,L,0,-19.099375,L
CHI_2020_21_G002,0022000026,2020-12-26,CHI vs. IND,L,-19,0,BPM,LOW,-3,-2.4,-1.687500,-1.250000,2.973993,0.000000,0.036493,-18.963507,L,0,0.000000,-18.963507,L,0,0.000000,-18.963507,L,0,-18.963507,L
CHI_2020_21_G003,0022000038,2020-12-27,CHI vs. GSW,L,-1,1,BPM,LOW,-3,-2.4,-1.687500,-1.250000,3.832465,0.000000,0.894965,-0.105035,L,0,-0.541667,-0.646701,L,0,-1.083333,-1.188368,L,0,-0.105035,L
CHI_2020_21_G004,0022000050,2020-12-29,CHI @ WAS,W,8,0,BPM,LOW,-3,-2.4,-1.687500,-1.250000,2.728681,0.000000,-0.208819,7.791181,W,0,0.000000,7.791181,W,0,0.000000,7.791181,W,0,7.791181,W
CHI_2020_21_G005,0022000063,2020-12-31,CHI @ WAS,W,3,0,BPM,LOW,-3,-2.4,-1.687500,-1.250000,2.751354,0.043542,-0.142604,2.857396,W,0,0.000000,2.857396,W,0,0.000000,2.857396,W,0,2.813854,W
CHI_2020_21_G006,0022000073,2021-01-01,CHI @ MIL,L,-30,1,BPM,LOW,-3,-2.4,-1.687500,-1.250000,2.730625,0.000000,-0.206875,-30.206875,L,0,-0.541667,-30.748542,L,0,-1.083333,-31.290208,L,0,-30.206875,L
CHI_2020_21_G007,0022000090,2021-01-03,CHI vs. DAL,W,10,0,BPM,LOW,-3,-2.4,-1.687500,-1.250000,2.673438,0.000000,-0.264062,9.735938,W,0,0.000000,9.735938,W,0,0.000000,9.735938,W,0,9.735938,W
CHI_2020_21_G008,0022000106,2021-01-05,CHI @ POR,W,3,0,BPM,LOW,-3,-2.4,-1.687500,-1.250000,2.682500,0.000000,-0.255000,2.745000,W,0,0.000000,2.745000,W,0,0.000000,2.745000,W,0,2.745000,W
CHI_2020_21_G009,0022000117,2021-01-06,CHI @ SAC,L,-4,1,BPM,LOW,-3,-2.4,-1.687500,-1.250000,2.695208,0.000000,-0.242292,-4.242292,L,0,-0.541667,-4.783958,L,0,-1.083333,-5.325625,L,0,-4.242292,L
CHI_2020_21_G010,0022000131,2021-01-08,CHI @ LAL,L,-2,0,BPM,LOW,-3,-2.4,-1.687500,-1.250000,2.710938,0.000000,-0.226563,-2.226563,L,0,0.000000,-2.226563,L,0,0.000000,-2.226563,L,0,-2.226563,L
CHI_2020_21_G011,0022000142,2021-01-10,CHI @ LAC,L,-3,0,BPM,LOW,-3,-2.4,-1.750000,-1.350000,2.838542,0.000000,-0.261458,-3.261458,L,0,0.000000,-3.261458,L,0,0.000000,-3.261458,L,0,-3.261458,L
CHI_2020_21_G012,0022000184,2021-01-15,CHI @ OKC,L,-2,0,BPM,LOW,-3,-2.4,-1.750000,-1.350000,2.808958,0.000000,-0.291042,-2.291042,L,0,0.000000,-2.291042,L,0,0.000000,-2.291042,L,0,-2.291042,L
CHI_2020_21_G013,0022000198,2021-01-17,CHI @ DAL,W,16,0,BPM,LOW,-3,-2.4,-1.750000,-1.350000,2.842500,0.000000,-0.257500,15.742500,W,0,0.000000,15.742500,W,0,0.000000,15.742500,W,0,15.742500,W
CHI_2020_21_G014,0022000211,2021-01-18,CHI vs. HOU,W,5,1,BPM,LOW,-3,-2.4,-1.750000,-1.350000,2.931944,0.000000,-0.168056,4.831944,W,0,-0.572917,4.259028,W,0,-1.145833,3.686111,W,0,4.831944,W
CHI_2020_21_G015,0022000229,2021-01-22,CHI @ CHA,W,13,0,BPM,LOW,-3,-2.4,-1.750000,-1.350000,2.943854,0.000000,-0.156146,12.843854,W,0,0.000000,12.843854,W,0,0.000000,12.843854,W,0,12.843854,W
CHI_2020_21_G016,0022000245,2021-01-23,CHI vs. LAL,L,-11,1,BPM,LOW,-3,-2.4,-1.750000,-1.350000,3.224618,0.000000,0.124618,-10.875382,L,0,-0.572917,-11.448299,L,0,-1.145833,-12.021215,L,0,-10.875382,L
CHI_2020_21_G017,0022000262,2021-01-25,CHI vs. BOS,L,-16,0,BPM,LOW,-3,-2.4,-1.750000,-1.350000,2.409340,0.000000,-0.690660,-16.690660,L,0,0.000000,-16.690660,L,0,0.000000,-16.690660,L,0,-16.690660,L
CHI_2020_21_G018,0022000298,2021-01-30,CHI vs. POR,L,-1,0,BPM,LOW,-3,-2.4,-1.750000,-1.350000,2.479028,0.000000,-0.620972,-1.620972,L,0,0.000000,-1.620972,L,0,0.000000,-1.620972,L,0,-1.620972,L
CHI_2020_21_G019,0022000315,2021-02-01,CHI vs. NYK,W,8,0,BPM,LOW,-3,-2.4,-1.812500,-1.450000,2.829236,0.000000,-0.433264,7.566736,W,0,0.000000,7.566736,W,0,0.000000,7.566736,W,0,7.566736,W
CHI_2020_21_G020,0022000332,2021-02-03,CHI vs. NYK,L,-4,0,BPM,LOW,-3,-2.4,-1.812500,-1.450000,2.837917,0.000000,-0.424583,-4.424583,L,0,0.000000,-4.424583,L,0,0.000000,-4.424583,L,0,-4.424583,L
CHI_2020_21_G021,0022000344,2021-02-05,CHI @ ORL,L,-4,0,BPM,LOW,-3,-2.4,-1.812500,-1.450000,2.775903,0.000000,-0.486597,-4.486597,L,0,0.000000,-4.486597,L,0,0.000000,-4.486597,L,0,-4.486597,L
CHI_2020_21_G022,0022000353,2021-02-06,CHI @ ORL,W,26,1,BPM,LOW,-3,-2.4,-1.812500,-1.450000,2.273507,0.000000,-0.988993,25.011007,W,0,-0.604167,24.406840,W,0,-1.208333,23.802674,W,0,25.011007,W
CHI_2020_21_G023,0022000368,2021-02-08,CHI vs. WAS,L,-4,0,BPM,LOW,-3,-2.4,-1.812500,-1.450000,2.428819,0.000000,-0.833681,-4.833681,L,0,0.000000,-4.833681,L,0,0.000000,-4.833681,L,0,-4.833681,L
CHI_2020_21_G024,0022000385,2021-02-10,CHI vs. NOP,W,13,0,BPM,LOW,-3,-2.4,-1.812500,-1.450000,2.625486,0.000000,-0.637014,12.362986,W,0,0.000000,12.362986,W,0,0.000000,12.362986,W,0,12.362986,W
CHI_2020_21_G025,0022000400,2021-02-12,CHI vs. LAC,L,-19,0,BPM,LOW,-3,-2.4,-1.812500,-1.450000,2.149340,0.000000,-1.113160,-20.113160,L,0,0.000000,-20.113160,L,0,0.000000,-20.113160,L,0,-20.113160,L
CHI_2020_21_G026,0022000420,2021-02-15,CHI @ IND,W,8,0,BPM,LOW,-3,-2.4,-1.812500,-1.450000,2.589444,0.000000,-0.673056,7.326944,W,0,0.000000,7.326944,W,0,0.000000,7.326944,W,0,7.326944,W
CHI_2020_21_G027,0022000564,2021-02-17,CHI vs. DET,W,3,0,BPM,LOW,-3,-2.4,-1.812500,-1.450000,2.305069,0.000000,-0.957431,2.042569,W,0,0.000000,2.042569,W,0,0.000000,2.042569,W,0,2.042569,W
CHI_2020_21_G028,0022000450,2021-02-19,CHI @ PHI,L,-7,0,BPM,LOW,-3,-2.4,-1.812500,-1.450000,2.501667,0.000000,-0.760833,-7.760833,L,0,0.000000,-7.760833,L,0,0.000000,-7.760833,L,0,-7.760833,L
CHI_2020_21_G029,0022000460,2021-02-20,CHI vs. SAC,W,8,1,BPM,LOW,-3,-2.4,-1.812500,-1.450000,2.599028,0.000000,-0.663472,7.336528,W,0,-0.604167,6.732361,W,0,-1.208333,6.128194,W,0,7.336528,W
CHI_2020_21_G030,0022000474,2021-02-22,CHI @ HOU,W,20,0,BPM,LOW,-3,-2.4,-1.812500,-1.450000,2.160347,0.000000,-1.102153,18.897847,W,0,0.000000,18.897847,W,0,0.000000,18.897847,W,0,18.897847,W
CHI_2020_21_G031,0022000493,2021-02-24,CHI vs. MIN,W,7,0,BPM,LOW,-3,-2.4,-1.812500,-1.450000,2.366319,0.000000,-0.896181,6.103819,W,0,0.000000,6.103819,W,0,0.000000,6.103819,W,0,6.103819,W
CHI_2020_21_G032,0022000508,2021-02-26,CHI vs. PHX,L,-9,0,BPM,LOW,-3,-2.4,-1.812500,-1.450000,2.569132,0.000000,-0.693368,-9.693368,L,0,0.000000,-9.693368,L,0,0.000000,-9.693368,L,0,-9.693368,L
CHI_2020_21_G033,0022000531,2021-03-01,CHI vs. DEN,L,-6,0,BPM,LOW,-3,-2.4,-1.812500,-1.450000,2.607431,0.000000,-0.655069,-6.655069,L,0,0.000000,-6.655069,L,0,0.000000,-6.655069,L,0,-6.655069,L
CHI_2020_21_G034,0022000548,2021-03-03,CHI @ NOP,W,4,0,BPM,LOW,-3,-2.4,-1.812500,-1.450000,2.501875,0.000000,-0.760625,3.239375,W,0,0.000000,3.239375,W,0,0.000000,3.239375,W,0,3.239375,W
CHI_2020_21_G035,0022000572,2021-03-11,CHI vs. PHI,L,-22,0,BPM,LOW,-3,-2.4,-1.812500,-1.450000,2.293264,0.000000,-0.969236,-22.969236,L,0,0.000000,-22.969236,L,0,0.000000,-22.969236,L,0,-22.969236,L
CHI_2020_21_G036,0022000582,2021-03-12,CHI vs. MIA,L,-11,1,BPM,LOW,-3,-2.4,-1.812500,-1.450000,2.753437,-0.043542,-0.552604,-11.552604,L,0,-0.604167,-12.156771,L,0,-1.208333,-12.760938,L,0,-11.509063,L
CHI_2020_21_G037,0022000600,2021-03-14,CHI vs. TOR,W,23,0,BPM,LOW,-3,-2.4,-1.812500,-1.450000,2.366389,0.000000,-0.896111,22.103889,W,0,0.000000,22.103889,W,0,0.000000,22.103889,W,0,22.103889,W
CHI_2020_21_G038,0022000612,2021-03-16,CHI vs. OKC,W,21,0,BPM,LOW,-3,-2.4,-1.812500,-1.450000,2.083299,0.000000,-1.179201,19.820799,W,0,0.000000,19.820799,W,0,0.000000,19.820799,W,0,19.820799,W
CHI_2020_21_G039,0022000621,2021-03-17,CHI vs. SAS,L,-7,1,BPM,LOW,-3,-2.4,-1.812500,-1.450000,1.941007,0.000000,-1.321493,-8.321493,L,0,-0.604167,-8.925660,L,0,-1.208333,-9.529826,L,0,-8.321493,L
CHI_2020_21_G040,0022000637,2021-03-19,CHI @ DEN,L,-4,0,BPM,LOW,-3,-2.4,-1.812500,-1.450000,2.389479,0.000000,-0.873021,-4.873021,L,0,0.000000,-4.873021,L,0,0.000000,-4.873021,L,0,-4.873021,L
CHI_2020_21_G041,0022000649,2021-03-21,CHI @ DET,W,14,0,BPM,LOW,-3,-2.4,-1.812500,-1.450000,2.443056,0.000000,-0.819444,13.180556,W,0,0.000000,13.180556,W,0,0.000000,13.180556,W,0,13.180556,W
CHI_2020_21_G042,0022000656,2021-03-22,CHI vs. UTA,L,-25,1,BPM,LOW,-3,-2.4,-1.812500,-1.450000,2.185729,0.000000,-1.076771,-26.076771,L,0,-0.604167,-26.680938,L,0,-1.208333,-27.285104,L,0,-26.076771,L
CHI_2020_21_G043,0022000671,2021-03-24,CHI vs. CLE,L,-9,0,BPM,LOW,-3,-2.4,-1.812500,-1.450000,2.694236,0.000000,-0.568264,-9.568264,L,0,0.000000,-9.568264,L,0,0.000000,-9.568264,L,0,-9.568264,L
CHI_2020_21_G001,0022000015,2020-12-23,CHI vs. ATL,L,-20,0,BPM,BASE,-1.2,-0.5,-0.675000,-0.260417,3.838125,0.000000,2.902708,-17.097292,L,0,0.000000,-17.097292,L,0,0.000000,-17.097292,L,0,-17.097292,L
CHI_2020_21_G002,0022000026,2020-12-26,CHI vs. IND,L,-19,0,BPM,BASE,-1.2,-0.5,-0.675000,-0.260417,2.973993,0.000000,2.038576,-16.961424,L,0,0.000000,-16.961424,L,0,0.000000,-16.961424,L,0,-16.961424,L
CHI_2020_21_G003,0022000038,2020-12-27,CHI vs. GSW,L,-1,1,BPM,BASE,-1.2,-0.5,-0.675000,-0.260417,3.832465,0.000000,2.897049,1.897049,W,1,-0.541667,1.355382,W,1,-1.083333,0.813715,W,1,1.897049,W
CHI_2020_21_G004,0022000050,2020-12-29,CHI @ WAS,W,8,0,BPM,BASE,-1.2,-0.5,-0.675000,-0.260417,2.728681,0.000000,1.793264,9.793264,W,0,0.000000,9.793264,W,0,0.000000,9.793264,W,0,9.793264,W
CHI_2020_21_G005,0022000063,2020-12-31,CHI @ WAS,W,3,0,BPM,BASE,-1.2,-0.5,-0.675000,-0.260417,2.751354,0.043542,1.859479,4.859479,W,0,0.000000,4.859479,W,0,0.000000,4.859479,W,0,4.815937,W
CHI_2020_21_G006,0022000073,2021-01-01,CHI @ MIL,L,-30,1,BPM,BASE,-1.2,-0.5,-0.675000,-0.260417,2.730625,0.000000,1.795208,-28.204792,L,0,-0.541667,-28.746458,L,0,-1.083333,-29.288125,L,0,-28.204792,L
CHI_2020_21_G007,0022000090,2021-01-03,CHI vs. DAL,W,10,0,BPM,BASE,-1.2,-0.5,-0.675000,-0.260417,2.673438,0.000000,1.738021,11.738021,W,0,0.000000,11.738021,W,0,0.000000,11.738021,W,0,11.738021,W
CHI_2020_21_G008,0022000106,2021-01-05,CHI @ POR,W,3,0,BPM,BASE,-1.2,-0.5,-0.675000,-0.260417,2.682500,0.000000,1.747083,4.747083,W,0,0.000000,4.747083,W,0,0.000000,4.747083,W,0,4.747083,W
CHI_2020_21_G009,0022000117,2021-01-06,CHI @ SAC,L,-4,1,BPM,BASE,-1.2,-0.5,-0.675000,-0.260417,2.695208,0.000000,1.759792,-2.240208,L,0,-0.541667,-2.781875,L,0,-1.083333,-3.323542,L,0,-2.240208,L
CHI_2020_21_G010,0022000131,2021-01-08,CHI @ LAL,L,-2,0,BPM,BASE,-1.2,-0.5,-0.675000,-0.260417,2.710938,0.000000,1.775521,-0.224479,L,0,0.000000,-0.224479,L,0,0.000000,-0.224479,L,0,-0.224479,L
CHI_2020_21_G011,0022000142,2021-01-10,CHI @ LAC,L,-3,0,BPM,BASE,-1.2,-0.5,-0.700000,-0.281250,2.838542,0.000000,1.857292,-1.142708,L,0,0.000000,-1.142708,L,0,0.000000,-1.142708,L,0,-1.142708,L
CHI_2020_21_G012,0022000184,2021-01-15,CHI @ OKC,L,-2,0,BPM,BASE,-1.2,-0.5,-0.700000,-0.281250,2.808958,0.000000,1.827708,-0.172292,L,0,0.000000,-0.172292,L,0,0.000000,-0.172292,L,0,-0.172292,L
CHI_2020_21_G013,0022000198,2021-01-17,CHI @ DAL,W,16,0,BPM,BASE,-1.2,-0.5,-0.700000,-0.281250,2.842500,0.000000,1.861250,17.861250,W,0,0.000000,17.861250,W,0,0.000000,17.861250,W,0,17.861250,W
CHI_2020_21_G014,0022000211,2021-01-18,CHI vs. HOU,W,5,1,BPM,BASE,-1.2,-0.5,-0.700000,-0.281250,2.931944,0.000000,1.950694,6.950694,W,0,-0.572917,6.377778,W,0,-1.145833,5.804861,W,0,6.950694,W
CHI_2020_21_G015,0022000229,2021-01-22,CHI @ CHA,W,13,0,BPM,BASE,-1.2,-0.5,-0.700000,-0.281250,2.943854,0.000000,1.962604,14.962604,W,0,0.000000,14.962604,W,0,0.000000,14.962604,W,0,14.962604,W
CHI_2020_21_G016,0022000245,2021-01-23,CHI vs. LAL,L,-11,1,BPM,BASE,-1.2,-0.5,-0.700000,-0.281250,3.224618,0.000000,2.243368,-8.756632,L,0,-0.572917,-9.329549,L,0,-1.145833,-9.902465,L,0,-8.756632,L
CHI_2020_21_G017,0022000262,2021-01-25,CHI vs. BOS,L,-16,0,BPM,BASE,-1.2,-0.5,-0.700000,-0.281250,2.409340,0.000000,1.428090,-14.571910,L,0,0.000000,-14.571910,L,0,0.000000,-14.571910,L,0,-14.571910,L
CHI_2020_21_G018,0022000298,2021-01-30,CHI vs. POR,L,-1,0,BPM,BASE,-1.2,-0.5,-0.700000,-0.281250,2.479028,0.000000,1.497778,0.497778,W,1,0.000000,0.497778,W,1,0.000000,0.497778,W,1,0.497778,W
CHI_2020_21_G019,0022000315,2021-02-01,CHI vs. NYK,W,8,0,BPM,BASE,-1.2,-0.5,-0.725000,-0.302083,2.829236,0.000000,1.802153,9.802153,W,0,0.000000,9.802153,W,0,0.000000,9.802153,W,0,9.802153,W
CHI_2020_21_G020,0022000332,2021-02-03,CHI vs. NYK,L,-4,0,BPM,BASE,-1.2,-0.5,-0.725000,-0.302083,2.837917,0.000000,1.810833,-2.189167,L,0,0.000000,-2.189167,L,0,0.000000,-2.189167,L,0,-2.189167,L
CHI_2020_21_G021,0022000344,2021-02-05,CHI @ ORL,L,-4,0,BPM,BASE,-1.2,-0.5,-0.725000,-0.302083,2.775903,0.000000,1.748819,-2.251181,L,0,0.000000,-2.251181,L,0,0.000000,-2.251181,L,0,-2.251181,L
CHI_2020_21_G022,0022000353,2021-02-06,CHI @ ORL,W,26,1,BPM,BASE,-1.2,-0.5,-0.725000,-0.302083,2.273507,0.000000,1.246424,27.246424,W,0,-0.604167,26.642257,W,0,-1.208333,26.038090,W,0,27.246424,W
CHI_2020_21_G023,0022000368,2021-02-08,CHI vs. WAS,L,-4,0,BPM,BASE,-1.2,-0.5,-0.725000,-0.302083,2.428819,0.000000,1.401736,-2.598264,L,0,0.000000,-2.598264,L,0,0.000000,-2.598264,L,0,-2.598264,L
CHI_2020_21_G024,0022000385,2021-02-10,CHI vs. NOP,W,13,0,BPM,BASE,-1.2,-0.5,-0.725000,-0.302083,2.625486,0.000000,1.598403,14.598403,W,0,0.000000,14.598403,W,0,0.000000,14.598403,W,0,14.598403,W
CHI_2020_21_G025,0022000400,2021-02-12,CHI vs. LAC,L,-19,0,BPM,BASE,-1.2,-0.5,-0.725000,-0.302083,2.149340,0.000000,1.122257,-17.877743,L,0,0.000000,-17.877743,L,0,0.000000,-17.877743,L,0,-17.877743,L
CHI_2020_21_G026,0022000420,2021-02-15,CHI @ IND,W,8,0,BPM,BASE,-1.2,-0.5,-0.725000,-0.302083,2.589444,0.000000,1.562361,9.562361,W,0,0.000000,9.562361,W,0,0.000000,9.562361,W,0,9.562361,W
CHI_2020_21_G027,0022000564,2021-02-17,CHI vs. DET,W,3,0,BPM,BASE,-1.2,-0.5,-0.725000,-0.302083,2.305069,0.000000,1.277986,4.277986,W,0,0.000000,4.277986,W,0,0.000000,4.277986,W,0,4.277986,W
CHI_2020_21_G028,0022000450,2021-02-19,CHI @ PHI,L,-7,0,BPM,BASE,-1.2,-0.5,-0.725000,-0.302083,2.501667,0.000000,1.474583,-5.525417,L,0,0.000000,-5.525417,L,0,0.000000,-5.525417,L,0,-5.525417,L
CHI_2020_21_G029,0022000460,2021-02-20,CHI vs. SAC,W,8,1,BPM,BASE,-1.2,-0.5,-0.725000,-0.302083,2.599028,0.000000,1.571944,9.571944,W,0,-0.604167,8.967778,W,0,-1.208333,8.363611,W,0,9.571944,W
CHI_2020_21_G030,0022000474,2021-02-22,CHI @ HOU,W,20,0,BPM,BASE,-1.2,-0.5,-0.725000,-0.302083,2.160347,0.000000,1.133264,21.133264,W,0,0.000000,21.133264,W,0,0.000000,21.133264,W,0,21.133264,W
CHI_2020_21_G031,0022000493,2021-02-24,CHI vs. MIN,W,7,0,BPM,BASE,-1.2,-0.5,-0.725000,-0.302083,2.366319,0.000000,1.339236,8.339236,W,0,0.000000,8.339236,W,0,0.000000,8.339236,W,0,8.339236,W
CHI_2020_21_G032,0022000508,2021-02-26,CHI vs. PHX,L,-9,0,BPM,BASE,-1.2,-0.5,-0.725000,-0.302083,2.569132,0.000000,1.542049,-7.457951,L,0,0.000000,-7.457951,L,0,0.000000,-7.457951,L,0,-7.457951,L
CHI_2020_21_G033,0022000531,2021-03-01,CHI vs. DEN,L,-6,0,BPM,BASE,-1.2,-0.5,-0.725000,-0.302083,2.607431,0.000000,1.580347,-4.419653,L,0,0.000000,-4.419653,L,0,0.000000,-4.419653,L,0,-4.419653,L
CHI_2020_21_G034,0022000548,2021-03-03,CHI @ NOP,W,4,0,BPM,BASE,-1.2,-0.5,-0.725000,-0.302083,2.501875,0.000000,1.474792,5.474792,W,0,0.000000,5.474792,W,0,0.000000,5.474792,W,0,5.474792,W
CHI_2020_21_G035,0022000572,2021-03-11,CHI vs. PHI,L,-22,0,BPM,BASE,-1.2,-0.5,-0.725000,-0.302083,2.293264,0.000000,1.266181,-20.733819,L,0,0.000000,-20.733819,L,0,0.000000,-20.733819,L,0,-20.733819,L
CHI_2020_21_G036,0022000582,2021-03-12,CHI vs. MIA,L,-11,1,BPM,BASE,-1.2,-0.5,-0.725000,-0.302083,2.753437,-0.043542,1.682812,-9.317188,L,0,-0.604167,-9.921354,L,0,-1.208333,-10.525521,L,0,-9.273646,L
CHI_2020_21_G037,0022000600,2021-03-14,CHI vs. TOR,W,23,0,BPM,BASE,-1.2,-0.5,-0.725000,-0.302083,2.366389,0.000000,1.339306,24.339306,W,0,0.000000,24.339306,W,0,0.000000,24.339306,W,0,24.339306,W
CHI_2020_21_G038,0022000612,2021-03-16,CHI vs. OKC,W,21,0,BPM,BASE,-1.2,-0.5,-0.725000,-0.302083,2.083299,0.000000,1.056215,22.056215,W,0,0.000000,22.056215,W,0,0.000000,22.056215,W,0,22.056215,W
CHI_2020_21_G039,0022000621,2021-03-17,CHI vs. SAS,L,-7,1,BPM,BASE,-1.2,-0.5,-0.725000,-0.302083,1.941007,0.000000,0.913924,-6.086076,L,0,-0.604167,-6.690243,L,0,-1.208333,-7.294410,L,0,-6.086076,L
CHI_2020_21_G040,0022000637,2021-03-19,CHI @ DEN,L,-4,0,BPM,BASE,-1.2,-0.5,-0.725000,-0.302083,2.389479,0.000000,1.362396,-2.637604,L,0,0.000000,-2.637604,L,0,0.000000,-2.637604,L,0,-2.637604,L
CHI_2020_21_G041,0022000649,2021-03-21,CHI @ DET,W,14,0,BPM,BASE,-1.2,-0.5,-0.725000,-0.302083,2.443056,0.000000,1.415972,15.415972,W,0,0.000000,15.415972,W,0,0.000000,15.415972,W,0,15.415972,W
CHI_2020_21_G042,0022000656,2021-03-22,CHI vs. UTA,L,-25,1,BPM,BASE,-1.2,-0.5,-0.725000,-0.302083,2.185729,0.000000,1.158646,-23.841354,L,0,-0.604167,-24.445521,L,0,-1.208333,-25.049687,L,0,-23.841354,L
CHI_2020_21_G043,0022000671,2021-03-24,CHI vs. CLE,L,-9,0,BPM,BASE,-1.2,-0.5,-0.725000,-0.302083,2.694236,0.000000,1.667153,-7.332847,L,0,0.000000,-7.332847,L,0,0.000000,-7.332847,L,0,-7.332847,L
CHI_2020_21_G001,0022000015,2020-12-23,CHI vs. ATL,L,-20,0,BPM,HIGH,0.3,1.8,0.168750,0.937500,3.838125,0.000000,4.944375,-15.055625,L,0,0.000000,-15.055625,L,0,0.000000,-15.055625,L,0,-15.055625,L
CHI_2020_21_G002,0022000026,2020-12-26,CHI vs. IND,L,-19,0,BPM,HIGH,0.3,1.8,0.168750,0.937500,2.973993,0.000000,4.080243,-14.919757,L,0,0.000000,-14.919757,L,0,0.000000,-14.919757,L,0,-14.919757,L
CHI_2020_21_G003,0022000038,2020-12-27,CHI vs. GSW,L,-1,1,BPM,HIGH,0.3,1.8,0.168750,0.937500,3.832465,0.000000,4.938715,3.938715,W,1,-0.541667,3.397049,W,1,-1.083333,2.855382,W,1,3.938715,W
CHI_2020_21_G004,0022000050,2020-12-29,CHI @ WAS,W,8,0,BPM,HIGH,0.3,1.8,0.168750,0.937500,2.728681,0.000000,3.834931,11.834931,W,0,0.000000,11.834931,W,0,0.000000,11.834931,W,0,11.834931,W
CHI_2020_21_G005,0022000063,2020-12-31,CHI @ WAS,W,3,0,BPM,HIGH,0.3,1.8,0.168750,0.937500,2.751354,0.043542,3.901146,6.901146,W,0,0.000000,6.901146,W,0,0.000000,6.901146,W,0,6.857604,W
CHI_2020_21_G006,0022000073,2021-01-01,CHI @ MIL,L,-30,1,BPM,HIGH,0.3,1.8,0.168750,0.937500,2.730625,0.000000,3.836875,-26.163125,L,0,-0.541667,-26.704792,L,0,-1.083333,-27.246458,L,0,-26.163125,L
CHI_2020_21_G007,0022000090,2021-01-03,CHI vs. DAL,W,10,0,BPM,HIGH,0.3,1.8,0.168750,0.937500,2.673438,0.000000,3.779688,13.779688,W,0,0.000000,13.779688,W,0,0.000000,13.779688,W,0,13.779688,W
CHI_2020_21_G008,0022000106,2021-01-05,CHI @ POR,W,3,0,BPM,HIGH,0.3,1.8,0.168750,0.937500,2.682500,0.000000,3.788750,6.788750,W,0,0.000000,6.788750,W,0,0.000000,6.788750,W,0,6.788750,W
CHI_2020_21_G009,0022000117,2021-01-06,CHI @ SAC,L,-4,1,BPM,HIGH,0.3,1.8,0.168750,0.937500,2.695208,0.000000,3.801458,-0.198542,L,0,-0.541667,-0.740208,L,0,-1.083333,-1.281875,L,0,-0.198542,L
CHI_2020_21_G010,0022000131,2021-01-08,CHI @ LAL,L,-2,0,BPM,HIGH,0.3,1.8,0.168750,0.937500,2.710938,0.000000,3.817188,1.817188,W,1,0.000000,1.817188,W,1,0.000000,1.817188,W,1,1.817188,W
CHI_2020_21_G011,0022000142,2021-01-10,CHI @ LAC,L,-3,0,BPM,HIGH,0.3,1.8,0.175000,1.012500,2.838542,0.000000,4.026042,1.026042,W,1,0.000000,1.026042,W,1,0.000000,1.026042,W,1,1.026042,W
CHI_2020_21_G012,0022000184,2021-01-15,CHI @ OKC,L,-2,0,BPM,HIGH,0.3,1.8,0.175000,1.012500,2.808958,0.000000,3.996458,1.996458,W,1,0.000000,1.996458,W,1,0.000000,1.996458,W,1,1.996458,W
CHI_2020_21_G013,0022000198,2021-01-17,CHI @ DAL,W,16,0,BPM,HIGH,0.3,1.8,0.175000,1.012500,2.842500,0.000000,4.030000,20.030000,W,0,0.000000,20.030000,W,0,0.000000,20.030000,W,0,20.030000,W
CHI_2020_21_G014,0022000211,2021-01-18,CHI vs. HOU,W,5,1,BPM,HIGH,0.3,1.8,0.175000,1.012500,2.931944,0.000000,4.119444,9.119444,W,0,-0.572917,8.546528,W,0,-1.145833,7.973611,W,0,9.119444,W
CHI_2020_21_G015,0022000229,2021-01-22,CHI @ CHA,W,13,0,BPM,HIGH,0.3,1.8,0.175000,1.012500,2.943854,0.000000,4.131354,17.131354,W,0,0.000000,17.131354,W,0,0.000000,17.131354,W,0,17.131354,W
CHI_2020_21_G016,0022000245,2021-01-23,CHI vs. LAL,L,-11,1,BPM,HIGH,0.3,1.8,0.175000,1.012500,3.224618,0.000000,4.412118,-6.587882,L,0,-0.572917,-7.160799,L,0,-1.145833,-7.733715,L,0,-6.587882,L
CHI_2020_21_G017,0022000262,2021-01-25,CHI vs. BOS,L,-16,0,BPM,HIGH,0.3,1.8,0.175000,1.012500,2.409340,0.000000,3.596840,-12.403160,L,0,0.000000,-12.403160,L,0,0.000000,-12.403160,L,0,-12.403160,L
CHI_2020_21_G018,0022000298,2021-01-30,CHI vs. POR,L,-1,0,BPM,HIGH,0.3,1.8,0.175000,1.012500,2.479028,0.000000,3.666528,2.666528,W,1,0.000000,2.666528,W,1,0.000000,2.666528,W,1,2.666528,W
CHI_2020_21_G019,0022000315,2021-02-01,CHI vs. NYK,W,8,0,BPM,HIGH,0.3,1.8,0.181250,1.087500,2.829236,0.000000,4.097986,12.097986,W,0,0.000000,12.097986,W,0,0.000000,12.097986,W,0,12.097986,W
CHI_2020_21_G020,0022000332,2021-02-03,CHI vs. NYK,L,-4,0,BPM,HIGH,0.3,1.8,0.181250,1.087500,2.837917,0.000000,4.106667,0.106667,W,1,0.000000,0.106667,W,1,0.000000,0.106667,W,1,0.106667,W
CHI_2020_21_G021,0022000344,2021-02-05,CHI @ ORL,L,-4,0,BPM,HIGH,0.3,1.8,0.181250,1.087500,2.775903,0.000000,4.044653,0.044653,W,1,0.000000,0.044653,W,1,0.000000,0.044653,W,1,0.044653,W
CHI_2020_21_G022,0022000353,2021-02-06,CHI @ ORL,W,26,1,BPM,HIGH,0.3,1.8,0.181250,1.087500,2.273507,0.000000,3.542257,29.542257,W,0,-0.604167,28.938090,W,0,-1.208333,28.333924,W,0,29.542257,W
CHI_2020_21_G023,0022000368,2021-02-08,CHI vs. WAS,L,-4,0,BPM,HIGH,0.3,1.8,0.181250,1.087500,2.428819,0.000000,3.697569,-0.302431,L,0,0.000000,-0.302431,L,0,0.000000,-0.302431,L,0,-0.302431,L
CHI_2020_21_G024,0022000385,2021-02-10,CHI vs. NOP,W,13,0,BPM,HIGH,0.3,1.8,0.181250,1.087500,2.625486,0.000000,3.894236,16.894236,W,0,0.000000,16.894236,W,0,0.000000,16.894236,W,0,16.894236,W
CHI_2020_21_G025,0022000400,2021-02-12,CHI vs. LAC,L,-19,0,BPM,HIGH,0.3,1.8,0.181250,1.087500,2.149340,0.000000,3.418090,-15.581910,L,0,0.000000,-15.581910,L,0,0.000000,-15.581910,L,0,-15.581910,L
CHI_2020_21_G026,0022000420,2021-02-15,CHI @ IND,W,8,0,BPM,HIGH,0.3,1.8,0.181250,1.087500,2.589444,0.000000,3.858194,11.858194,W,0,0.000000,11.858194,W,0,0.000000,11.858194,W,0,11.858194,W
CHI_2020_21_G027,0022000564,2021-02-17,CHI vs. DET,W,3,0,BPM,HIGH,0.3,1.8,0.181250,1.087500,2.305069,0.000000,3.573819,6.573819,W,0,0.000000,6.573819,W,0,0.000000,6.573819,W,0,6.573819,W
CHI_2020_21_G028,0022000450,2021-02-19,CHI @ PHI,L,-7,0,BPM,HIGH,0.3,1.8,0.181250,1.087500,2.501667,0.000000,3.770417,-3.229583,L,0,0.000000,-3.229583,L,0,0.000000,-3.229583,L,0,-3.229583,L
CHI_2020_21_G029,0022000460,2021-02-20,CHI vs. SAC,W,8,1,BPM,HIGH,0.3,1.8,0.181250,1.087500,2.599028,0.000000,3.867778,11.867778,W,0,-0.604167,11.263611,W,0,-1.208333,10.659444,W,0,11.867778,W
CHI_2020_21_G030,0022000474,2021-02-22,CHI @ HOU,W,20,0,BPM,HIGH,0.3,1.8,0.181250,1.087500,2.160347,0.000000,3.429097,23.429097,W,0,0.000000,23.429097,W,0,0.000000,23.429097,W,0,23.429097,W
CHI_2020_21_G031,0022000493,2021-02-24,CHI vs. MIN,W,7,0,BPM,HIGH,0.3,1.8,0.181250,1.087500,2.366319,0.000000,3.635069,10.635069,W,0,0.000000,10.635069,W,0,0.000000,10.635069,W,0,10.635069,W
CHI_2020_21_G032,0022000508,2021-02-26,CHI vs. PHX,L,-9,0,BPM,HIGH,0.3,1.8,0.181250,1.087500,2.569132,0.000000,3.837882,-5.162118,L,0,0.000000,-5.162118,L,0,0.000000,-5.162118,L,0,-5.162118,L
CHI_2020_21_G033,0022000531,2021-03-01,CHI vs. DEN,L,-6,0,BPM,HIGH,0.3,1.8,0.181250,1.087500,2.607431,0.000000,3.876181,-2.123819,L,0,0.000000,-2.123819,L,0,0.000000,-2.123819,L,0,-2.123819,L
CHI_2020_21_G034,0022000548,2021-03-03,CHI @ NOP,W,4,0,BPM,HIGH,0.3,1.8,0.181250,1.087500,2.501875,0.000000,3.770625,7.770625,W,0,0.000000,7.770625,W,0,0.000000,7.770625,W,0,7.770625,W
CHI_2020_21_G035,0022000572,2021-03-11,CHI vs. PHI,L,-22,0,BPM,HIGH,0.3,1.8,0.181250,1.087500,2.293264,0.000000,3.562014,-18.437986,L,0,0.000000,-18.437986,L,0,0.000000,-18.437986,L,0,-18.437986,L
CHI_2020_21_G036,0022000582,2021-03-12,CHI vs. MIA,L,-11,1,BPM,HIGH,0.3,1.8,0.181250,1.087500,2.753437,-0.043542,3.978646,-7.021354,L,0,-0.604167,-7.625521,L,0,-1.208333,-8.229688,L,0,-6.977812,L
CHI_2020_21_G037,0022000600,2021-03-14,CHI vs. TOR,W,23,0,BPM,HIGH,0.3,1.8,0.181250,1.087500,2.366389,0.000000,3.635139,26.635139,W,0,0.000000,26.635139,W,0,0.000000,26.635139,W,0,26.635139,W
CHI_2020_21_G038,0022000612,2021-03-16,CHI vs. OKC,W,21,0,BPM,HIGH,0.3,1.8,0.181250,1.087500,2.083299,0.000000,3.352049,24.352049,W,0,0.000000,24.352049,W,0,0.000000,24.352049,W,0,24.352049,W
CHI_2020_21_G039,0022000621,2021-03-17,CHI vs. SAS,L,-7,1,BPM,HIGH,0.3,1.8,0.181250,1.087500,1.941007,0.000000,3.209757,-3.790243,L,0,-0.604167,-4.394410,L,0,-1.208333,-4.998576,L,0,-3.790243,L
CHI_2020_21_G040,0022000637,2021-03-19,CHI @ DEN,L,-4,0,BPM,HIGH,0.3,1.8,0.181250,1.087500,2.389479,0.000000,3.658229,-0.341771,L,0,0.000000,-0.341771,L,0,0.000000,-0.341771,L,0,-0.341771,L
CHI_2020_21_G041,0022000649,2021-03-21,CHI @ DET,W,14,0,BPM,HIGH,0.3,1.8,0.181250,1.087500,2.443056,0.000000,3.711806,17.711806,W,0,0.000000,17.711806,W,0,0.000000,17.711806,W,0,17.711806,W
CHI_2020_21_G042,0022000656,2021-03-22,CHI vs. UTA,L,-25,1,BPM,HIGH,0.3,1.8,0.181250,1.087500,2.185729,0.000000,3.454479,-21.545521,L,0,-0.604167,-22.149688,L,0,-1.208333,-22.753854,L,0,-21.545521,L
CHI_2020_21_G043,0022000671,2021-03-24,CHI vs. CLE,L,-9,0,BPM,HIGH,0.3,1.8,0.181250,1.087500,2.694236,0.000000,3.962986,-5.037014,L,0,0.000000,-5.037014,L,0,0.000000,-5.037014,L,0,-5.037014,L
CHI_2020_21_G001,0022000015,2020-12-23,CHI vs. ATL,L,-20,0,RAPTOR_EB,LOW,-2.2,-2.4,-1.237500,-1.250000,2.214715,0.000000,-0.272785,-20.272785,L,0,0.000000,-20.272785,L,0,0.000000,-20.272785,L,0,-20.272785,L
CHI_2020_21_G002,0022000026,2020-12-26,CHI vs. IND,L,-19,0,RAPTOR_EB,LOW,-2.2,-2.4,-1.237500,-1.250000,1.628477,0.000000,-0.859023,-19.859023,L,0,0.000000,-19.859023,L,0,0.000000,-19.859023,L,0,-19.859023,L
CHI_2020_21_G003,0022000038,2020-12-27,CHI vs. GSW,L,-1,1,RAPTOR_EB,LOW,-2.2,-2.4,-1.237500,-1.250000,1.880317,0.000000,-0.607183,-1.607183,L,0,-0.541667,-2.148850,L,0,-1.083333,-2.690516,L,0,-1.607183,L
CHI_2020_21_G004,0022000050,2020-12-29,CHI @ WAS,W,8,0,RAPTOR_EB,LOW,-2.2,-2.4,-1.237500,-1.250000,1.751727,0.000000,-0.735773,7.264227,W,0,0.000000,7.264227,W,0,0.000000,7.264227,W,0,7.264227,W
CHI_2020_21_G005,0022000063,2020-12-31,CHI @ WAS,W,3,0,RAPTOR_EB,LOW,-2.2,-2.4,-1.237500,-1.250000,1.827310,0.038813,-0.621377,2.378623,W,0,0.000000,2.378623,W,0,0.000000,2.378623,W,0,2.339810,W
CHI_2020_21_G006,0022000073,2021-01-01,CHI @ MIL,L,-30,1,RAPTOR_EB,LOW,-2.2,-2.4,-1.237500,-1.250000,1.892173,0.000000,-0.595327,-30.595327,L,0,-0.541667,-31.136993,L,0,-1.083333,-31.678660,L,0,-30.595327,L
CHI_2020_21_G007,0022000090,2021-01-03,CHI vs. DAL,W,10,0,RAPTOR_EB,LOW,-2.2,-2.4,-1.237500,-1.250000,2.105825,0.000000,-0.381675,9.618325,W,0,0.000000,9.618325,W,0,0.000000,9.618325,W,0,9.618325,W
CHI_2020_21_G008,0022000106,2021-01-05,CHI @ POR,W,3,0,RAPTOR_EB,LOW,-2.2,-2.4,-1.237500,-1.250000,2.031055,0.000000,-0.456445,2.543555,W,0,0.000000,2.543555,W,0,0.000000,2.543555,W,0,2.543555,W
CHI_2020_21_G009,0022000117,2021-01-06,CHI @ SAC,L,-4,1,RAPTOR_EB,LOW,-2.2,-2.4,-1.237500,-1.250000,1.954280,0.000000,-0.533220,-4.533220,L,0,-0.541667,-5.074887,L,0,-1.083333,-5.616553,L,0,-4.533220,L
CHI_2020_21_G010,0022000131,2021-01-08,CHI @ LAL,L,-2,0,RAPTOR_EB,LOW,-2.2,-2.4,-1.237500,-1.250000,2.097769,0.000000,-0.389731,-2.389731,L,0,0.000000,-2.389731,L,0,0.000000,-2.389731,L,0,-2.389731,L
CHI_2020_21_G011,0022000142,2021-01-10,CHI @ LAC,L,-3,0,RAPTOR_EB,LOW,-2.2,-2.4,-1.283333,-1.350000,2.290948,0.000000,-0.342386,-3.342386,L,0,0.000000,-3.342386,L,0,0.000000,-3.342386,L,0,-3.342386,L
CHI_2020_21_G012,0022000184,2021-01-15,CHI @ OKC,L,-2,0,RAPTOR_EB,LOW,-2.2,-2.4,-1.283333,-1.350000,2.375732,0.000000,-0.257601,-2.257601,L,0,0.000000,-2.257601,L,0,0.000000,-2.257601,L,0,-2.257601,L
CHI_2020_21_G013,0022000198,2021-01-17,CHI @ DAL,W,16,0,RAPTOR_EB,LOW,-2.2,-2.4,-1.283333,-1.350000,1.276511,0.000000,-1.356822,14.643178,W,0,0.000000,14.643178,W,0,0.000000,14.643178,W,0,14.643178,W
CHI_2020_21_G014,0022000211,2021-01-18,CHI vs. HOU,W,5,1,RAPTOR_EB,LOW,-2.2,-2.4,-1.283333,-1.350000,0.698811,0.000000,-1.934522,3.065478,W,0,-0.572917,2.492561,W,0,-1.145833,1.919644,W,0,3.065478,W
CHI_2020_21_G015,0022000229,2021-01-22,CHI @ CHA,W,13,0,RAPTOR_EB,LOW,-2.2,-2.4,-1.283333,-1.350000,1.456348,0.000000,-1.176986,11.823014,W,0,0.000000,11.823014,W,0,0.000000,11.823014,W,0,11.823014,W
CHI_2020_21_G016,0022000245,2021-01-23,CHI vs. LAL,L,-11,1,RAPTOR_EB,LOW,-2.2,-2.4,-1.283333,-1.350000,2.097577,0.000000,-0.535756,-11.535756,L,0,-0.572917,-12.108673,L,0,-1.145833,-12.681590,L,0,-11.535756,L
CHI_2020_21_G017,0022000262,2021-01-25,CHI vs. BOS,L,-16,0,RAPTOR_EB,LOW,-2.2,-2.4,-1.283333,-1.350000,0.985821,0.000000,-1.647513,-17.647513,L,0,0.000000,-17.647513,L,0,0.000000,-17.647513,L,0,-17.647513,L
CHI_2020_21_G018,0022000298,2021-01-30,CHI vs. POR,L,-1,0,RAPTOR_EB,LOW,-2.2,-2.4,-1.283333,-1.350000,1.786370,0.000000,-0.846963,-1.846963,L,0,0.000000,-1.846963,L,0,0.000000,-1.846963,L,0,-1.846963,L
CHI_2020_21_G019,0022000315,2021-02-01,CHI vs. NYK,W,8,0,RAPTOR_EB,LOW,-2.2,-2.4,-1.329167,-1.450000,2.102520,0.000000,-0.676646,7.323354,W,0,0.000000,7.323354,W,0,0.000000,7.323354,W,0,7.323354,W
CHI_2020_21_G020,0022000332,2021-02-03,CHI vs. NYK,L,-4,0,RAPTOR_EB,LOW,-2.2,-2.4,-1.329167,-1.450000,2.215695,0.000000,-0.563472,-4.563472,L,0,0.000000,-4.563472,L,0,0.000000,-4.563472,L,0,-4.563472,L
CHI_2020_21_G021,0022000344,2021-02-05,CHI @ ORL,L,-4,0,RAPTOR_EB,LOW,-2.2,-2.4,-1.329167,-1.450000,2.004962,0.000000,-0.774204,-4.774204,L,0,0.000000,-4.774204,L,0,0.000000,-4.774204,L,0,-4.774204,L
CHI_2020_21_G022,0022000353,2021-02-06,CHI @ ORL,W,26,1,RAPTOR_EB,LOW,-2.2,-2.4,-1.329167,-1.450000,1.837749,0.000000,-0.941418,25.058582,W,0,-0.604167,24.454415,W,0,-1.208333,23.850249,W,0,25.058582,W
CHI_2020_21_G023,0022000368,2021-02-08,CHI vs. WAS,L,-4,0,RAPTOR_EB,LOW,-2.2,-2.4,-1.329167,-1.450000,1.974770,0.000000,-0.804396,-4.804396,L,0,0.000000,-4.804396,L,0,0.000000,-4.804396,L,0,-4.804396,L
CHI_2020_21_G024,0022000385,2021-02-10,CHI vs. NOP,W,13,0,RAPTOR_EB,LOW,-2.2,-2.4,-1.329167,-1.450000,2.038568,0.000000,-0.740598,12.259402,W,0,0.000000,12.259402,W,0,0.000000,12.259402,W,0,12.259402,W
CHI_2020_21_G025,0022000400,2021-02-12,CHI vs. LAC,L,-19,0,RAPTOR_EB,LOW,-2.2,-2.4,-1.329167,-1.450000,1.836918,0.000000,-0.942249,-19.942249,L,0,0.000000,-19.942249,L,0,0.000000,-19.942249,L,0,-19.942249,L
CHI_2020_21_G026,0022000420,2021-02-15,CHI @ IND,W,8,0,RAPTOR_EB,LOW,-2.2,-2.4,-1.329167,-1.450000,1.732939,0.000000,-1.046227,6.953773,W,0,0.000000,6.953773,W,0,0.000000,6.953773,W,0,6.953773,W
CHI_2020_21_G027,0022000564,2021-02-17,CHI vs. DET,W,3,0,RAPTOR_EB,LOW,-2.2,-2.4,-1.329167,-1.450000,1.711708,0.000000,-1.067459,1.932541,W,0,0.000000,1.932541,W,0,0.000000,1.932541,W,0,1.932541,W
CHI_2020_21_G028,0022000450,2021-02-19,CHI @ PHI,L,-7,0,RAPTOR_EB,LOW,-2.2,-2.4,-1.329167,-1.450000,1.763389,0.000000,-1.015778,-8.015778,L,0,0.000000,-8.015778,L,0,0.000000,-8.015778,L,0,-8.015778,L
CHI_2020_21_G029,0022000460,2021-02-20,CHI vs. SAC,W,8,1,RAPTOR_EB,LOW,-2.2,-2.4,-1.329167,-1.450000,1.968444,0.000000,-0.810723,7.189277,W,0,-0.604167,6.585111,W,0,-1.208333,5.980944,W,0,7.189277,W
CHI_2020_21_G030,0022000474,2021-02-22,CHI @ HOU,W,20,0,RAPTOR_EB,LOW,-2.2,-2.4,-1.329167,-1.450000,1.814033,0.000000,-0.965133,19.034867,W,0,0.000000,19.034867,W,0,0.000000,19.034867,W,0,19.034867,W
CHI_2020_21_G031,0022000493,2021-02-24,CHI vs. MIN,W,7,0,RAPTOR_EB,LOW,-2.2,-2.4,-1.329167,-1.450000,1.638335,0.000000,-1.140831,5.859169,W,0,0.000000,5.859169,W,0,0.000000,5.859169,W,0,5.859169,W
CHI_2020_21_G032,0022000508,2021-02-26,CHI vs. PHX,L,-9,0,RAPTOR_EB,LOW,-2.2,-2.4,-1.329167,-1.450000,1.969186,0.000000,-0.809981,-9.809981,L,0,0.000000,-9.809981,L,0,0.000000,-9.809981,L,0,-9.809981,L
CHI_2020_21_G033,0022000531,2021-03-01,CHI vs. DEN,L,-6,0,RAPTOR_EB,LOW,-2.2,-2.4,-1.329167,-1.450000,1.933612,0.000000,-0.845555,-6.845555,L,0,0.000000,-6.845555,L,0,0.000000,-6.845555,L,0,-6.845555,L
CHI_2020_21_G034,0022000548,2021-03-03,CHI @ NOP,W,4,0,RAPTOR_EB,LOW,-2.2,-2.4,-1.329167,-1.450000,1.459336,0.000000,-1.319831,2.680169,W,0,0.000000,2.680169,W,0,0.000000,2.680169,W,0,2.680169,W
CHI_2020_21_G035,0022000572,2021-03-11,CHI vs. PHI,L,-22,0,RAPTOR_EB,LOW,-2.2,-2.4,-1.329167,-1.450000,1.752859,0.000000,-1.026308,-23.026308,L,0,0.000000,-23.026308,L,0,0.000000,-23.026308,L,0,-23.026308,L
CHI_2020_21_G036,0022000582,2021-03-12,CHI vs. MIA,L,-11,1,RAPTOR_EB,LOW,-2.2,-2.4,-1.329167,-1.450000,1.751313,-0.038813,-1.066666,-12.066666,L,0,-0.604167,-12.670833,L,0,-1.208333,-13.274999,L,0,-12.027853,L
CHI_2020_21_G037,0022000600,2021-03-14,CHI vs. TOR,W,23,0,RAPTOR_EB,LOW,-2.2,-2.4,-1.329167,-1.450000,1.597808,0.000000,-1.181359,21.818641,W,0,0.000000,21.818641,W,0,0.000000,21.818641,W,0,21.818641,W
CHI_2020_21_G038,0022000612,2021-03-16,CHI vs. OKC,W,21,0,RAPTOR_EB,LOW,-2.2,-2.4,-1.329167,-1.450000,1.254880,0.000000,-1.524287,19.475713,W,0,0.000000,19.475713,W,0,0.000000,19.475713,W,0,19.475713,W
CHI_2020_21_G039,0022000621,2021-03-17,CHI vs. SAS,L,-7,1,RAPTOR_EB,LOW,-2.2,-2.4,-1.329167,-1.450000,1.609659,0.000000,-1.169508,-8.169508,L,0,-0.604167,-8.773674,L,0,-1.208333,-9.377841,L,0,-8.169508,L
CHI_2020_21_G040,0022000637,2021-03-19,CHI @ DEN,L,-4,0,RAPTOR_EB,LOW,-2.2,-2.4,-1.329167,-1.450000,1.371357,0.000000,-1.407810,-5.407810,L,0,0.000000,-5.407810,L,0,0.000000,-5.407810,L,0,-5.407810,L
CHI_2020_21_G041,0022000649,2021-03-21,CHI @ DET,W,14,0,RAPTOR_EB,LOW,-2.2,-2.4,-1.329167,-1.450000,1.792197,0.000000,-0.986970,13.013030,W,0,0.000000,13.013030,W,0,0.000000,13.013030,W,0,13.013030,W
CHI_2020_21_G042,0022000656,2021-03-22,CHI vs. UTA,L,-25,1,RAPTOR_EB,LOW,-2.2,-2.4,-1.329167,-1.450000,1.761981,0.000000,-1.017185,-26.017185,L,0,-0.604167,-26.621352,L,0,-1.208333,-27.225519,L,0,-26.017185,L
CHI_2020_21_G043,0022000671,2021-03-24,CHI vs. CLE,L,-9,0,RAPTOR_EB,LOW,-2.2,-2.4,-1.329167,-1.450000,1.831294,0.000000,-0.947873,-9.947873,L,0,0.000000,-9.947873,L,0,0.000000,-9.947873,L,0,-9.947873,L
CHI_2020_21_G001,0022000015,2020-12-23,CHI vs. ATL,L,-20,0,RAPTOR_EB,BASE,-0.8,-0.5,-0.450000,-0.260417,2.214715,0.000000,1.504298,-18.495702,L,0,0.000000,-18.495702,L,0,0.000000,-18.495702,L,0,-18.495702,L
CHI_2020_21_G002,0022000026,2020-12-26,CHI vs. IND,L,-19,0,RAPTOR_EB,BASE,-0.8,-0.5,-0.450000,-0.260417,1.628477,0.000000,0.918060,-18.081940,L,0,0.000000,-18.081940,L,0,0.000000,-18.081940,L,0,-18.081940,L
CHI_2020_21_G003,0022000038,2020-12-27,CHI vs. GSW,L,-1,1,RAPTOR_EB,BASE,-0.8,-0.5,-0.450000,-0.260417,1.880317,0.000000,1.169900,0.169900,W,1,-0.541667,-0.371766,L,0,-1.083333,-0.913433,L,0,0.169900,W
CHI_2020_21_G004,0022000050,2020-12-29,CHI @ WAS,W,8,0,RAPTOR_EB,BASE,-0.8,-0.5,-0.450000,-0.260417,1.751727,0.000000,1.041310,9.041310,W,0,0.000000,9.041310,W,0,0.000000,9.041310,W,0,9.041310,W
CHI_2020_21_G005,0022000063,2020-12-31,CHI @ WAS,W,3,0,RAPTOR_EB,BASE,-0.8,-0.5,-0.450000,-0.260417,1.827310,0.038813,1.155706,4.155706,W,0,0.000000,4.155706,W,0,0.000000,4.155706,W,0,4.116894,W
CHI_2020_21_G006,0022000073,2021-01-01,CHI @ MIL,L,-30,1,RAPTOR_EB,BASE,-0.8,-0.5,-0.450000,-0.260417,1.892173,0.000000,1.181757,-28.818243,L,0,-0.541667,-29.359910,L,0,-1.083333,-29.901577,L,0,-28.818243,L
CHI_2020_21_G007,0022000090,2021-01-03,CHI vs. DAL,W,10,0,RAPTOR_EB,BASE,-0.8,-0.5,-0.450000,-0.260417,2.105825,0.000000,1.395408,11.395408,W,0,0.000000,11.395408,W,0,0.000000,11.395408,W,0,11.395408,W
CHI_2020_21_G008,0022000106,2021-01-05,CHI @ POR,W,3,0,RAPTOR_EB,BASE,-0.8,-0.5,-0.450000,-0.260417,2.031055,0.000000,1.320638,4.320638,W,0,0.000000,4.320638,W,0,0.000000,4.320638,W,0,4.320638,W
CHI_2020_21_G009,0022000117,2021-01-06,CHI @ SAC,L,-4,1,RAPTOR_EB,BASE,-0.8,-0.5,-0.450000,-0.260417,1.954280,0.000000,1.243863,-2.756137,L,0,-0.541667,-3.297803,L,0,-1.083333,-3.839470,L,0,-2.756137,L
CHI_2020_21_G010,0022000131,2021-01-08,CHI @ LAL,L,-2,0,RAPTOR_EB,BASE,-0.8,-0.5,-0.450000,-0.260417,2.097769,0.000000,1.387352,-0.612648,L,0,0.000000,-0.612648,L,0,0.000000,-0.612648,L,0,-0.612648,L
CHI_2020_21_G011,0022000142,2021-01-10,CHI @ LAC,L,-3,0,RAPTOR_EB,BASE,-0.8,-0.5,-0.466667,-0.281250,2.290948,0.000000,1.543031,-1.456969,L,0,0.000000,-1.456969,L,0,0.000000,-1.456969,L,0,-1.456969,L
CHI_2020_21_G012,0022000184,2021-01-15,CHI @ OKC,L,-2,0,RAPTOR_EB,BASE,-0.8,-0.5,-0.466667,-0.281250,2.375732,0.000000,1.627815,-0.372185,L,0,0.000000,-0.372185,L,0,0.000000,-0.372185,L,0,-0.372185,L
CHI_2020_21_G013,0022000198,2021-01-17,CHI @ DAL,W,16,0,RAPTOR_EB,BASE,-0.8,-0.5,-0.466667,-0.281250,1.276511,0.000000,0.528594,16.528594,W,0,0.000000,16.528594,W,0,0.000000,16.528594,W,0,16.528594,W
CHI_2020_21_G014,0022000211,2021-01-18,CHI vs. HOU,W,5,1,RAPTOR_EB,BASE,-0.8,-0.5,-0.466667,-0.281250,0.698811,0.000000,-0.049106,4.950894,W,0,-0.572917,4.377978,W,0,-1.145833,3.805061,W,0,4.950894,W
CHI_2020_21_G015,0022000229,2021-01-22,CHI @ CHA,W,13,0,RAPTOR_EB,BASE,-0.8,-0.5,-0.466667,-0.281250,1.456348,0.000000,0.708431,13.708431,W,0,0.000000,13.708431,W,0,0.000000,13.708431,W,0,13.708431,W
CHI_2020_21_G016,0022000245,2021-01-23,CHI vs. LAL,L,-11,1,RAPTOR_EB,BASE,-0.8,-0.5,-0.466667,-0.281250,2.097577,0.000000,1.349660,-9.650340,L,0,-0.572917,-10.223256,L,0,-1.145833,-10.796173,L,0,-9.650340,L
CHI_2020_21_G017,0022000262,2021-01-25,CHI vs. BOS,L,-16,0,RAPTOR_EB,BASE,-0.8,-0.5,-0.466667,-0.281250,0.985821,0.000000,0.237904,-15.762096,L,0,0.000000,-15.762096,L,0,0.000000,-15.762096,L,0,-15.762096,L
CHI_2020_21_G018,0022000298,2021-01-30,CHI vs. POR,L,-1,0,RAPTOR_EB,BASE,-0.8,-0.5,-0.466667,-0.281250,1.786370,0.000000,1.038454,0.038454,W,1,0.000000,0.038454,W,1,0.000000,0.038454,W,1,0.038454,W
CHI_2020_21_G019,0022000315,2021-02-01,CHI vs. NYK,W,8,0,RAPTOR_EB,BASE,-0.8,-0.5,-0.483333,-0.302083,2.102520,0.000000,1.317104,9.317104,W,0,0.000000,9.317104,W,0,0.000000,9.317104,W,0,9.317104,W
CHI_2020_21_G020,0022000332,2021-02-03,CHI vs. NYK,L,-4,0,RAPTOR_EB,BASE,-0.8,-0.5,-0.483333,-0.302083,2.215695,0.000000,1.430278,-2.569722,L,0,0.000000,-2.569722,L,0,0.000000,-2.569722,L,0,-2.569722,L
CHI_2020_21_G021,0022000344,2021-02-05,CHI @ ORL,L,-4,0,RAPTOR_EB,BASE,-0.8,-0.5,-0.483333,-0.302083,2.004962,0.000000,1.219546,-2.780454,L,0,0.000000,-2.780454,L,0,0.000000,-2.780454,L,0,-2.780454,L
CHI_2020_21_G022,0022000353,2021-02-06,CHI @ ORL,W,26,1,RAPTOR_EB,BASE,-0.8,-0.5,-0.483333,-0.302083,1.837749,0.000000,1.052332,27.052332,W,0,-0.604167,26.448165,W,0,-1.208333,25.843999,W,0,27.052332,W
CHI_2020_21_G023,0022000368,2021-02-08,CHI vs. WAS,L,-4,0,RAPTOR_EB,BASE,-0.8,-0.5,-0.483333,-0.302083,1.974770,0.000000,1.189354,-2.810646,L,0,0.000000,-2.810646,L,0,0.000000,-2.810646,L,0,-2.810646,L
CHI_2020_21_G024,0022000385,2021-02-10,CHI vs. NOP,W,13,0,RAPTOR_EB,BASE,-0.8,-0.5,-0.483333,-0.302083,2.038568,0.000000,1.253152,14.253152,W,0,0.000000,14.253152,W,0,0.000000,14.253152,W,0,14.253152,W
CHI_2020_21_G025,0022000400,2021-02-12,CHI vs. LAC,L,-19,0,RAPTOR_EB,BASE,-0.8,-0.5,-0.483333,-0.302083,1.836918,0.000000,1.051501,-17.948499,L,0,0.000000,-17.948499,L,0,0.000000,-17.948499,L,0,-17.948499,L
CHI_2020_21_G026,0022000420,2021-02-15,CHI @ IND,W,8,0,RAPTOR_EB,BASE,-0.8,-0.5,-0.483333,-0.302083,1.732939,0.000000,0.947523,8.947523,W,0,0.000000,8.947523,W,0,0.000000,8.947523,W,0,8.947523,W
CHI_2020_21_G027,0022000564,2021-02-17,CHI vs. DET,W,3,0,RAPTOR_EB,BASE,-0.8,-0.5,-0.483333,-0.302083,1.711708,0.000000,0.926291,3.926291,W,0,0.000000,3.926291,W,0,0.000000,3.926291,W,0,3.926291,W
CHI_2020_21_G028,0022000450,2021-02-19,CHI @ PHI,L,-7,0,RAPTOR_EB,BASE,-0.8,-0.5,-0.483333,-0.302083,1.763389,0.000000,0.977972,-6.022028,L,0,0.000000,-6.022028,L,0,0.000000,-6.022028,L,0,-6.022028,L
CHI_2020_21_G029,0022000460,2021-02-20,CHI vs. SAC,W,8,1,RAPTOR_EB,BASE,-0.8,-0.5,-0.483333,-0.302083,1.968444,0.000000,1.183027,9.183027,W,0,-0.604167,8.578861,W,0,-1.208333,7.974694,W,0,9.183027,W
CHI_2020_21_G030,0022000474,2021-02-22,CHI @ HOU,W,20,0,RAPTOR_EB,BASE,-0.8,-0.5,-0.483333,-0.302083,1.814033,0.000000,1.028617,21.028617,W,0,0.000000,21.028617,W,0,0.000000,21.028617,W,0,21.028617,W
CHI_2020_21_G031,0022000493,2021-02-24,CHI vs. MIN,W,7,0,RAPTOR_EB,BASE,-0.8,-0.5,-0.483333,-0.302083,1.638335,0.000000,0.852919,7.852919,W,0,0.000000,7.852919,W,0,0.000000,7.852919,W,0,7.852919,W
CHI_2020_21_G032,0022000508,2021-02-26,CHI vs. PHX,L,-9,0,RAPTOR_EB,BASE,-0.8,-0.5,-0.483333,-0.302083,1.969186,0.000000,1.183769,-7.816231,L,0,0.000000,-7.816231,L,0,0.000000,-7.816231,L,0,-7.816231,L
CHI_2020_21_G033,0022000531,2021-03-01,CHI vs. DEN,L,-6,0,RAPTOR_EB,BASE,-0.8,-0.5,-0.483333,-0.302083,1.933612,0.000000,1.148195,-4.851805,L,0,0.000000,-4.851805,L,0,0.000000,-4.851805,L,0,-4.851805,L
CHI_2020_21_G034,0022000548,2021-03-03,CHI @ NOP,W,4,0,RAPTOR_EB,BASE,-0.8,-0.5,-0.483333,-0.302083,1.459336,0.000000,0.673919,4.673919,W,0,0.000000,4.673919,W,0,0.000000,4.673919,W,0,4.673919,W
CHI_2020_21_G035,0022000572,2021-03-11,CHI vs. PHI,L,-22,0,RAPTOR_EB,BASE,-0.8,-0.5,-0.483333,-0.302083,1.752859,0.000000,0.967442,-21.032558,L,0,0.000000,-21.032558,L,0,0.000000,-21.032558,L,0,-21.032558,L
CHI_2020_21_G036,0022000582,2021-03-12,CHI vs. MIA,L,-11,1,RAPTOR_EB,BASE,-0.8,-0.5,-0.483333,-0.302083,1.751313,-0.038813,0.927084,-10.072916,L,0,-0.604167,-10.677083,L,0,-1.208333,-11.281249,L,0,-10.034103,L
CHI_2020_21_G037,0022000600,2021-03-14,CHI vs. TOR,W,23,0,RAPTOR_EB,BASE,-0.8,-0.5,-0.483333,-0.302083,1.597808,0.000000,0.812391,23.812391,W,0,0.000000,23.812391,W,0,0.000000,23.812391,W,0,23.812391,W
CHI_2020_21_G038,0022000612,2021-03-16,CHI vs. OKC,W,21,0,RAPTOR_EB,BASE,-0.8,-0.5,-0.483333,-0.302083,1.254880,0.000000,0.469463,21.469463,W,0,0.000000,21.469463,W,0,0.000000,21.469463,W,0,21.469463,W
CHI_2020_21_G039,0022000621,2021-03-17,CHI vs. SAS,L,-7,1,RAPTOR_EB,BASE,-0.8,-0.5,-0.483333,-0.302083,1.609659,0.000000,0.824242,-6.175758,L,0,-0.604167,-6.779924,L,0,-1.208333,-7.384091,L,0,-6.175758,L
CHI_2020_21_G040,0022000637,2021-03-19,CHI @ DEN,L,-4,0,RAPTOR_EB,BASE,-0.8,-0.5,-0.483333,-0.302083,1.371357,0.000000,0.585940,-3.414060,L,0,0.000000,-3.414060,L,0,0.000000,-3.414060,L,0,-3.414060,L
CHI_2020_21_G041,0022000649,2021-03-21,CHI @ DET,W,14,0,RAPTOR_EB,BASE,-0.8,-0.5,-0.483333,-0.302083,1.792197,0.000000,1.006780,15.006780,W,0,0.000000,15.006780,W,0,0.000000,15.006780,W,0,15.006780,W
CHI_2020_21_G042,0022000656,2021-03-22,CHI vs. UTA,L,-25,1,RAPTOR_EB,BASE,-0.8,-0.5,-0.483333,-0.302083,1.761981,0.000000,0.976565,-24.023435,L,0,-0.604167,-24.627602,L,0,-1.208333,-25.231769,L,0,-24.023435,L
CHI_2020_21_G043,0022000671,2021-03-24,CHI vs. CLE,L,-9,0,RAPTOR_EB,BASE,-0.8,-0.5,-0.483333,-0.302083,1.831294,0.000000,1.045877,-7.954123,L,0,0.000000,-7.954123,L,0,0.000000,-7.954123,L,0,-7.954123,L
CHI_2020_21_G001,0022000015,2020-12-23,CHI vs. ATL,L,-20,0,RAPTOR_EB,HIGH,0.6,0.3,0.337500,0.156250,2.214715,0.000000,2.708465,-17.291535,L,0,0.000000,-17.291535,L,0,0.000000,-17.291535,L,0,-17.291535,L
CHI_2020_21_G002,0022000026,2020-12-26,CHI vs. IND,L,-19,0,RAPTOR_EB,HIGH,0.6,0.3,0.337500,0.156250,1.628477,0.000000,2.122227,-16.877773,L,0,0.000000,-16.877773,L,0,0.000000,-16.877773,L,0,-16.877773,L
CHI_2020_21_G003,0022000038,2020-12-27,CHI vs. GSW,L,-1,1,RAPTOR_EB,HIGH,0.6,0.3,0.337500,0.156250,1.880317,0.000000,2.374067,1.374067,W,1,-0.541667,0.832400,W,1,-1.083333,0.290734,W,1,1.374067,W
CHI_2020_21_G004,0022000050,2020-12-29,CHI @ WAS,W,8,0,RAPTOR_EB,HIGH,0.6,0.3,0.337500,0.156250,1.751727,0.000000,2.245477,10.245477,W,0,0.000000,10.245477,W,0,0.000000,10.245477,W,0,10.245477,W
CHI_2020_21_G005,0022000063,2020-12-31,CHI @ WAS,W,3,0,RAPTOR_EB,HIGH,0.6,0.3,0.337500,0.156250,1.827310,0.038813,2.359873,5.359873,W,0,0.000000,5.359873,W,0,0.000000,5.359873,W,0,5.321060,W
CHI_2020_21_G006,0022000073,2021-01-01,CHI @ MIL,L,-30,1,RAPTOR_EB,HIGH,0.6,0.3,0.337500,0.156250,1.892173,0.000000,2.385923,-27.614077,L,0,-0.541667,-28.155743,L,0,-1.083333,-28.697410,L,0,-27.614077,L
CHI_2020_21_G007,0022000090,2021-01-03,CHI vs. DAL,W,10,0,RAPTOR_EB,HIGH,0.6,0.3,0.337500,0.156250,2.105825,0.000000,2.599575,12.599575,W,0,0.000000,12.599575,W,0,0.000000,12.599575,W,0,12.599575,W
CHI_2020_21_G008,0022000106,2021-01-05,CHI @ POR,W,3,0,RAPTOR_EB,HIGH,0.6,0.3,0.337500,0.156250,2.031055,0.000000,2.524805,5.524805,W,0,0.000000,5.524805,W,0,0.000000,5.524805,W,0,5.524805,W
CHI_2020_21_G009,0022000117,2021-01-06,CHI @ SAC,L,-4,1,RAPTOR_EB,HIGH,0.6,0.3,0.337500,0.156250,1.954280,0.000000,2.448030,-1.551970,L,0,-0.541667,-2.093637,L,0,-1.083333,-2.635303,L,0,-1.551970,L
CHI_2020_21_G010,0022000131,2021-01-08,CHI @ LAL,L,-2,0,RAPTOR_EB,HIGH,0.6,0.3,0.337500,0.156250,2.097769,0.000000,2.591519,0.591519,W,1,0.000000,0.591519,W,1,0.000000,0.591519,W,1,0.591519,W
CHI_2020_21_G011,0022000142,2021-01-10,CHI @ LAC,L,-3,0,RAPTOR_EB,HIGH,0.6,0.3,0.350000,0.168750,2.290948,0.000000,2.809698,-0.190302,L,0,0.000000,-0.190302,L,0,0.000000,-0.190302,L,0,-0.190302,L
CHI_2020_21_G012,0022000184,2021-01-15,CHI @ OKC,L,-2,0,RAPTOR_EB,HIGH,0.6,0.3,0.350000,0.168750,2.375732,0.000000,2.894482,0.894482,W,1,0.000000,0.894482,W,1,0.000000,0.894482,W,1,0.894482,W
CHI_2020_21_G013,0022000198,2021-01-17,CHI @ DAL,W,16,0,RAPTOR_EB,HIGH,0.6,0.3,0.350000,0.168750,1.276511,0.000000,1.795261,17.795261,W,0,0.000000,17.795261,W,0,0.000000,17.795261,W,0,17.795261,W
CHI_2020_21_G014,0022000211,2021-01-18,CHI vs. HOU,W,5,1,RAPTOR_EB,HIGH,0.6,0.3,0.350000,0.168750,0.698811,0.000000,1.217561,6.217561,W,0,-0.572917,5.644644,W,0,-1.145833,5.071728,W,0,6.217561,W
CHI_2020_21_G015,0022000229,2021-01-22,CHI @ CHA,W,13,0,RAPTOR_EB,HIGH,0.6,0.3,0.350000,0.168750,1.456348,0.000000,1.975098,14.975098,W,0,0.000000,14.975098,W,0,0.000000,14.975098,W,0,14.975098,W
CHI_2020_21_G016,0022000245,2021-01-23,CHI vs. LAL,L,-11,1,RAPTOR_EB,HIGH,0.6,0.3,0.350000,0.168750,2.097577,0.000000,2.616327,-8.383673,L,0,-0.572917,-8.956590,L,0,-1.145833,-9.529506,L,0,-8.383673,L
CHI_2020_21_G017,0022000262,2021-01-25,CHI vs. BOS,L,-16,0,RAPTOR_EB,HIGH,0.6,0.3,0.350000,0.168750,0.985821,0.000000,1.504571,-14.495429,L,0,0.000000,-14.495429,L,0,0.000000,-14.495429,L,0,-14.495429,L
CHI_2020_21_G018,0022000298,2021-01-30,CHI vs. POR,L,-1,0,RAPTOR_EB,HIGH,0.6,0.3,0.350000,0.168750,1.786370,0.000000,2.305120,1.305120,W,1,0.000000,1.305120,W,1,0.000000,1.305120,W,1,1.305120,W
CHI_2020_21_G019,0022000315,2021-02-01,CHI vs. NYK,W,8,0,RAPTOR_EB,HIGH,0.6,0.3,0.362500,0.181250,2.102520,0.000000,2.646270,10.646270,W,0,0.000000,10.646270,W,0,0.000000,10.646270,W,0,10.646270,W
CHI_2020_21_G020,0022000332,2021-02-03,CHI vs. NYK,L,-4,0,RAPTOR_EB,HIGH,0.6,0.3,0.362500,0.181250,2.215695,0.000000,2.759445,-1.240555,L,0,0.000000,-1.240555,L,0,0.000000,-1.240555,L,0,-1.240555,L
CHI_2020_21_G021,0022000344,2021-02-05,CHI @ ORL,L,-4,0,RAPTOR_EB,HIGH,0.6,0.3,0.362500,0.181250,2.004962,0.000000,2.548712,-1.451288,L,0,0.000000,-1.451288,L,0,0.000000,-1.451288,L,0,-1.451288,L
CHI_2020_21_G022,0022000353,2021-02-06,CHI @ ORL,W,26,1,RAPTOR_EB,HIGH,0.6,0.3,0.362500,0.181250,1.837749,0.000000,2.381499,28.381499,W,0,-0.604167,27.777332,W,0,-1.208333,27.173165,W,0,28.381499,W
CHI_2020_21_G023,0022000368,2021-02-08,CHI vs. WAS,L,-4,0,RAPTOR_EB,HIGH,0.6,0.3,0.362500,0.181250,1.974770,0.000000,2.518520,-1.481480,L,0,0.000000,-1.481480,L,0,0.000000,-1.481480,L,0,-1.481480,L
CHI_2020_21_G024,0022000385,2021-02-10,CHI vs. NOP,W,13,0,RAPTOR_EB,HIGH,0.6,0.3,0.362500,0.181250,2.038568,0.000000,2.582318,15.582318,W,0,0.000000,15.582318,W,0,0.000000,15.582318,W,0,15.582318,W
CHI_2020_21_G025,0022000400,2021-02-12,CHI vs. LAC,L,-19,0,RAPTOR_EB,HIGH,0.6,0.3,0.362500,0.181250,1.836918,0.000000,2.380668,-16.619332,L,0,0.000000,-16.619332,L,0,0.000000,-16.619332,L,0,-16.619332,L
CHI_2020_21_G026,0022000420,2021-02-15,CHI @ IND,W,8,0,RAPTOR_EB,HIGH,0.6,0.3,0.362500,0.181250,1.732939,0.000000,2.276689,10.276689,W,0,0.000000,10.276689,W,0,0.000000,10.276689,W,0,10.276689,W
CHI_2020_21_G027,0022000564,2021-02-17,CHI vs. DET,W,3,0,RAPTOR_EB,HIGH,0.6,0.3,0.362500,0.181250,1.711708,0.000000,2.255458,5.255458,W,0,0.000000,5.255458,W,0,0.000000,5.255458,W,0,5.255458,W
CHI_2020_21_G028,0022000450,2021-02-19,CHI @ PHI,L,-7,0,RAPTOR_EB,HIGH,0.6,0.3,0.362500,0.181250,1.763389,0.000000,2.307139,-4.692861,L,0,0.000000,-4.692861,L,0,0.000000,-4.692861,L,0,-4.692861,L
CHI_2020_21_G029,0022000460,2021-02-20,CHI vs. SAC,W,8,1,RAPTOR_EB,HIGH,0.6,0.3,0.362500,0.181250,1.968444,0.000000,2.512194,10.512194,W,0,-0.604167,9.908027,W,0,-1.208333,9.303861,W,0,10.512194,W
CHI_2020_21_G030,0022000474,2021-02-22,CHI @ HOU,W,20,0,RAPTOR_EB,HIGH,0.6,0.3,0.362500,0.181250,1.814033,0.000000,2.357783,22.357783,W,0,0.000000,22.357783,W,0,0.000000,22.357783,W,0,22.357783,W
CHI_2020_21_G031,0022000493,2021-02-24,CHI vs. MIN,W,7,0,RAPTOR_EB,HIGH,0.6,0.3,0.362500,0.181250,1.638335,0.000000,2.182085,9.182085,W,0,0.000000,9.182085,W,0,0.000000,9.182085,W,0,9.182085,W
CHI_2020_21_G032,0022000508,2021-02-26,CHI vs. PHX,L,-9,0,RAPTOR_EB,HIGH,0.6,0.3,0.362500,0.181250,1.969186,0.000000,2.512936,-6.487064,L,0,0.000000,-6.487064,L,0,0.000000,-6.487064,L,0,-6.487064,L
CHI_2020_21_G033,0022000531,2021-03-01,CHI vs. DEN,L,-6,0,RAPTOR_EB,HIGH,0.6,0.3,0.362500,0.181250,1.933612,0.000000,2.477362,-3.522638,L,0,0.000000,-3.522638,L,0,0.000000,-3.522638,L,0,-3.522638,L
CHI_2020_21_G034,0022000548,2021-03-03,CHI @ NOP,W,4,0,RAPTOR_EB,HIGH,0.6,0.3,0.362500,0.181250,1.459336,0.000000,2.003086,6.003086,W,0,0.000000,6.003086,W,0,0.000000,6.003086,W,0,6.003086,W
CHI_2020_21_G035,0022000572,2021-03-11,CHI vs. PHI,L,-22,0,RAPTOR_EB,HIGH,0.6,0.3,0.362500,0.181250,1.752859,0.000000,2.296609,-19.703391,L,0,0.000000,-19.703391,L,0,0.000000,-19.703391,L,0,-19.703391,L
CHI_2020_21_G036,0022000582,2021-03-12,CHI vs. MIA,L,-11,1,RAPTOR_EB,HIGH,0.6,0.3,0.362500,0.181250,1.751313,-0.038813,2.256251,-8.743749,L,0,-0.604167,-9.347916,L,0,-1.208333,-9.952083,L,0,-8.704937,L
CHI_2020_21_G037,0022000600,2021-03-14,CHI vs. TOR,W,23,0,RAPTOR_EB,HIGH,0.6,0.3,0.362500,0.181250,1.597808,0.000000,2.141558,25.141558,W,0,0.000000,25.141558,W,0,0.000000,25.141558,W,0,25.141558,W
CHI_2020_21_G038,0022000612,2021-03-16,CHI vs. OKC,W,21,0,RAPTOR_EB,HIGH,0.6,0.3,0.362500,0.181250,1.254880,0.000000,1.798630,22.798630,W,0,0.000000,22.798630,W,0,0.000000,22.798630,W,0,22.798630,W
CHI_2020_21_G039,0022000621,2021-03-17,CHI vs. SAS,L,-7,1,RAPTOR_EB,HIGH,0.6,0.3,0.362500,0.181250,1.609659,0.000000,2.153409,-4.846591,L,0,-0.604167,-5.450758,L,0,-1.208333,-6.054924,L,0,-4.846591,L
CHI_2020_21_G040,0022000637,2021-03-19,CHI @ DEN,L,-4,0,RAPTOR_EB,HIGH,0.6,0.3,0.362500,0.181250,1.371357,0.000000,1.915107,-2.084893,L,0,0.000000,-2.084893,L,0,0.000000,-2.084893,L,0,-2.084893,L
CHI_2020_21_G041,0022000649,2021-03-21,CHI @ DET,W,14,0,RAPTOR_EB,HIGH,0.6,0.3,0.362500,0.181250,1.792197,0.000000,2.335947,16.335947,W,0,0.000000,16.335947,W,0,0.000000,16.335947,W,0,16.335947,W
CHI_2020_21_G042,0022000656,2021-03-22,CHI vs. UTA,L,-25,1,RAPTOR_EB,HIGH,0.6,0.3,0.362500,0.181250,1.761981,0.000000,2.305731,-22.694269,L,0,-0.604167,-23.298435,L,0,-1.208333,-23.902602,L,0,-22.694269,L
CHI_2020_21_G043,0022000671,2021-03-24,CHI vs. CLE,L,-9,0,RAPTOR_EB,HIGH,0.6,0.3,0.362500,0.181250,1.831294,0.000000,2.375044,-6.624956,L,0,0.000000,-6.624956,L,0,0.000000,-6.624956,L,0,-6.624956,L
CHI_2020_21_G001,0022000015,2020-12-23,CHI vs. ATL,L,-20,0,E_NET_EB,LOW,-4.6,-5.5,-2.587500,-2.864583,1.972023,0.000000,-3.480060,-23.480060,L,0,0.000000,-23.480060,L,0,0.000000,-23.480060,L,0,-23.480060,L
CHI_2020_21_G002,0022000026,2020-12-26,CHI vs. IND,L,-19,0,E_NET_EB,LOW,-4.6,-5.5,-2.587500,-2.864583,0.990272,0.000000,-4.461812,-23.461812,L,0,0.000000,-23.461812,L,0,0.000000,-23.461812,L,0,-23.461812,L
CHI_2020_21_G003,0022000038,2020-12-27,CHI vs. GSW,L,-1,1,E_NET_EB,LOW,-4.6,-5.5,-2.587500,-2.864583,1.354299,0.000000,-4.097785,-5.097785,L,0,-0.541667,-5.639451,L,0,-1.083333,-6.181118,L,0,-5.097785,L
CHI_2020_21_G004,0022000050,2020-12-29,CHI @ WAS,W,8,0,E_NET_EB,LOW,-4.6,-5.5,-2.587500,-2.864583,1.467476,0.000000,-3.984608,4.015392,W,0,0.000000,4.015392,W,0,0.000000,4.015392,W,0,4.015392,W
CHI_2020_21_G005,0022000063,2020-12-31,CHI @ WAS,W,3,0,E_NET_EB,LOW,-4.6,-5.5,-2.587500,-2.864583,1.429816,0.033752,-3.988515,-0.988515,L,1,0.000000,-0.988515,L,1,0.000000,-0.988515,L,1,-1.022267,L
CHI_2020_21_G006,0022000073,2021-01-01,CHI @ MIL,L,-30,1,E_NET_EB,LOW,-4.6,-5.5,-2.587500,-2.864583,1.325659,0.000000,-4.126425,-34.126425,L,0,-0.541667,-34.668091,L,0,-1.083333,-35.209758,L,0,-34.126425,L
CHI_2020_21_G007,0022000090,2021-01-03,CHI vs. DAL,W,10,0,E_NET_EB,LOW,-4.6,-5.5,-2.587500,-2.864583,1.870589,0.000000,-3.581494,6.418506,W,0,0.000000,6.418506,W,0,0.000000,6.418506,W,0,6.418506,W
CHI_2020_21_G008,0022000106,2021-01-05,CHI @ POR,W,3,0,E_NET_EB,LOW,-4.6,-5.5,-2.587500,-2.864583,1.667721,0.000000,-3.784362,-0.784362,L,1,0.000000,-0.784362,L,1,0.000000,-0.784362,L,1,-0.784362,L
CHI_2020_21_G009,0022000117,2021-01-06,CHI @ SAC,L,-4,1,E_NET_EB,LOW,-4.6,-5.5,-2.587500,-2.864583,1.487532,0.000000,-3.964552,-7.964552,L,0,-0.541667,-8.506218,L,0,-1.083333,-9.047885,L,0,-7.964552,L
CHI_2020_21_G010,0022000131,2021-01-08,CHI @ LAL,L,-2,0,E_NET_EB,LOW,-4.6,-5.5,-2.587500,-2.864583,1.537240,0.000000,-3.914843,-5.914843,L,0,0.000000,-5.914843,L,0,0.000000,-5.914843,L,0,-5.914843,L
CHI_2020_21_G011,0022000142,2021-01-10,CHI @ LAC,L,-3,0,E_NET_EB,LOW,-4.6,-5.5,-2.683333,-3.093750,1.917805,0.000000,-3.859279,-6.859279,L,0,0.000000,-6.859279,L,0,0.000000,-6.859279,L,0,-6.859279,L
CHI_2020_21_G012,0022000184,2021-01-15,CHI @ OKC,L,-2,0,E_NET_EB,LOW,-4.6,-5.5,-2.683333,-3.093750,2.229849,0.000000,-3.547235,-5.547235,L,0,0.000000,-5.547235,L,0,0.000000,-5.547235,L,0,-5.547235,L
CHI_2020_21_G013,0022000198,2021-01-17,CHI @ DAL,W,16,0,E_NET_EB,LOW,-4.6,-5.5,-2.683333,-3.093750,1.064310,0.000000,-4.712773,11.287227,W,0,0.000000,11.287227,W,0,0.000000,11.287227,W,0,11.287227,W
CHI_2020_21_G014,0022000211,2021-01-18,CHI vs. HOU,W,5,1,E_NET_EB,LOW,-4.6,-5.5,-2.683333,-3.093750,-0.355251,0.000000,-6.132334,-1.132334,L,1,-0.572917,-1.705251,L,1,-1.145833,-2.278167,L,1,-1.132334,L
CHI_2020_21_G015,0022000229,2021-01-22,CHI @ CHA,W,13,0,E_NET_EB,LOW,-4.6,-5.5,-2.683333,-3.093750,0.532151,0.000000,-5.244933,7.755067,W,0,0.000000,7.755067,W,0,0.000000,7.755067,W,0,7.755067,W
CHI_2020_21_G016,0022000245,2021-01-23,CHI vs. LAL,L,-11,1,E_NET_EB,LOW,-4.6,-5.5,-2.683333,-3.093750,1.765759,0.000000,-4.011324,-15.011324,L,0,-0.572917,-15.584241,L,0,-1.145833,-16.157158,L,0,-15.011324,L
CHI_2020_21_G017,0022000262,2021-01-25,CHI vs. BOS,L,-16,0,E_NET_EB,LOW,-4.6,-5.5,-2.683333,-3.093750,-0.502618,0.000000,-6.279701,-22.279701,L,0,0.000000,-22.279701,L,0,0.000000,-22.279701,L,0,-22.279701,L
CHI_2020_21_G018,0022000298,2021-01-30,CHI vs. POR,L,-1,0,E_NET_EB,LOW,-4.6,-5.5,-2.683333,-3.093750,1.716833,0.000000,-4.060250,-5.060250,L,0,0.000000,-5.060250,L,0,0.000000,-5.060250,L,0,-5.060250,L
CHI_2020_21_G019,0022000315,2021-02-01,CHI vs. NYK,W,8,0,E_NET_EB,LOW,-4.6,-5.5,-2.779167,-3.322917,2.127731,0.000000,-3.974352,4.025648,W,0,0.000000,4.025648,W,0,0.000000,4.025648,W,0,4.025648,W
CHI_2020_21_G020,0022000332,2021-02-03,CHI vs. NYK,L,-4,0,E_NET_EB,LOW,-4.6,-5.5,-2.779167,-3.322917,1.754135,0.000000,-4.347948,-8.347948,L,0,0.000000,-8.347948,L,0,0.000000,-8.347948,L,0,-8.347948,L
CHI_2020_21_G021,0022000344,2021-02-05,CHI @ ORL,L,-4,0,E_NET_EB,LOW,-4.6,-5.5,-2.779167,-3.322917,1.397781,0.000000,-4.704302,-8.704302,L,0,0.000000,-8.704302,L,0,0.000000,-8.704302,L,0,-8.704302,L
CHI_2020_21_G022,0022000353,2021-02-06,CHI @ ORL,W,26,1,E_NET_EB,LOW,-4.6,-5.5,-2.779167,-3.322917,1.216101,0.000000,-4.885982,21.114018,W,0,-0.604167,20.509851,W,0,-1.208333,19.905685,W,0,21.114018,W
CHI_2020_21_G023,0022000368,2021-02-08,CHI vs. WAS,L,-4,0,E_NET_EB,LOW,-4.6,-5.5,-2.779167,-3.322917,1.397348,0.000000,-4.704736,-8.704736,L,0,0.000000,-8.704736,L,0,0.000000,-8.704736,L,0,-8.704736,L
CHI_2020_21_G024,0022000385,2021-02-10,CHI vs. NOP,W,13,0,E_NET_EB,LOW,-4.6,-5.5,-2.779167,-3.322917,1.368050,0.000000,-4.734033,8.265967,W,0,0.000000,8.265967,W,0,0.000000,8.265967,W,0,8.265967,W
CHI_2020_21_G025,0022000400,2021-02-12,CHI vs. LAC,L,-19,0,E_NET_EB,LOW,-4.6,-5.5,-2.779167,-3.322917,1.327660,0.000000,-4.774423,-23.774423,L,0,0.000000,-23.774423,L,0,0.000000,-23.774423,L,0,-23.774423,L
CHI_2020_21_G026,0022000420,2021-02-15,CHI @ IND,W,8,0,E_NET_EB,LOW,-4.6,-5.5,-2.779167,-3.322917,0.680009,0.000000,-5.422075,2.577925,W,0,0.000000,2.577925,W,0,0.000000,2.577925,W,0,2.577925,W
CHI_2020_21_G027,0022000564,2021-02-17,CHI vs. DET,W,3,0,E_NET_EB,LOW,-4.6,-5.5,-2.779167,-3.322917,0.889909,0.000000,-5.212174,-2.212174,L,1,0.000000,-2.212174,L,1,0.000000,-2.212174,L,1,-2.212174,L
CHI_2020_21_G028,0022000450,2021-02-19,CHI @ PHI,L,-7,0,E_NET_EB,LOW,-4.6,-5.5,-2.779167,-3.322917,1.221516,0.000000,-4.880568,-11.880568,L,0,0.000000,-11.880568,L,0,0.000000,-11.880568,L,0,-11.880568,L
CHI_2020_21_G029,0022000460,2021-02-20,CHI vs. SAC,W,8,1,E_NET_EB,LOW,-4.6,-5.5,-2.779167,-3.322917,1.532069,0.000000,-4.570014,3.429986,W,0,-0.604167,2.825819,W,0,-1.208333,2.221652,W,0,3.429986,W
CHI_2020_21_G030,0022000474,2021-02-22,CHI @ HOU,W,20,0,E_NET_EB,LOW,-4.6,-5.5,-2.779167,-3.322917,1.263611,0.000000,-4.838472,15.161528,W,0,0.000000,15.161528,W,0,0.000000,15.161528,W,0,15.161528,W
CHI_2020_21_G031,0022000493,2021-02-24,CHI vs. MIN,W,7,0,E_NET_EB,LOW,-4.6,-5.5,-2.779167,-3.322917,0.750605,0.000000,-5.351479,1.648521,W,0,0.000000,1.648521,W,0,0.000000,1.648521,W,0,1.648521,W
CHI_2020_21_G032,0022000508,2021-02-26,CHI vs. PHX,L,-9,0,E_NET_EB,LOW,-4.6,-5.5,-2.779167,-3.322917,1.255894,0.000000,-4.846189,-13.846189,L,0,0.000000,-13.846189,L,0,0.000000,-13.846189,L,0,-13.846189,L
CHI_2020_21_G033,0022000531,2021-03-01,CHI vs. DEN,L,-6,0,E_NET_EB,LOW,-4.6,-5.5,-2.779167,-3.322917,1.136960,0.000000,-4.965123,-10.965123,L,0,0.000000,-10.965123,L,0,0.000000,-10.965123,L,0,-10.965123,L
CHI_2020_21_G034,0022000548,2021-03-03,CHI @ NOP,W,4,0,E_NET_EB,LOW,-4.6,-5.5,-2.779167,-3.322917,0.956324,0.000000,-5.145759,-1.145759,L,1,0.000000,-1.145759,L,1,0.000000,-1.145759,L,1,-1.145759,L
CHI_2020_21_G035,0022000572,2021-03-11,CHI vs. PHI,L,-22,0,E_NET_EB,LOW,-4.6,-5.5,-2.779167,-3.322917,1.542319,0.000000,-4.559765,-26.559765,L,0,0.000000,-26.559765,L,0,0.000000,-26.559765,L,0,-26.559765,L
CHI_2020_21_G036,0022000582,2021-03-12,CHI vs. MIA,L,-11,1,E_NET_EB,LOW,-4.6,-5.5,-2.779167,-3.322917,1.070183,-0.033752,-5.065652,-16.065652,L,0,-0.604167,-16.669819,L,0,-1.208333,-17.273985,L,0,-16.031900,L
CHI_2020_21_G037,0022000600,2021-03-14,CHI vs. TOR,W,23,0,E_NET_EB,LOW,-4.6,-5.5,-2.779167,-3.322917,0.705437,0.000000,-5.396646,17.603354,W,0,0.000000,17.603354,W,0,0.000000,17.603354,W,0,17.603354,W
CHI_2020_21_G038,0022000612,2021-03-16,CHI vs. OKC,W,21,0,E_NET_EB,LOW,-4.6,-5.5,-2.779167,-3.322917,0.673754,0.000000,-5.428329,15.571671,W,0,0.000000,15.571671,W,0,0.000000,15.571671,W,0,15.571671,W
CHI_2020_21_G039,0022000621,2021-03-17,CHI vs. SAS,L,-7,1,E_NET_EB,LOW,-4.6,-5.5,-2.779167,-3.322917,1.102096,0.000000,-4.999988,-11.999988,L,0,-0.604167,-12.604154,L,0,-1.208333,-13.208321,L,0,-11.999988,L
CHI_2020_21_G040,0022000637,2021-03-19,CHI @ DEN,L,-4,0,E_NET_EB,LOW,-4.6,-5.5,-2.779167,-3.322917,1.366691,0.000000,-4.735392,-8.735392,L,0,0.000000,-8.735392,L,0,0.000000,-8.735392,L,0,-8.735392,L
CHI_2020_21_G041,0022000649,2021-03-21,CHI @ DET,W,14,0,E_NET_EB,LOW,-4.6,-5.5,-2.779167,-3.322917,2.188042,0.000000,-3.914042,10.085958,W,0,0.000000,10.085958,W,0,0.000000,10.085958,W,0,10.085958,W
CHI_2020_21_G042,0022000656,2021-03-22,CHI vs. UTA,L,-25,1,E_NET_EB,LOW,-4.6,-5.5,-2.779167,-3.322917,2.007723,0.000000,-4.094360,-29.094360,L,0,-0.604167,-29.698527,L,0,-1.208333,-30.302693,L,0,-29.094360,L
CHI_2020_21_G043,0022000671,2021-03-24,CHI vs. CLE,L,-9,0,E_NET_EB,LOW,-4.6,-5.5,-2.779167,-3.322917,1.958853,0.000000,-4.143230,-13.143230,L,0,0.000000,-13.143230,L,0,0.000000,-13.143230,L,0,-13.143230,L
CHI_2020_21_G001,0022000015,2020-12-23,CHI vs. ATL,L,-20,0,E_NET_EB,BASE,-2,-3.2,-1.125000,-1.666667,1.972023,0.000000,-0.819644,-20.819644,L,0,0.000000,-20.819644,L,0,0.000000,-20.819644,L,0,-20.819644,L
CHI_2020_21_G002,0022000026,2020-12-26,CHI vs. IND,L,-19,0,E_NET_EB,BASE,-2,-3.2,-1.125000,-1.666667,0.990272,0.000000,-1.801395,-20.801395,L,0,0.000000,-20.801395,L,0,0.000000,-20.801395,L,0,-20.801395,L
CHI_2020_21_G003,0022000038,2020-12-27,CHI vs. GSW,L,-1,1,E_NET_EB,BASE,-2,-3.2,-1.125000,-1.666667,1.354299,0.000000,-1.437368,-2.437368,L,0,-0.541667,-2.979035,L,0,-1.083333,-3.520701,L,0,-2.437368,L
CHI_2020_21_G004,0022000050,2020-12-29,CHI @ WAS,W,8,0,E_NET_EB,BASE,-2,-3.2,-1.125000,-1.666667,1.467476,0.000000,-1.324191,6.675809,W,0,0.000000,6.675809,W,0,0.000000,6.675809,W,0,6.675809,W
CHI_2020_21_G005,0022000063,2020-12-31,CHI @ WAS,W,3,0,E_NET_EB,BASE,-2,-3.2,-1.125000,-1.666667,1.429816,0.033752,-1.328099,1.671901,W,0,0.000000,1.671901,W,0,0.000000,1.671901,W,0,1.638149,W
CHI_2020_21_G006,0022000073,2021-01-01,CHI @ MIL,L,-30,1,E_NET_EB,BASE,-2,-3.2,-1.125000,-1.666667,1.325659,0.000000,-1.466008,-31.466008,L,0,-0.541667,-32.007675,L,0,-1.083333,-32.549341,L,0,-31.466008,L
CHI_2020_21_G007,0022000090,2021-01-03,CHI vs. DAL,W,10,0,E_NET_EB,BASE,-2,-3.2,-1.125000,-1.666667,1.870589,0.000000,-0.921077,9.078923,W,0,0.000000,9.078923,W,0,0.000000,9.078923,W,0,9.078923,W
CHI_2020_21_G008,0022000106,2021-01-05,CHI @ POR,W,3,0,E_NET_EB,BASE,-2,-3.2,-1.125000,-1.666667,1.667721,0.000000,-1.123945,1.876055,W,0,0.000000,1.876055,W,0,0.000000,1.876055,W,0,1.876055,W
CHI_2020_21_G009,0022000117,2021-01-06,CHI @ SAC,L,-4,1,E_NET_EB,BASE,-2,-3.2,-1.125000,-1.666667,1.487532,0.000000,-1.304135,-5.304135,L,0,-0.541667,-5.845802,L,0,-1.083333,-6.387468,L,0,-5.304135,L
CHI_2020_21_G010,0022000131,2021-01-08,CHI @ LAL,L,-2,0,E_NET_EB,BASE,-2,-3.2,-1.125000,-1.666667,1.537240,0.000000,-1.254427,-3.254427,L,0,0.000000,-3.254427,L,0,0.000000,-3.254427,L,0,-3.254427,L
CHI_2020_21_G011,0022000142,2021-01-10,CHI @ LAC,L,-3,0,E_NET_EB,BASE,-2,-3.2,-1.166667,-1.800000,1.917805,0.000000,-1.048862,-4.048862,L,0,0.000000,-4.048862,L,0,0.000000,-4.048862,L,0,-4.048862,L
CHI_2020_21_G012,0022000184,2021-01-15,CHI @ OKC,L,-2,0,E_NET_EB,BASE,-2,-3.2,-1.166667,-1.800000,2.229849,0.000000,-0.736818,-2.736818,L,0,0.000000,-2.736818,L,0,0.000000,-2.736818,L,0,-2.736818,L
CHI_2020_21_G013,0022000198,2021-01-17,CHI @ DAL,W,16,0,E_NET_EB,BASE,-2,-3.2,-1.166667,-1.800000,1.064310,0.000000,-1.902356,14.097644,W,0,0.000000,14.097644,W,0,0.000000,14.097644,W,0,14.097644,W
CHI_2020_21_G014,0022000211,2021-01-18,CHI vs. HOU,W,5,1,E_NET_EB,BASE,-2,-3.2,-1.166667,-1.800000,-0.355251,0.000000,-3.321917,1.678083,W,0,-0.572917,1.105166,W,0,-1.145833,0.532249,W,0,1.678083,W
CHI_2020_21_G015,0022000229,2021-01-22,CHI @ CHA,W,13,0,E_NET_EB,BASE,-2,-3.2,-1.166667,-1.800000,0.532151,0.000000,-2.434516,10.565484,W,0,0.000000,10.565484,W,0,0.000000,10.565484,W,0,10.565484,W
CHI_2020_21_G016,0022000245,2021-01-23,CHI vs. LAL,L,-11,1,E_NET_EB,BASE,-2,-3.2,-1.166667,-1.800000,1.765759,0.000000,-1.200908,-12.200908,L,0,-0.572917,-12.773824,L,0,-1.145833,-13.346741,L,0,-12.200908,L
CHI_2020_21_G017,0022000262,2021-01-25,CHI vs. BOS,L,-16,0,E_NET_EB,BASE,-2,-3.2,-1.166667,-1.800000,-0.502618,0.000000,-3.469284,-19.469284,L,0,0.000000,-19.469284,L,0,0.000000,-19.469284,L,0,-19.469284,L
CHI_2020_21_G018,0022000298,2021-01-30,CHI vs. POR,L,-1,0,E_NET_EB,BASE,-2,-3.2,-1.166667,-1.800000,1.716833,0.000000,-1.249833,-2.249833,L,0,0.000000,-2.249833,L,0,0.000000,-2.249833,L,0,-2.249833,L
CHI_2020_21_G019,0022000315,2021-02-01,CHI vs. NYK,W,8,0,E_NET_EB,BASE,-2,-3.2,-1.208333,-1.933333,2.127731,0.000000,-1.013935,6.986065,W,0,0.000000,6.986065,W,0,0.000000,6.986065,W,0,6.986065,W
CHI_2020_21_G020,0022000332,2021-02-03,CHI vs. NYK,L,-4,0,E_NET_EB,BASE,-2,-3.2,-1.208333,-1.933333,1.754135,0.000000,-1.387531,-5.387531,L,0,0.000000,-5.387531,L,0,0.000000,-5.387531,L,0,-5.387531,L
CHI_2020_21_G021,0022000344,2021-02-05,CHI @ ORL,L,-4,0,E_NET_EB,BASE,-2,-3.2,-1.208333,-1.933333,1.397781,0.000000,-1.743886,-5.743886,L,0,0.000000,-5.743886,L,0,0.000000,-5.743886,L,0,-5.743886,L
CHI_2020_21_G022,0022000353,2021-02-06,CHI @ ORL,W,26,1,E_NET_EB,BASE,-2,-3.2,-1.208333,-1.933333,1.216101,0.000000,-1.925565,24.074435,W,0,-0.604167,23.470268,W,0,-1.208333,22.866101,W,0,24.074435,W
CHI_2020_21_G023,0022000368,2021-02-08,CHI vs. WAS,L,-4,0,E_NET_EB,BASE,-2,-3.2,-1.208333,-1.933333,1.397348,0.000000,-1.744319,-5.744319,L,0,0.000000,-5.744319,L,0,0.000000,-5.744319,L,0,-5.744319,L
CHI_2020_21_G024,0022000385,2021-02-10,CHI vs. NOP,W,13,0,E_NET_EB,BASE,-2,-3.2,-1.208333,-1.933333,1.368050,0.000000,-1.773617,11.226383,W,0,0.000000,11.226383,W,0,0.000000,11.226383,W,0,11.226383,W
CHI_2020_21_G025,0022000400,2021-02-12,CHI vs. LAC,L,-19,0,E_NET_EB,BASE,-2,-3.2,-1.208333,-1.933333,1.327660,0.000000,-1.814007,-20.814007,L,0,0.000000,-20.814007,L,0,0.000000,-20.814007,L,0,-20.814007,L
CHI_2020_21_G026,0022000420,2021-02-15,CHI @ IND,W,8,0,E_NET_EB,BASE,-2,-3.2,-1.208333,-1.933333,0.680009,0.000000,-2.461658,5.538342,W,0,0.000000,5.538342,W,0,0.000000,5.538342,W,0,5.538342,W
CHI_2020_21_G027,0022000564,2021-02-17,CHI vs. DET,W,3,0,E_NET_EB,BASE,-2,-3.2,-1.208333,-1.933333,0.889909,0.000000,-2.251758,0.748242,W,0,0.000000,0.748242,W,0,0.000000,0.748242,W,0,0.748242,W
CHI_2020_21_G028,0022000450,2021-02-19,CHI @ PHI,L,-7,0,E_NET_EB,BASE,-2,-3.2,-1.208333,-1.933333,1.221516,0.000000,-1.920151,-8.920151,L,0,0.000000,-8.920151,L,0,0.000000,-8.920151,L,0,-8.920151,L
CHI_2020_21_G029,0022000460,2021-02-20,CHI vs. SAC,W,8,1,E_NET_EB,BASE,-2,-3.2,-1.208333,-1.933333,1.532069,0.000000,-1.609598,6.390402,W,0,-0.604167,5.786236,W,0,-1.208333,5.182069,W,0,6.390402,W
CHI_2020_21_G030,0022000474,2021-02-22,CHI @ HOU,W,20,0,E_NET_EB,BASE,-2,-3.2,-1.208333,-1.933333,1.263611,0.000000,-1.878056,18.121944,W,0,0.000000,18.121944,W,0,0.000000,18.121944,W,0,18.121944,W
CHI_2020_21_G031,0022000493,2021-02-24,CHI vs. MIN,W,7,0,E_NET_EB,BASE,-2,-3.2,-1.208333,-1.933333,0.750605,0.000000,-2.391062,4.608938,W,0,0.000000,4.608938,W,0,0.000000,4.608938,W,0,4.608938,W
CHI_2020_21_G032,0022000508,2021-02-26,CHI vs. PHX,L,-9,0,E_NET_EB,BASE,-2,-3.2,-1.208333,-1.933333,1.255894,0.000000,-1.885772,-10.885772,L,0,0.000000,-10.885772,L,0,0.000000,-10.885772,L,0,-10.885772,L
CHI_2020_21_G033,0022000531,2021-03-01,CHI vs. DEN,L,-6,0,E_NET_EB,BASE,-2,-3.2,-1.208333,-1.933333,1.136960,0.000000,-2.004707,-8.004707,L,0,0.000000,-8.004707,L,0,0.000000,-8.004707,L,0,-8.004707,L
CHI_2020_21_G034,0022000548,2021-03-03,CHI @ NOP,W,4,0,E_NET_EB,BASE,-2,-3.2,-1.208333,-1.933333,0.956324,0.000000,-2.185343,1.814657,W,0,0.000000,1.814657,W,0,0.000000,1.814657,W,0,1.814657,W
CHI_2020_21_G035,0022000572,2021-03-11,CHI vs. PHI,L,-22,0,E_NET_EB,BASE,-2,-3.2,-1.208333,-1.933333,1.542319,0.000000,-1.599348,-23.599348,L,0,0.000000,-23.599348,L,0,0.000000,-23.599348,L,0,-23.599348,L
CHI_2020_21_G036,0022000582,2021-03-12,CHI vs. MIA,L,-11,1,E_NET_EB,BASE,-2,-3.2,-1.208333,-1.933333,1.070183,-0.033752,-2.105235,-13.105235,L,0,-0.604167,-13.709402,L,0,-1.208333,-14.313569,L,0,-13.071483,L
CHI_2020_21_G037,0022000600,2021-03-14,CHI vs. TOR,W,23,0,E_NET_EB,BASE,-2,-3.2,-1.208333,-1.933333,0.705437,0.000000,-2.436230,20.563770,W,0,0.000000,20.563770,W,0,0.000000,20.563770,W,0,20.563770,W
CHI_2020_21_G038,0022000612,2021-03-16,CHI vs. OKC,W,21,0,E_NET_EB,BASE,-2,-3.2,-1.208333,-1.933333,0.673754,0.000000,-2.467912,18.532088,W,0,0.000000,18.532088,W,0,0.000000,18.532088,W,0,18.532088,W
CHI_2020_21_G039,0022000621,2021-03-17,CHI vs. SAS,L,-7,1,E_NET_EB,BASE,-2,-3.2,-1.208333,-1.933333,1.102096,0.000000,-2.039571,-9.039571,L,0,-0.604167,-9.643738,L,0,-1.208333,-10.247904,L,0,-9.039571,L
CHI_2020_21_G040,0022000637,2021-03-19,CHI @ DEN,L,-4,0,E_NET_EB,BASE,-2,-3.2,-1.208333,-1.933333,1.366691,0.000000,-1.774975,-5.774975,L,0,0.000000,-5.774975,L,0,0.000000,-5.774975,L,0,-5.774975,L
CHI_2020_21_G041,0022000649,2021-03-21,CHI @ DET,W,14,0,E_NET_EB,BASE,-2,-3.2,-1.208333,-1.933333,2.188042,0.000000,-0.953625,13.046375,W,0,0.000000,13.046375,W,0,0.000000,13.046375,W,0,13.046375,W
CHI_2020_21_G042,0022000656,2021-03-22,CHI vs. UTA,L,-25,1,E_NET_EB,BASE,-2,-3.2,-1.208333,-1.933333,2.007723,0.000000,-1.133943,-26.133943,L,0,-0.604167,-26.738110,L,0,-1.208333,-27.342277,L,0,-26.133943,L
CHI_2020_21_G043,0022000671,2021-03-24,CHI vs. CLE,L,-9,0,E_NET_EB,BASE,-2,-3.2,-1.208333,-1.933333,1.958853,0.000000,-1.182813,-10.182813,L,0,0.000000,-10.182813,L,0,0.000000,-10.182813,L,0,-10.182813,L
CHI_2020_21_G001,0022000015,2020-12-23,CHI vs. ATL,L,-20,0,E_NET_EB,HIGH,0,0,0.000000,0.000000,1.972023,0.000000,1.972023,-18.027977,L,0,0.000000,-18.027977,L,0,0.000000,-18.027977,L,0,-18.027977,L
CHI_2020_21_G002,0022000026,2020-12-26,CHI vs. IND,L,-19,0,E_NET_EB,HIGH,0,0,0.000000,0.000000,0.990272,0.000000,0.990272,-18.009728,L,0,0.000000,-18.009728,L,0,0.000000,-18.009728,L,0,-18.009728,L
CHI_2020_21_G003,0022000038,2020-12-27,CHI vs. GSW,L,-1,1,E_NET_EB,HIGH,0,0,0.000000,0.000000,1.354299,0.000000,1.354299,0.354299,W,1,-0.541667,-0.187368,L,0,-1.083333,-0.729035,L,0,0.354299,W
CHI_2020_21_G004,0022000050,2020-12-29,CHI @ WAS,W,8,0,E_NET_EB,HIGH,0,0,0.000000,0.000000,1.467476,0.000000,1.467476,9.467476,W,0,0.000000,9.467476,W,0,0.000000,9.467476,W,0,9.467476,W
CHI_2020_21_G005,0022000063,2020-12-31,CHI @ WAS,W,3,0,E_NET_EB,HIGH,0,0,0.000000,0.000000,1.429816,0.033752,1.463568,4.463568,W,0,0.000000,4.463568,W,0,0.000000,4.463568,W,0,4.429816,W
CHI_2020_21_G006,0022000073,2021-01-01,CHI @ MIL,L,-30,1,E_NET_EB,HIGH,0,0,0.000000,0.000000,1.325659,0.000000,1.325659,-28.674341,L,0,-0.541667,-29.216008,L,0,-1.083333,-29.757675,L,0,-28.674341,L
CHI_2020_21_G007,0022000090,2021-01-03,CHI vs. DAL,W,10,0,E_NET_EB,HIGH,0,0,0.000000,0.000000,1.870589,0.000000,1.870589,11.870589,W,0,0.000000,11.870589,W,0,0.000000,11.870589,W,0,11.870589,W
CHI_2020_21_G008,0022000106,2021-01-05,CHI @ POR,W,3,0,E_NET_EB,HIGH,0,0,0.000000,0.000000,1.667721,0.000000,1.667721,4.667721,W,0,0.000000,4.667721,W,0,0.000000,4.667721,W,0,4.667721,W
CHI_2020_21_G009,0022000117,2021-01-06,CHI @ SAC,L,-4,1,E_NET_EB,HIGH,0,0,0.000000,0.000000,1.487532,0.000000,1.487532,-2.512468,L,0,-0.541667,-3.054135,L,0,-1.083333,-3.595802,L,0,-2.512468,L
CHI_2020_21_G010,0022000131,2021-01-08,CHI @ LAL,L,-2,0,E_NET_EB,HIGH,0,0,0.000000,0.000000,1.537240,0.000000,1.537240,-0.462760,L,0,0.000000,-0.462760,L,0,0.000000,-0.462760,L,0,-0.462760,L
CHI_2020_21_G011,0022000142,2021-01-10,CHI @ LAC,L,-3,0,E_NET_EB,HIGH,0,0,0.000000,0.000000,1.917805,0.000000,1.917805,-1.082195,L,0,0.000000,-1.082195,L,0,0.000000,-1.082195,L,0,-1.082195,L
CHI_2020_21_G012,0022000184,2021-01-15,CHI @ OKC,L,-2,0,E_NET_EB,HIGH,0,0,0.000000,0.000000,2.229849,0.000000,2.229849,0.229849,W,1,0.000000,0.229849,W,1,0.000000,0.229849,W,1,0.229849,W
CHI_2020_21_G013,0022000198,2021-01-17,CHI @ DAL,W,16,0,E_NET_EB,HIGH,0,0,0.000000,0.000000,1.064310,0.000000,1.064310,17.064310,W,0,0.000000,17.064310,W,0,0.000000,17.064310,W,0,17.064310,W
CHI_2020_21_G014,0022000211,2021-01-18,CHI vs. HOU,W,5,1,E_NET_EB,HIGH,0,0,0.000000,0.000000,-0.355251,0.000000,-0.355251,4.644749,W,0,-0.572917,4.071833,W,0,-1.145833,3.498916,W,0,4.644749,W
CHI_2020_21_G015,0022000229,2021-01-22,CHI @ CHA,W,13,0,E_NET_EB,HIGH,0,0,0.000000,0.000000,0.532151,0.000000,0.532151,13.532151,W,0,0.000000,13.532151,W,0,0.000000,13.532151,W,0,13.532151,W
CHI_2020_21_G016,0022000245,2021-01-23,CHI vs. LAL,L,-11,1,E_NET_EB,HIGH,0,0,0.000000,0.000000,1.765759,0.000000,1.765759,-9.234241,L,0,-0.572917,-9.807158,L,0,-1.145833,-10.380074,L,0,-9.234241,L
CHI_2020_21_G017,0022000262,2021-01-25,CHI vs. BOS,L,-16,0,E_NET_EB,HIGH,0,0,0.000000,0.000000,-0.502618,0.000000,-0.502618,-16.502618,L,0,0.000000,-16.502618,L,0,0.000000,-16.502618,L,0,-16.502618,L
CHI_2020_21_G018,0022000298,2021-01-30,CHI vs. POR,L,-1,0,E_NET_EB,HIGH,0,0,0.000000,0.000000,1.716833,0.000000,1.716833,0.716833,W,1,0.000000,0.716833,W,1,0.000000,0.716833,W,1,0.716833,W
CHI_2020_21_G019,0022000315,2021-02-01,CHI vs. NYK,W,8,0,E_NET_EB,HIGH,0,0,0.000000,0.000000,2.127731,0.000000,2.127731,10.127731,W,0,0.000000,10.127731,W,0,0.000000,10.127731,W,0,10.127731,W
CHI_2020_21_G020,0022000332,2021-02-03,CHI vs. NYK,L,-4,0,E_NET_EB,HIGH,0,0,0.000000,0.000000,1.754135,0.000000,1.754135,-2.245865,L,0,0.000000,-2.245865,L,0,0.000000,-2.245865,L,0,-2.245865,L
CHI_2020_21_G021,0022000344,2021-02-05,CHI @ ORL,L,-4,0,E_NET_EB,HIGH,0,0,0.000000,0.000000,1.397781,0.000000,1.397781,-2.602219,L,0,0.000000,-2.602219,L,0,0.000000,-2.602219,L,0,-2.602219,L
CHI_2020_21_G022,0022000353,2021-02-06,CHI @ ORL,W,26,1,E_NET_EB,HIGH,0,0,0.000000,0.000000,1.216101,0.000000,1.216101,27.216101,W,0,-0.604167,26.611935,W,0,-1.208333,26.007768,W,0,27.216101,W
CHI_2020_21_G023,0022000368,2021-02-08,CHI vs. WAS,L,-4,0,E_NET_EB,HIGH,0,0,0.000000,0.000000,1.397348,0.000000,1.397348,-2.602652,L,0,0.000000,-2.602652,L,0,0.000000,-2.602652,L,0,-2.602652,L
CHI_2020_21_G024,0022000385,2021-02-10,CHI vs. NOP,W,13,0,E_NET_EB,HIGH,0,0,0.000000,0.000000,1.368050,0.000000,1.368050,14.368050,W,0,0.000000,14.368050,W,0,0.000000,14.368050,W,0,14.368050,W
CHI_2020_21_G025,0022000400,2021-02-12,CHI vs. LAC,L,-19,0,E_NET_EB,HIGH,0,0,0.000000,0.000000,1.327660,0.000000,1.327660,-17.672340,L,0,0.000000,-17.672340,L,0,0.000000,-17.672340,L,0,-17.672340,L
CHI_2020_21_G026,0022000420,2021-02-15,CHI @ IND,W,8,0,E_NET_EB,HIGH,0,0,0.000000,0.000000,0.680009,0.000000,0.680009,8.680009,W,0,0.000000,8.680009,W,0,0.000000,8.680009,W,0,8.680009,W
CHI_2020_21_G027,0022000564,2021-02-17,CHI vs. DET,W,3,0,E_NET_EB,HIGH,0,0,0.000000,0.000000,0.889909,0.000000,0.889909,3.889909,W,0,0.000000,3.889909,W,0,0.000000,3.889909,W,0,3.889909,W
CHI_2020_21_G028,0022000450,2021-02-19,CHI @ PHI,L,-7,0,E_NET_EB,HIGH,0,0,0.000000,0.000000,1.221516,0.000000,1.221516,-5.778484,L,0,0.000000,-5.778484,L,0,0.000000,-5.778484,L,0,-5.778484,L
CHI_2020_21_G029,0022000460,2021-02-20,CHI vs. SAC,W,8,1,E_NET_EB,HIGH,0,0,0.000000,0.000000,1.532069,0.000000,1.532069,9.532069,W,0,-0.604167,8.927902,W,0,-1.208333,8.323736,W,0,9.532069,W
CHI_2020_21_G030,0022000474,2021-02-22,CHI @ HOU,W,20,0,E_NET_EB,HIGH,0,0,0.000000,0.000000,1.263611,0.000000,1.263611,21.263611,W,0,0.000000,21.263611,W,0,0.000000,21.263611,W,0,21.263611,W
CHI_2020_21_G031,0022000493,2021-02-24,CHI vs. MIN,W,7,0,E_NET_EB,HIGH,0,0,0.000000,0.000000,0.750605,0.000000,0.750605,7.750605,W,0,0.000000,7.750605,W,0,0.000000,7.750605,W,0,7.750605,W
CHI_2020_21_G032,0022000508,2021-02-26,CHI vs. PHX,L,-9,0,E_NET_EB,HIGH,0,0,0.000000,0.000000,1.255894,0.000000,1.255894,-7.744106,L,0,0.000000,-7.744106,L,0,0.000000,-7.744106,L,0,-7.744106,L
CHI_2020_21_G033,0022000531,2021-03-01,CHI vs. DEN,L,-6,0,E_NET_EB,HIGH,0,0,0.000000,0.000000,1.136960,0.000000,1.136960,-4.863040,L,0,0.000000,-4.863040,L,0,0.000000,-4.863040,L,0,-4.863040,L
CHI_2020_21_G034,0022000548,2021-03-03,CHI @ NOP,W,4,0,E_NET_EB,HIGH,0,0,0.000000,0.000000,0.956324,0.000000,0.956324,4.956324,W,0,0.000000,4.956324,W,0,0.000000,4.956324,W,0,4.956324,W
CHI_2020_21_G035,0022000572,2021-03-11,CHI vs. PHI,L,-22,0,E_NET_EB,HIGH,0,0,0.000000,0.000000,1.542319,0.000000,1.542319,-20.457681,L,0,0.000000,-20.457681,L,0,0.000000,-20.457681,L,0,-20.457681,L
CHI_2020_21_G036,0022000582,2021-03-12,CHI vs. MIA,L,-11,1,E_NET_EB,HIGH,0,0,0.000000,0.000000,1.070183,-0.033752,1.036431,-9.963569,L,0,-0.604167,-10.567735,L,0,-1.208333,-11.171902,L,0,-9.929817,L
CHI_2020_21_G037,0022000600,2021-03-14,CHI vs. TOR,W,23,0,E_NET_EB,HIGH,0,0,0.000000,0.000000,0.705437,0.000000,0.705437,23.705437,W,0,0.000000,23.705437,W,0,0.000000,23.705437,W,0,23.705437,W
CHI_2020_21_G038,0022000612,2021-03-16,CHI vs. OKC,W,21,0,E_NET_EB,HIGH,0,0,0.000000,0.000000,0.673754,0.000000,0.673754,21.673754,W,0,0.000000,21.673754,W,0,0.000000,21.673754,W,0,21.673754,W
CHI_2020_21_G039,0022000621,2021-03-17,CHI vs. SAS,L,-7,1,E_NET_EB,HIGH,0,0,0.000000,0.000000,1.102096,0.000000,1.102096,-5.897904,L,0,-0.604167,-6.502071,L,0,-1.208333,-7.106238,L,0,-5.897904,L
CHI_2020_21_G040,0022000637,2021-03-19,CHI @ DEN,L,-4,0,E_NET_EB,HIGH,0,0,0.000000,0.000000,1.366691,0.000000,1.366691,-2.633309,L,0,0.000000,-2.633309,L,0,0.000000,-2.633309,L,0,-2.633309,L
CHI_2020_21_G041,0022000649,2021-03-21,CHI @ DET,W,14,0,E_NET_EB,HIGH,0,0,0.000000,0.000000,2.188042,0.000000,2.188042,16.188042,W,0,0.000000,16.188042,W,0,0.000000,16.188042,W,0,16.188042,W
CHI_2020_21_G042,0022000656,2021-03-22,CHI vs. UTA,L,-25,1,E_NET_EB,HIGH,0,0,0.000000,0.000000,2.007723,0.000000,2.007723,-22.992277,L,0,-0.604167,-23.596443,L,0,-1.208333,-24.200610,L,0,-22.992277,L
CHI_2020_21_G043,0022000671,2021-03-24,CHI vs. CLE,L,-9,0,E_NET_EB,HIGH,0,0,0.000000,0.000000,1.958853,0.000000,1.958853,-7.041147,L,0,0.000000,-7.041147,L,0,0.000000,-7.041147,L,0,-7.041147,L
