date,home,away,home_score,away_score
2020-12-22,BKN,GSW,125,99
2020-12-22,LAL,LAC,109,116
2020-12-23,CLE,CHA,121,114
2020-12-23,IND,NYK,121,107
2020-12-23,PHI,WAS,113,107
2020-12-23,ORL,MIA,113,107
2020-12-23,TOR,NOP,99,113
2020-12-23,BOS,MIL,122,121
2020-12-23,MIN,DET,111,101
2020-12-23,MEM,SAS,119,131
2020-12-23,CHI,ATL,104,124
2020-12-23,DEN,SAC,122,124
2020-12-23,POR,UTA,100,120
2020-12-23,PHX,DAL,106,102
2020-12-25,MIA,NOP,111,98
2020-12-25,MIL,GSW,138,99
2020-12-25,BOS,BKN,95,123
2020-12-25,LAL,DAL,138,115
2020-12-25,DEN,LAC,108,121
2020-12-26,MEM,ATL,112,122
2020-12-26,DET,CLE,119,128
2020-12-26,WAS,ORL,120,130
2020-12-26,CHA,OKC,107,109
2020-12-26,NYK,PHI,89,109
2020-12-26,CHI,IND,106,125
2020-12-26,SAS,TOR,119,114
2020-12-26,UTA,MIN,111,116
2020-12-26,SAC,PHX,106,103
2020-12-26,POR,HOU,128,126
2020-12-27,LAC,DAL,73,124
2020-12-27,WAS,ORL,113,120
2020-12-27,CHA,BKN,106,104
2020-12-27,NOP,SAS,98,95
2020-12-27,NYK,MIL,130,110
2020-12-27,CLE,PHI,118,94
2020-12-27,CHI,GSW,128,129
2020-12-27,IND,BOS,108,107
2020-12-27,SAC,PHX,100,116
2020-12-27,LAL,MIN,127,91
2020-12-28,BKN,MEM,111,116
2020-12-28,ATL,DET,128,120
2020-12-28,OKC,UTA,109,110
2020-12-28,DEN,HOU,124,111
2020-12-28,LAL,POR,107,115
2020-12-29,IND,BOS,111,116
2020-12-29,DET,GSW,106,116
2020-12-29,WAS,CHI,107,115
2020-12-29,PHI,TOR,100,93
2020-12-29,CLE,NYK,86,95
2020-12-29,MIA,MIL,97,144
2020-12-29,OKC,ORL,107,118
2020-12-29,PHX,NOP,111,86
2020-12-29,SAC,DEN,125,115
2020-12-29,LAC,MIN,124,101
2020-12-30,BKN,ATL,145,141
2020-12-30,MIA,MIL,119,108
2020-12-30,BOS,MEM,126,107
2020-12-30,SAS,LAL,107,121
2020-12-30,DAL,CHA,99,118
2020-12-30,LAC,POR,128,105
2020-12-31,IND,CLE,119,99
2020-12-31,WAS,CHI,130,133
2020-12-31,ORL,PHI,92,116
2020-12-31,HOU,SAC,122,119
2020-12-31,TOR,NYK,100,83
2020-12-31,OKC,NOP,80,113
2020-12-31,UTA,PHX,95,106
2021-01-01,CHA,MEM,93,108
2021-01-01,DAL,MIA,93,83
2021-01-01,DET,BOS,96,93
2021-01-01,BKN,ATL,96,114
2021-01-01,SAS,LAL,103,109
2021-01-01,MIN,WAS,109,130
2021-01-01,MIL,CHI,126,96
2021-01-01,DEN,PHX,103,106
2021-01-01,UTA,LAC,106,100
2021-01-01,GSW,POR,98,123
2021-01-02,HOU,SAC,102,94
2021-01-02,IND,NYK,102,106
2021-01-02,ORL,OKC,99,108
2021-01-02,PHI,CHA,127,112
2021-01-02,ATL,CLE,91,96
2021-01-02,NOP,TOR,120,116
2021-01-03,DET,BOS,120,122
2021-01-03,BKN,WAS,122,123
2021-01-03,MEM,LAL,94,108
2021-01-03,MIN,DEN,109,124
2021-01-03,SAS,UTA,109,130
2021-01-03,CHI,DAL,118,108
2021-01-03,PHX,LAC,107,112
2021-01-03,GSW,POR,137,122
2021-01-04,PHI,CHA,118,101
2021-01-04,ORL,CLE,103,83
2021-01-04,MIA,OKC,118,90
2021-01-04,ATL,NYK,108,113
2021-01-04,TOR,BOS,114,126
2021-01-04,HOU,DAL,100,113
2021-01-04,MIL,DET,125,115
2021-01-04,NOP,IND,116,118
2021-01-04,GSW,SAC,137,106
2021-01-05,BKN,UTA,130,96
2021-01-05,MEM,LAL,92,94
2021-01-05,DEN,MIN,123,116
2021-01-05,LAC,SAS,113,116
2021-01-05,POR,CHI,108,111
2021-01-06,IND,HOU,114,107
2021-01-06,ORL,CLE,105,94
2021-01-06,PHI,WAS,141,136
2021-01-06,MIA,BOS,105,107
2021-01-06,ATL,CHA,94,102
2021-01-06,NYK,UTA,112,100
2021-01-06,MIL,DET,130,115
2021-01-06,NOP,OKC,110,111
2021-01-06,PHX,TOR,123,115
2021-01-06,GSW,LAC,101,108
2021-01-06,SAC,CHI,128,124
2021-01-07,BKN,PHI,122,109
2021-01-07,MEM,CLE,90,94
2021-01-07,DEN,DAL,117,124
2021-01-07,LAL,SAS,109,118
2021-01-07,POR,MIN,135,117
2021-01-08,DET,PHX,110,105
2021-01-08,BOS,WAS,116,107
2021-01-08,NYK,OKC,89,101
2021-01-08,NOP,CHA,110,118
2021-01-08,MEM,BKN,115,110
2021-01-08,MIL,UTA,118,131
2021-01-08,HOU,ORL,132,90
2021-01-08,GSW,LAC,115,105
2021-01-08,SAC,TOR,123,144
2021-01-08,LAL,CHI,117,115
2021-01-09,PHI,DEN,103,115
2021-01-09,CHA,ATL,113,105
2021-01-09,WAS,MIA,124,128
2021-01-09,IND,PHX,117,125
2021-01-09,MIL,CLE,100,90
2021-01-09,MIN,SAS,122,125
2021-01-09,DAL,ORL,112,98
2021-01-09,SAC,POR,99,125
2021-01-10,DET,UTA,86,96
2021-01-10,LAC,CHI,130,127
2021-01-10,BKN,OKC,116,129
2021-01-10,NYK,DEN,89,114
2021-01-10,HOU,LAL,102,120
2021-01-10,MIN,SAS,96,88
2021-01-10,GSW,TOR,106,105
2021-01-11,WAS,PHX,128,107
2021-01-11,CLE,MEM,91,101
2021-01-11,CHA,NYK,109,88
2021-01-11,ORL,MIL,99,121
2021-01-11,ATL,PHI,112,94
2021-01-11,SAC,IND,127,122
2021-01-11,POR,TOR,112,111
2021-01-12,PHI,MIA,137,134
2021-01-12,CLE,UTA,87,117
2021-01-12,BKN,DEN,122,116
2021-01-12,HOU,LAL,100,117
2021-01-12,OKC,SAS,102,112
2021-01-12,GSW,IND,95,104
2021-01-13,CHA,DAL,93,104
2021-01-13,DET,MIL,101,110
2021-01-13,NYK,BKN,109,116
2021-01-13,MIN,MEM,107,118
2021-01-13,OKC,LAL,99,128
2021-01-13,SAC,POR,126,132
2021-01-13,LAC,NOP,111,106
2021-01-14,PHI,MIA,125,108
2021-01-14,TOR,CHA,111,108
2021-01-14,SAS,HOU,105,109
2021-01-14,DEN,GSW,114,104
2021-01-14,POR,IND,87,111
2021-01-15,CLE,NYK,106,103
2021-01-15,BOS,ORL,124,97
2021-01-15,MIL,DAL,112,109
2021-01-15,OKC,CHI,127,125
2021-01-15,UTA,ATL,116,92
2021-01-15,SAC,LAC,100,138
2021-01-15,LAL,NOP,112,95
2021-01-16,SAS,HOU,103,91
2021-01-16,BKN,ORL,122,115
2021-01-16,TOR,CHA,116,113
2021-01-16,MEM,PHI,106,104
2021-01-16,MIA,DET,100,120
2021-01-16,POR,ATL,112,106
2021-01-17,BOS,NYK,75,105
2021-01-17,DAL,CHI,101,117
2021-01-17,DEN,UTA,105,109
2021-01-17,SAC,NOP,123,128
2021-01-17,LAC,IND,129,96
2021-01-18,NYK,ORL,91,84
2021-01-18,ATL,MIN,108,97
2021-01-18,POR,SAS,104,125
2021-01-18,MEM,PHX,108,104
2021-01-18,BKN,MIL,125,123
2021-01-18,TOR,DAL,116,93
2021-01-18,CHI,HOU,125,120
2021-01-18,MIA,DET,113,107
2021-01-18,LAL,GSW,113,115
2021-01-19,UTA,NOP,118,102
2021-01-19,DEN,OKC,119,101
2021-01-20,CLE,BKN,147,135
2021-01-20,PHI,BOS,117,109
2021-01-20,IND,DAL,112,124
2021-01-20,TOR,MIA,102,111
2021-01-20,ATL,DET,123,115
2021-01-20,MIN,ORL,96,97
2021-01-20,HOU,PHX,103,109
2021-01-20,LAC,SAC,115,96
2021-01-20,GSW,SAS,121,99
2021-01-21,MIL,LAL,106,113
2021-01-21,GSW,NYK,104,119
2021-01-21,UTA,NOP,129,118
2021-01-22,CHA,CHI,110,123
2021-01-22,IND,ORL,120,118
2021-01-22,DET,HOU,102,103
2021-01-22,PHI,BOS,122,110
2021-01-22,TOR,MIA,101,81
2021-01-22,CLE,BKN,125,113
2021-01-22,MIN,ATL,98,116
2021-01-22,SAS,DAL,117,122
2021-01-22,SAC,NYK,103,94
2021-01-22,PHX,DEN,126,130
2021-01-22,LAC,OKC,120,106
2021-01-23,DET,PHI,110,114
2021-01-23,MIN,NOP,120,110
2021-01-23,BKN,MIA,128,124
2021-01-23,CHI,LAL,90,101
2021-01-23,PHX,DEN,112,120
2021-01-23,UTA,GSW,127,108
2021-01-23,DAL,HOU,108,133
2021-01-24,IND,TOR,102,107
2021-01-24,LAC,OKC,108,100
2021-01-24,BOS,CLE,141,103
2021-01-24,ORL,CHA,104,107
2021-01-24,SAS,WAS,121,101
2021-01-24,MIL,ATL,129,115
2021-01-24,POR,NYK,116,113
2021-01-25,ORL,CHA,117,108
2021-01-25,IND,TOR,129,114
2021-01-25,DET,PHI,119,104
2021-01-25,BKN,MIA,98,85
2021-01-25,CLE,LAL,108,115
2021-01-25,DAL,DEN,113,117
2021-01-25,CHI,BOS,103,119
2021-01-25,GSW,MIN,130,108
2021-01-25,POR,OKC,122,125
2021-01-26,ATL,LAC,108,99
2021-01-26,HOU,WAS,107,88
2021-01-26,UTA,NYK,108,94
2021-01-27,ORL,SAC,107,121
2021-01-27,CLE,DET,122,107
2021-01-27,CHA,IND,106,116
2021-01-27,ATL,BKN,128,132
2021-01-27,TOR,MIL,108,115
2021-01-27,PHI,LAL,107,106
2021-01-27,MIA,DEN,82,109
2021-01-27,SAS,BOS,110,106
2021-01-27,NOP,WAS,124,106
2021-01-27,UTA,DAL,116,104
2021-01-27,PHX,OKC,97,102
2021-01-27,GSW,MIN,123,111
2021-01-28,HOU,POR,104,101
2021-01-28,MIA,LAC,105,109
2021-01-28,DET,LAL,107,92
2021-01-28,PHX,GSW,114,93
2021-01-29,WAS,ATL,100,116
2021-01-29,CHA,IND,108,105
2021-01-29,NOP,MIL,131,126
2021-01-29,NYK,CLE,102,81
2021-01-29,TOR,SAC,124,126
2021-01-29,MIN,PHI,94,118
2021-01-29,ORL,LAC,90,116
2021-01-29,OKC,BKN,125,147
2021-01-29,SAS,DEN,119,109
2021-01-29,UTA,DAL,120,101
2021-01-30,NOP,HOU,112,126
2021-01-30,CHI,POR,122,123
2021-01-30,MIA,SAC,105,104
2021-01-30,CHA,MIL,126,114
2021-01-30,BOS,LAL,95,96
2021-01-30,SAS,MEM,112,129
2021-01-30,DAL,PHX,105,111
2021-01-30,GSW,DET,118,91
2021-01-31,NYK,LAC,115,129
2021-01-31,DEN,UTA,128,117
2021-01-31,WAS,BKN,149,146
2021-01-31,TOR,ORL,115,102
2021-01-31,IND,PHI,110,119
2021-01-31,MIN,CLE,109,104
2021-02-01,ATL,LAL,99,107
2021-02-01,MIA,CHA,121,129
2021-02-01,NOP,SAC,109,118
2021-02-01,CHI,NYK,110,102
2021-02-01,MIL,POR,134,106
2021-02-01,OKC,HOU,106,136
2021-02-01,CLE,MIN,100,98
2021-02-01,SAS,MEM,102,133
2021-02-01,DAL,PHX,108,109
2021-02-02,ORL,TOR,108,123
2021-02-02,BKN,LAC,124,120
2021-02-02,WAS,POR,121,132
2021-02-02,IND,MEM,134,116
2021-02-02,GSW,BOS,107,111
2021-02-02,UTA,DET,117,105
2021-02-03,MIL,IND,130,110
2021-02-03,CHA,PHI,111,118
2021-02-03,ATL,DAL,116,122
2021-02-03,MIA,WAS,100,103
2021-02-03,CLE,LAC,99,121
2021-02-03,CHI,NYK,103,107
2021-02-03,OKC,HOU,104,87
2021-02-03,SAS,MIN,111,108
2021-02-03,NOP,PHX,123,101
2021-02-03,SAC,BOS,116,111
2021-02-04,ATL,UTA,91,112
2021-02-04,DAL,GSW,116,147
2021-02-04,PHI,POR,105,121
2021-02-04,MEM,HOU,103,115
2021-02-04,LAL,DEN,114,93
2021-02-05,IND,NOP,113,114
2021-02-05,ORL,CHI,123,119
2021-02-05,CLE,MIL,105,123
2021-02-05,BKN,TOR,117,123
2021-02-05,CHA,UTA,121,138
2021-02-05,MIA,WAS,122,95
2021-02-05,OKC,MIN,103,106
2021-02-05,PHX,DET,109,92
2021-02-05,LAC,BOS,115,119
2021-02-06,NYK,POR,110,99
2021-02-06,SAC,DEN,119,114
2021-02-06,ORL,CHI,92,118
2021-02-06,HOU,SAS,106,111
2021-02-06,CLE,MIL,99,124
2021-02-06,ATL,TOR,132,121
2021-02-06,PHI,BKN,124,108
2021-02-06,OKC,MIN,120,118
2021-02-06,DAL,GSW,134,132
2021-02-06,NOP,MEM,118,109
2021-02-06,LAL,DET,135,129
2021-02-07,CHA,WAS,119,97
2021-02-07,NYK,MIA,103,109
2021-02-07,IND,UTA,95,103
2021-02-07,PHX,BOS,100,91
2021-02-07,LAC,SAC,110,113
2021-02-08,CHA,HOU,119,94
2021-02-08,CHI,WAS,101,105
2021-02-08,MEM,TOR,113,128
2021-02-08,SAS,GSW,105,100
2021-02-08,DAL,MIN,127,122
2021-02-08,PHX,CLE,119,113
2021-02-08,DEN,MIL,112,125
2021-02-08,LAL,OKC,119,112
2021-02-09,DET,BKN,122,111
2021-02-09,NOP,HOU,130,101
2021-02-09,MIA,NYK,98,96
2021-02-09,SAS,GSW,91,114
2021-02-09,SAC,PHI,111,119
2021-02-09,UTA,BOS,122,108
2021-02-09,POR,ORL,106,97
2021-02-10,WAS,TOR,115,137
2021-02-10,DAL,ATL,118,117
2021-02-10,MIN,LAC,112,119
2021-02-10,BKN,IND,104,94
2021-02-10,MEM,CHA,130,114
2021-02-10,CHI,NOP,129,116
2021-02-10,DEN,CLE,133,95
2021-02-10,PHX,MIL,125,124
2021-02-10,LAL,OKC,114,113
2021-02-11,HOU,MIA,94,101
2021-02-11,BOS,TOR,120,106
2021-02-11,DET,IND,95,111
2021-02-11,POR,PHI,118,114
2021-02-11,GSW,ORL,111,105
2021-02-12,CHA,MIN,120,114
2021-02-12,WAS,NYK,91,109
2021-02-12,ATL,SAS,114,125
2021-02-12,DAL,NOP,143,130
2021-02-12,CHI,LAC,106,125
2021-02-12,BOS,DET,102,108
2021-02-12,UTA,MIL,129,115
2021-02-12,DEN,OKC,97,95
2021-02-12,LAL,MEM,115,105
2021-02-12,POR,CLE,129,110
2021-02-12,SAC,ORL,112,123
2021-02-13,PHX,PHI,120,111
2021-02-13,ATL,IND,113,125
2021-02-13,NYK,HOU,121,99
2021-02-13,GSW,BKN,117,134
2021-02-13,UTA,MIA,112,94
2021-02-14,WAS,BOS,104,91
2021-02-14,CHA,SAS,110,122
2021-02-14,DET,NOP,123,112
2021-02-14,TOR,MIN,112,116
2021-02-14,DAL,POR,118,121
2021-02-14,OKC,MIL,114,109
2021-02-14,PHX,ORL,109,90
2021-02-14,DEN,LAL,122,105
2021-02-14,SAC,MEM,110,124
2021-02-14,LAC,CLE,128,111
2021-02-15,IND,CHI,112,120
2021-02-15,WAS,HOU,131,119
2021-02-15,NYK,ATL,123,112
2021-02-15,UTA,PHI,134,123
2021-02-15,GSW,CLE,129,98
2021-02-15,SAC,BKN,125,136
2021-02-15,LAC,MIA,125,118
2021-02-16,BOS,DEN,112,99
2021-02-16,MIL,TOR,113,124
2021-02-16,OKC,POR,104,115
2021-02-16,MIN,LAL,104,112
2021-02-16,MEM,NOP,113,144
2021-02-16,PHX,BKN,124,128
2021-02-17,ORL,NYK,107,89
2021-02-17,PHI,HOU,118,113
2021-02-17,BOS,ATL,114,122
2021-02-17,WAS,DEN,130,128
2021-02-17,MIN,IND,128,134
2021-02-17,CHI,DET,105,102
2021-02-17,NOP,POR,124,126
2021-02-17,MEM,OKC,122,113
2021-02-17,GSW,MIA,120,112
2021-02-17,LAC,UTA,96,114
2021-02-18,MIL,TOR,96,110
2021-02-18,LAL,BKN,98,109
2021-02-18,SAC,MIA,110,118
2021-02-19,CLE,DEN,103,120
2021-02-19,ORL,GSW,124,120
2021-02-19,PHI,CHI,112,105
2021-02-19,BOS,ATL,121,109
2021-02-19,NOP,PHX,114,132
2021-02-19,MEM,DET,109,95
2021-02-19,MIL,OKC,98,85
2021-02-19,MIN,TOR,81,86
2021-02-19,LAC,UTA,116,112
2021-02-20,CHA,GSW,102,100
2021-02-20,LAL,MIA,94,96
2021-02-20,CHI,SAC,122,114
2021-02-20,MEM,PHX,97,128
2021-02-20,POR,WAS,111,118
2021-02-21,NOP,BOS,120,115
2021-02-21,TOR,PHI,110,103
2021-02-21,NYK,MIN,103,99
2021-02-21,CLE,OKC,101,117
2021-02-21,ORL,DET,105,96
2021-02-21,ATL,DEN,123,115
2021-02-21,LAC,BKN,108,112
2021-02-21,MIL,SAC,128,115
2021-02-22,HOU,CHI,100,120
2021-02-22,DAL,MEM,102,92
2021-02-22,UTA,CHA,132,110
2021-02-22,PHX,POR,132,100
2021-02-22,OKC,MIA,94,108
2021-02-22,LAL,WAS,124,127
2021-02-23,ORL,DET,93,105
2021-02-23,CLE,ATL,112,111
2021-02-23,BKN,SAC,127,118
2021-02-23,NYK,GSW,106,114
2021-02-23,DAL,BOS,110,107
2021-02-23,TOR,PHI,102,109
2021-02-23,MIL,MIN,139,112
2021-02-23,LAC,WAS,135,116
2021-02-23,DEN,POR,111,106
2021-02-24,IND,GSW,107,111
2021-02-24,CLE,HOU,112,96
2021-02-24,ATL,BOS,127,112
2021-02-24,MIA,TOR,116,108
2021-02-24,CHI,MIN,133,126
2021-02-24,OKC,SAS,102,99
2021-02-24,NOP,DET,128,118
2021-02-24,PHX,CHA,121,124
2021-02-24,UTA,LAL,114,89
2021-02-25,PHI,DAL,111,97
2021-02-25,BKN,ORL,129,92
2021-02-25,NYK,SAC,140,121
2021-02-25,MEM,LAC,122,94
2021-02-25,DEN,WAS,110,112
2021-02-25,MIL,NOP,129,125
2021-02-26,TOR,HOU,122,111
2021-02-26,BOS,IND,118,112
2021-02-26,MEM,LAC,99,119
2021-02-26,DET,SAC,107,110
2021-02-26,CHI,PHX,97,106
2021-02-26,MIA,UTA,124,116
2021-02-26,OKC,ATL,118,109
2021-02-26,LAL,POR,102,93
2021-02-26,GSW,CHA,130,121
2021-02-27,PHI,CLE,109,112
2021-02-27,WAS,MIN,128,112
2021-02-27,OKC,DEN,96,126
2021-02-27,NYK,IND,110,107
2021-02-27,SAS,NOP,117,114
2021-02-27,ORL,UTA,109,124
2021-02-27,BKN,DAL,98,115
2021-02-28,MIL,LAC,105,100
2021-02-28,BOS,WAS,111,110
2021-02-28,HOU,MEM,84,133
2021-02-28,DET,NYK,90,109
2021-02-28,LAL,GSW,117,91
2021-02-28,MIA,ATL,109,99
2021-02-28,MIN,PHX,99,118
2021-02-28,SAC,CHA,126,127
2021-03-01,PHI,IND,130,114
2021-03-01,ORL,DAL,124,130
2021-03-01,CHI,DEN,112,118
2021-03-01,NOP,UTA,129,124
2021-03-01,SAS,BKN,113,124
2021-03-01,HOU,CLE,90,101
2021-03-01,POR,CHA,123,111
2021-03-02,WAS,MEM,111,125
2021-03-02,BOS,LAC,117,112
2021-03-02,MIA,ATL,80,94
2021-03-02,SAS,NYK,119,93
2021-03-02,MIL,DEN,97,128
2021-03-02,LAL,PHX,104,114
2021-03-03,CLE,IND,111,114
2021-03-03,TOR,DET,105,129
2021-03-03,PHI,UTA,131,123
2021-03-03,HOU,BKN,114,132
2021-03-03,ORL,ATL,112,115
2021-03-03,MIN,CHA,102,135
2021-03-03,NOP,CHI,124,128
2021-03-03,DAL,OKC,87,78
2021-03-03,POR,GSW,108,106
2021-03-03,SAC,LAL,123,120
2021-03-04,WAS,LAC,119,117
2021-03-04,BOS,TOR,132,125
2021-03-04,NYK,DET,114,104
2021-03-04,IND,DEN,103,113
2021-03-04,MEM,MIL,111,112
2021-03-04,NOP,MIA,93,103
2021-03-04,SAS,OKC,102,107
2021-03-04,PHX,GSW,120,98
2021-03-04,POR,SAC,123,119
2021-03-10,MEM,WAS,127,112
2021-03-10,DAL,SAS,115,104
2021-03-11,CHA,DET,105,102
2021-03-11,BKN,BOS,121,109
2021-03-11,TOR,ATL,120,121
2021-03-11,MIL,NYK,134,101
2021-03-11,CHI,PHI,105,127
2021-03-11,MIA,ORL,111,103
2021-03-11,NOP,MIN,105,135
2021-03-11,OKC,DAL,116,108
2021-03-11,LAC,GSW,130,104
2021-03-11,SAC,HOU,125,105
2021-03-11,POR,PHX,121,127
2021-03-12,WAS,PHI,101,127
2021-03-12,MEM,DEN,102,103
2021-03-12,NOP,CLE,116,82
2021-03-12,CHI,MIA,90,101
2021-03-12,SAS,ORL,104,77
2021-03-12,UTA,HOU,114,99
2021-03-12,LAL,IND,105,100
2021-03-13,OKC,NYK,97,119
2021-03-13,CHA,TOR,114,104
2021-03-13,BKN,DET,100,95
2021-03-13,WAS,MIL,119,125
2021-03-13,ATL,SAC,121,106
2021-03-13,MIN,POR,121,125
2021-03-13,DEN,DAL,103,116
2021-03-13,PHX,IND,111,122
2021-03-14,OKC,MEM,128,122
2021-03-14,GSW,UTA,131,119
2021-03-14,PHI,SAS,134,99
2021-03-14,ORL,MIA,97,102
2021-03-14,ATL,CLE,100,82
2021-03-14,HOU,BOS,107,134
2021-03-14,MIN,POR,114,112
2021-03-14,NOP,LAC,135,115
2021-03-14,CHI,TOR,118,95
2021-03-15,CHA,SAC,122,116
2021-03-15,WAS,MIL,122,133
2021-03-15,DET,SAS,99,109
2021-03-15,BKN,NYK,117,112
2021-03-15,DAL,LAC,99,109
2021-03-15,PHX,MEM,122,99
2021-03-15,DEN,IND,121,106
2021-03-15,GSW,LAL,97,128
2021-03-16,BOS,UTA,109,117
2021-03-16,MIA,CLE,113,98
2021-03-16,HOU,ATL,107,119
2021-03-16,PHI,NYK,99,96
2021-03-16,CHI,OKC,123,102
2021-03-16,POR,NOP,125,124
2021-03-16,LAL,MIN,137,121
2021-03-17,WAS,SAC,119,121
2021-03-17,DET,TOR,116,112
2021-03-17,IND,BKN,115,124
2021-03-17,PHI,MIL,105,109
2021-03-17,HOU,GSW,94,108
2021-03-17,CHI,SAS,99,106
2021-03-17,CLE,BOS,117,110
2021-03-17,DEN,CHA,129,104
2021-03-17,MEM,MIA,89,85
2021-03-17,DAL,LAC,105,89
2021-03-18,WAS,UTA,131,122
2021-03-18,ATL,OKC,116,93
2021-03-18,NYK,ORL,94,93
2021-03-18,POR,NOP,101,93
2021-03-18,PHX,MIN,119,123
2021-03-18,LAL,CHA,116,105
2021-03-19,BOS,SAC,96,107
2021-03-19,CLE,SAS,110,116
2021-03-19,TOR,UTA,112,115
2021-03-19,MIA,IND,110,137
2021-03-19,MEM,GSW,103,116
2021-03-19,HOU,DET,100,113
2021-03-19,ORL,BKN,121,113
2021-03-19,DEN,CHI,131,127
2021-03-19,POR,DAL,125,119
2021-03-19,PHX,MIN,113,101
2021-03-20,LAL,ATL,94,99
2021-03-20,PHI,SAC,129,105
2021-03-20,MEM,GSW,111,103
2021-03-20,MIL,SAS,120,113
2021-03-20,LAC,CHA,125,98
2021-03-21,MIA,IND,106,109
2021-03-21,HOU,OKC,112,114
2021-03-21,DEN,NOP,108,113
2021-03-21,BOS,ORL,112,96
2021-03-21,DET,CHI,86,100
2021-03-21,BKN,WAS,113,106
2021-03-21,CLE,TOR,116,105
2021-03-21,NYK,PHI,100,101
2021-03-21,POR,DAL,92,132
2021-03-21,PHX,LAL,111,94
2021-03-22,CLE,SAC,105,119
2021-03-22,MIN,OKC,103,112
2021-03-22,SAS,CHA,97,100
2021-03-22,MIL,IND,140,113
2021-03-22,MEM,BOS,132,126
2021-03-22,CHI,UTA,95,120
2021-03-22,HOU,TOR,117,99
2021-03-22,LAC,ATL,119,110
2021-03-23,ORL,DEN,99,110
2021-03-23,NYK,WAS,131,113
2021-03-23,NOP,LAL,128,111
2021-03-23,MIA,PHX,100,110
2021-03-23,POR,BKN,112,116
2021-03-23,GSW,PHI,98,108
2021-03-24,IND,DET,116,111
2021-03-24,TOR,DEN,135,111
2021-03-24,MIL,BOS,121,119
2021-03-24,ORL,PHX,112,111
2021-03-24,OKC,MEM,107,116
2021-03-24,MIN,DAL,108,128
2021-03-24,HOU,CHA,97,122
2021-03-24,CHI,CLE,94,103
2021-03-24,SAS,LAC,101,134
2021-03-24,UTA,BKN,118,88
2021-03-24,SAC,ATL,110,108
2021-03-25,MIA,POR,122,125
2021-03-25,NYK,WAS,106,102
2021-03-25,SAS,LAC,85,98
2021-03-25,LAL,PHI,101,109
2021-03-25,SAC,GSW,141,119
2021-03-26,DET,BKN,111,113
2021-03-26,MIL,BOS,114,122
2021-03-26,TOR,PHX,100,104
2021-03-26,CHA,MIA,110,105
2021-03-26,ORL,POR,105,112
2021-03-26,MIN,HOU,107,101
2021-03-26,NOP,DEN,108,113
2021-03-26,DAL,IND,94,109
2021-03-26,UTA,MEM,117,114
2021-03-26,GSW,ATL,108,124
2021-03-26,LAL,CLE,100,86
2021-03-27,MIN,HOU,107,129
2021-03-27,WAS,DET,106,92
2021-03-27,MIL,NYK,96,102
2021-03-27,SAS,CHI,120,104
2021-03-27,OKC,BOS,94,111
2021-03-27,NOP,DAL,112,103
2021-03-27,UTA,MEM,126,110
2021-03-27,SAC,CLE,100,98
2021-03-27,LAC,PHI,122,112
2021-03-28,CHA,PHX,97,101
2021-03-28,TOR,POR,117,122
2021-03-28,DEN,ATL,126,102
2021-03-28,LAL,ORL,96,93
2021-03-29,WAS,IND,132,124
2021-03-29,BKN,MIN,112,107
2021-03-29,BOS,NOP,109,115
2021-03-29,NYK,MIA,88,98
2021-03-29,HOU,MEM,110,120
2021-03-29,DET,TOR,118,104
2021-03-29,OKC,DAL,106,127
2021-03-29,SAS,SAC,115,132
2021-03-29,UTA,CLE,114,75
2021-03-29,LAC,MIL,129,105
2021-03-29,GSW,CHI,116,102
2021-03-30,WAS,CHA,104,114
2021-03-30,DEN,PHI,104,95
2021-03-30,LAC,ORL,96,103
2021-03-30,PHX,ATL,117,110
2021-03-31,IND,MIA,87,92
2021-03-31,DET,POR,101,124
2021-03-31,BOS,DAL,108,113
2021-03-31,BKN,HOU,120,108
2021-03-31,MEM,UTA,107,111
2021-03-31,MIN,NYK,102,101
2021-03-31,OKC,TOR,113,103
2021-03-31,SAS,SAC,120,106
2021-03-31,PHX,CHI,121,116
2021-03-31,LAL,MIL,97,112
2021-04-01,DET,WAS,120,91
2021-04-01,CLE,PHI,94,114
2021-04-01,BKN,CHA,111,89
2021-04-01,NOP,ORL,110,115
2021-04-01,MIA,GSW,116,109
2021-04-01,SAS,ATL,129,134
2021-04-01,LAC,DEN,94,101
2021-04-02,TOR,GSW,130,77
2021-04-02,BOS,HOU,118,102
2021-04-02,NYK,DAL,86,99
2021-04-02,IND,CHA,97,114
2021-04-02,MEM,MIN,120,108
2021-04-02,UTA,CHI,113,106
2021-04-02,NOP,ATL,103,126
2021-04-02,SAC,LAL,94,115
2021-04-02,PHX,OKC,140,103
2021-04-02,POR,MIL,109,127
2021-04-03,WAS,DAL,87,109
2021-04-03,DET,NYK,81,125
2021-04-03,PHI,MIN,122,113
2021-04-03,MIA,CLE,115,101
2021-04-03,SAS,IND,133,139
2021-04-03,UTA,ORL,137,91
2021-04-03,SAC,MIL,128,129
2021-04-03,POR,OKC,133,85
2021-04-04,CHI,BKN,115,107
2021-04-04,LAC,LAL,104,86
2021-04-04,BOS,CHA,116,86
2021-04-04,PHI,MEM,100,116
2021-04-04,ATL,GSW,117,111
2021-04-04,HOU,NOP,115,122
2021-04-04,DEN,ORL,119,109
2021-04-05,MIN,SAC,116,106
2021-04-05,TOR,WAS,103,101
2021-04-05,BKN,NYK,114,112
2021-04-05,DAL,UTA,111,103
2021-04-05,OKC,DET,108,132
2021-04-05,SAS,CLE,101,125
2021-04-05,HOU,PHX,130,133
2021-04-06,IND,CHI,97,113
2021-04-06,TOR,LAL,101,110
2021-04-06,ATL,NOP,123,107
2021-04-06,BOS,PHI,96,106
2021-04-06,MIA,MEM,112,124
2021-04-06,DEN,DET,134,119
2021-04-06,LAC,POR,133,116
2021-04-06,GSW,MIL,122,121
2021-04-07,IND,MIN,141,137
2021-04-07,ORL,WAS,116,131
2021-04-07,BKN,NOP,139,111
2021-04-07,BOS,NYK,101,99
2021-04-07,ATL,MEM,113,131
2021-04-07,HOU,DAL,102,93
2021-04-07,OKC,CHA,102,113
2021-04-07,DEN,SAS,106,96
2021-04-07,PHX,UTA,117,113
2021-04-08,TOR,CHI,113,122
2021-04-08,MIA,LAL,110,104
2021-04-08,OKC,CLE,102,129
2021-04-08,DAL,MIL,116,101
2021-04-08,UTA,POR,122,103
2021-04-08,LAC,PHX,113,103
2021-04-08,SAC,DET,101,113
2021-04-09,ORL,IND,106,111
2021-04-09,NYK,MEM,133,129
2021-04-09,BOS,MIN,145,136
2021-04-09,NOP,PHI,101,94
2021-04-09,ATL,CHI,120,108
2021-04-09,DEN,SAS,121,119
2021-04-09,MIL,CHA,119,127
2021-04-09,LAC,HOU,126,109
2021-04-09,GSW,WAS,107,110
2021-04-10,CLE,TOR,115,135
2021-04-10,BKN,LAL,101,126
2021-04-10,OKC,PHI,93,117
2021-04-10,UTA,SAC,128,112
2021-04-10,PHX,WAS,134,106
2021-04-10,POR,DET,118,103
2021-04-10,GSW,HOU,125,109
2021-04-11,CHA,ATL,101,105
2021-04-11,DEN,BOS,87,105
2021-04-11,CLE,NOP,109,116
2021-04-11,ORL,MIL,87,124
2021-04-11,DAL,SAS,117,119
2021-04-11,NYK,TOR,102,96
2021-04-11,MEM,IND,125,132
2021-04-11,MIN,CHI,121,117
2021-04-11,POR,MIA,98,107
2021-04-11,LAC,DET,131,124
2021-04-12,DAL,PHI,95,113
2021-04-12,NYK,LAL,111,96
2021-04-12,ORL,SAS,97,120
2021-04-12,UTA,WAS,121,125
2021-04-12,MEM,CHI,101,90
2021-04-12,NOP,SAC,117,110
2021-04-12,GSW,DEN,116,107
2021-04-12,PHX,HOU,126,120
2021-04-13,MIN,BKN,97,127
2021-04-13,TOR,ATL,103,108
2021-04-13,IND,LAC,115,126
2021-04-13,CHA,LAL,93,101
2021-04-13,UTA,OKC,106,96
2021-04-13,PHX,MIA,106,86
2021-04-13,POR,BOS,115,116
2021-04-14,MIN,MIL,105,130
2021-04-14,CHA,CLE,90,103
2021-04-14,PHI,BKN,123,117
2021-04-14,TOR,SAS,117,112
2021-04-14,DET,LAC,98,100
2021-04-14,NOP,NYK,106,116
2021-04-14,CHI,ORL,106,115
2021-04-14,OKC,GSW,109,147
2021-04-14,HOU,IND,124,132
2021-04-14,MEM,DAL,113,114
2021-04-14,DEN,MIA,123,106
2021-04-14,SAC,WAS,111,123
2021-04-15,ATL,MIL,109,120
2021-04-15,CLE,GSW,101,119
2021-04-15,LAL,BOS,113,121
2021-04-15,PHX,SAC,122,114
2021-04-16,UTA,IND,119,111
2021-04-16,DET,OKC,110,104
2021-04-16,WAS,NOP,117,115
2021-04-16,PHI,LAC,106,103
2021-04-16,BKN,CHA,130,115
2021-04-16,TOR,ORL,113,102
2021-04-16,MIN,MIA,119,111
2021-04-16,HOU,DEN,99,128
2021-04-16,CHI,MEM,115,126
2021-04-16,SAS,POR,106,107
2021-04-16,DAL,NYK,109,117
2021-04-17,LAL,UTA,127,115
2021-04-17,WAS,DET,121,100
2021-04-17,CHI,CLE,106,96
2021-04-17,BOS,GSW,119,114
2021-04-17,MIL,MEM,115,128
2021-04-17,PHX,SAS,85,111
2021-04-18,NYK,NOP,122,112
2021-04-18,ATL,IND,129,117
2021-04-18,MIA,BKN,109,107
2021-04-18,ORL,HOU,110,114
2021-04-18,CHA,POR,109,101
2021-04-18,TOR,OKC,112,106
2021-04-18,DAL,SAC,107,121
2021-04-18,LAC,MIN,124,105
2021-04-19,DET,CLE,109,105
2021-04-19,BOS,CHI,96,102
2021-04-19,PHI,GSW,96,107
2021-04-19,IND,SAS,94,109
2021-04-19,WAS,OKC,119,107
2021-04-19,MIL,PHX,127,128
2021-04-19,MIA,HOU,113,91
2021-04-19,DEN,MEM,139,137
2021-04-19,LAL,UTA,97,111
2021-04-20,NYK,CHA,109,97
2021-04-20,NOP,BKN,129,134
2021-04-20,ATL,ORL,112,96
2021-04-20,SAC,MIN,120,134
2021-04-20,POR,LAC,112,113
2021-04-21,WAS,GSW,118,114
2021-04-21,CLE,CHI,121,105
2021-04-21,TOR,BKN,114,103
2021-04-21,PHI,PHX,113,116
2021-04-21,IND,OKC,122,116
2021-04-21,NYK,ATL,137,127
2021-04-21,HOU,UTA,89,112
2021-04-21,DAL,DET,127,117
2021-04-21,SAS,MIA,87,107
2021-04-21,LAC,MEM,117,105
2021-04-21,SAC,MIN,128,125
2021-04-21,POR,DEN,105,106
2021-04-22,BOS,PHX,99,86
2021-04-22,ORL,NOP,100,135
2021-04-22,MIL,PHI,124,117
2021-04-22,SAS,DET,106,91
2021-04-22,CHI,CHA,108,91
2021-04-22,DAL,LAL,115,110
2021-04-23,BKN,BOS,109,104
2021-04-23,ATL,MIA,118,103
2021-04-23,HOU,LAC,104,109
2021-04-23,CHA,CLE,108,102
2021-04-23,OKC,WAS,109,129
2021-04-23,GSW,DEN,118,97
2021-04-23,POR,MEM,128,130
2021-04-24,NYK,TOR,120,103
2021-04-24,MIL,PHI,132,94
2021-04-24,IND,DET,115,109
2021-04-24,NOP,SAS,108,110
2021-04-24,MIA,CHI,106,101
2021-04-24,DAL,LAL,108,93
2021-04-24,UTA,MIN,96,101
2021-04-24,DEN,HOU,129,116
2021-04-25,CHA,BOS,125,104
2021-04-25,BKN,PHX,128,119
2021-04-25,POR,MEM,113,120
2021-04-25,WAS,CLE,119,110
2021-04-25,ATL,MIL,111,104
2021-04-25,ORL,IND,112,131
2021-04-25,GSW,SAC,117,113
2021-04-26,WAS,SAS,143,146
2021-04-26,PHI,OKC,121,90
2021-04-26,ORL,LAL,103,114
2021-04-26,DET,ATL,100,86
2021-04-26,NYK,PHX,110,118
2021-04-26,TOR,CLE,112,96
2021-04-26,NOP,LAC,120,103
2021-04-26,MIA,CHI,102,110
2021-04-26,MIN,UTA,105,104
2021-04-26,DEN,MEM,120,96
2021-04-26,SAC,DAL,113,106
2021-04-27,CHA,MIL,104,114
2021-04-27,IND,POR,112,133
2021-04-27,BOS,OKC,115,119
2021-04-27,TOR,BKN,103,116
2021-04-27,HOU,MIN,107,114
2021-04-27,GSW,DAL,103,133
2021-04-28,CLE,ORL,104,109
2021-04-28,PHI,ATL,127,83
2021-04-28,WAS,LAL,116,107
2021-04-28,BOS,CHA,120,111
2021-04-28,NYK,CHI,113,94
2021-04-28,MIA,SAS,116,111
2021-04-28,MEM,POR,109,130
2021-04-28,DEN,NOP,114,112
2021-04-28,SAC,UTA,105,154
2021-04-28,PHX,LAC,109,101
2021-04-29,DET,DAL,105,115
2021-04-29,IND,BKN,113,130
2021-04-29,MIN,GSW,126,114
2021-04-29,HOU,MIL,143,136
2021-04-29,OKC,NOP,95,109
2021-04-29,DEN,TOR,121,111
2021-04-30,PHI,ATL,126,104
2021-04-30,CLE,WAS,93,122
2021-04-30,BOS,SAS,143,140
2021-04-30,BKN,POR,109,128
2021-04-30,MEM,ORL,92,75
2021-04-30,CHI,MIL,98,108
2021-04-30,PHX,UTA,121,100
2021-04-30,LAL,SAC,106,110
2021-05-01,CHA,DET,107,94
2021-05-01,HOU,GSW,87,113
2021-05-01,CLE,MIA,107,124
2021-05-01,OKC,IND,95,152
2021-05-01,MIN,NOP,136,140
2021-05-01,ORL,MEM,112,111
2021-05-01,ATL,CHI,108,97
2021-05-01,DAL,WAS,125,124
2021-05-01,LAC,DEN,104,110
2021-05-01,UTA,TOR,106,102
2021-05-02,MIL,BKN,117,114
2021-05-02,BOS,POR,119,129
2021-05-02,CHA,MIA,111,121
2021-05-02,SAS,PHI,111,113
2021-05-02,OKC,PHX,120,123
2021-05-02,DAL,SAC,99,111
2021-05-02,HOU,NYK,97,122
2021-05-02,LAL,TOR,114,121
2021-05-03,WAS,IND,154,141
2021-05-03,DET,ORL,112,119
2021-05-03,NOP,GSW,108,123
2021-05-03,ATL,POR,123,114
2021-05-03,CHI,PHI,94,106
2021-05-03,MEM,NYK,104,118
2021-05-03,UTA,SAS,110,99
2021-05-03,LAL,DEN,93,89
2021-05-04,DET,CHA,99,102
2021-05-04,CLE,PHX,118,134
2021-05-04,MIL,BKN,124,118
2021-05-04,MIA,DAL,113,127
2021-05-04,NOP,GSW,108,103
2021-05-04,OKC,SAC,99,103
2021-05-04,LAC,TOR,105,100
2021-05-05,ORL,BOS,96,132
2021-05-05,CLE,POR,105,141
2021-05-05,ATL,PHX,135,103
2021-05-05,IND,SAC,93,104
2021-05-05,HOU,PHI,115,135
2021-05-05,MIL,WAS,135,134
2021-05-05,MIN,MEM,135,139
2021-05-05,UTA,SAS,126,94
2021-05-05,DEN,NYK,113,97
2021-05-06,CHA,CHI,99,120
2021-05-06,DAL,BKN,113,109
2021-05-06,TOR,WAS,129,131
2021-05-06,IND,ATL,133,126
2021-05-06,DET,MEM,111,97
2021-05-06,LAC,LAL,118,94
2021-05-06,GSW,OKC,118,97
2021-05-07,PHI,NOP,109,107
2021-05-07,CHI,BOS,121,99
2021-05-07,MIA,MIN,121,112
2021-05-07,CHA,ORL,122,112
2021-05-07,MIL,HOU,141,133
2021-05-07,DAL,CLE,110,90
2021-05-07,UTA,DEN,127,120
2021-05-07,SAC,SAS,104,113
2021-05-07,PHX,NYK,128,105
2021-05-07,POR,LAL,106,101
2021-05-08,PHI,DET,118,104
2021-05-08,IND,WAS,132,133
2021-05-08,TOR,MEM,99,109
2021-05-08,POR,SAS,124,102
2021-05-08,UTA,HOU,124,116
2021-05-08,GSW,OKC,136,97
2021-05-08,DEN,BKN,119,125
2021-05-09,BOS,MIA,124,130
2021-05-09,LAC,NYK,100,106
2021-05-09,CHA,NOP,110,112
2021-05-09,ORL,MIN,96,128
2021-05-09,CLE,DAL,97,124
2021-05-09,DET,CHI,96,108
2021-05-09,LAL,PHX,123,110
2021-05-09,SAC,OKC,126,98
2021-05-10,CLE,IND,102,111
2021-05-10,ATL,WAS,125,124
2021-05-10,MEM,NOP,115,110
2021-05-10,SAS,MIL,146,125
2021-05-10,GSW,UTA,119,116
2021-05-10,POR,HOU,140,129
2021-05-11,CHA,DEN,112,117
2021-05-11,DET,MIN,100,119
2021-05-11,TOR,LAC,96,115
2021-05-11,BOS,MIA,121,129
2021-05-11,MEM,DAL,133,104
2021-05-11,IND,PHI,103,94
2021-05-11,CHI,BKN,107,115
2021-05-11,MIL,ORL,114,102
2021-05-11,LAL,NYK,101,99
2021-05-11,SAC,OKC,122,106
2021-05-11,GSW,PHX,122,116
2021-05-12,ATL,WAS,120,116
2021-05-12,BKN,SAS,128,116
2021-05-12,CLE,BOS,102,94
2021-05-12,DAL,NOP,125,107
2021-05-12,UTA,POR,98,105
2021-05-12,LAL,HOU,124,122
2021-05-13,IND,MIL,133,142
2021-05-13,CHA,LAC,90,113
2021-05-13,ATL,ORL,116,93
2021-05-13,MIA,PHI,106,94
2021-05-13,NYK,SAS,102,98
2021-05-13,CHI,TOR,114,102
2021-05-13,MEM,SAC,116,110
2021-05-13,MIN,DEN,103,114
2021-05-13,PHX,POR,118,117
2021-05-14,WAS,CLE,120,105
2021-05-14,PHI,ORL,122,97
2021-05-14,DET,DEN,91,104
2021-05-14,OKC,UTA,93,109
2021-05-14,DAL,TOR,114,110
2021-05-14,HOU,LAC,122,115
2021-05-14,MEM,SAC,107,106
2021-05-14,GSW,NOP,125,122
2021-05-15,BKN,CHI,105,91
2021-05-15,NYK,CHA,118,109
2021-05-15,IND,LAL,115,122
2021-05-15,MIN,BOS,108,124
2021-05-15,SAS,PHX,103,140
2021-05-15,MIL,MIA,122,108
2021-05-16,TOR,IND,113,125
2021-05-16,WAS,CHA,115,110
2021-05-16,NYK,BOS,96,92
2021-05-16,SAS,PHX,121,123
2021-05-16,GSW,MEM,113,101
2021-05-16,PHI,ORL,128,117
2021-05-16,BKN,CLE,123,109
2021-05-16,ATL,HOU,124,95
2021-05-16,DET,MIA,107,120
2021-05-16,NOP,LAL,98,110
2021-05-16,MIN,DAL,136,121
2021-05-16,CHI,MIL,118,112
2021-05-16,POR,DEN,132,116
2021-05-16,SAC,UTA,99,121
2021-05-16,OKC,LAC,117,112
